surface,method,noise,progress
HIP,CS²-GAD,0.1,9.0
HIP,CS²-GAD,0.1,10.0
HIP,CS²-GAD,0.1,10.0
HIP,CS²-GAD,0.1,10.0
HIP,CS²-GAD,0.1,11.0
HIP,CS²-GAD,0.1,11.0
HIP,CS²-GAD,0.1,11.0
HIP,CS²-GAD,0.1,11.0
HIP,CS²-GAD,0.1,11.0
HIP,CS²-GAD,0.1,11.0
HIP,CS²-GAD,0.1,11.0
HIP,CS²-GAD,0.1,11.0
HIP,CS²-GAD,0.1,11.0
HIP,CS²-GAD,0.1,12.0
HIP,CS²-GAD,0.1,12.0
HIP,CS²-GAD,0.1,12.0
HIP,CS²-GAD,0.1,12.0
HIP,CS²-GAD,0.1,12.0
HIP,CS²-GAD,0.1,12.0
HIP,CS²-GAD,0.1,12.0
HIP,CS²-GAD,0.1,12.0
HIP,CS²-GAD,0.1,12.0
HIP,CS²-GAD,0.1,12.0
HIP,CS²-GAD,0.1,12.0
HIP,CS²-GAD,0.1,12.0
HIP,CS²-GAD,0.1,12.0
HIP,CS²-GAD,0.1,13.0
HIP,CS²-GAD,0.1,13.0
HIP,CS²-GAD,0.1,13.0
HIP,CS²-GAD,0.1,13.0
HIP,CS²-GAD,0.1,13.0
HIP,CS²-GAD,0.1,13.0
HIP,CS²-GAD,0.1,13.0
HIP,CS²-GAD,0.1,13.0
HIP,CS²-GAD,0.1,13.0
HIP,CS²-GAD,0.1,13.0
HIP,CS²-GAD,0.1,13.0
HIP,CS²-GAD,0.1,13.0
HIP,CS²-GAD,0.1,13.0
HIP,CS²-GAD,0.1,13.0
HIP,CS²-GAD,0.1,13.0
HIP,CS²-GAD,0.1,13.0
HIP,CS²-GAD,0.1,13.0
HIP,CS²-GAD,0.1,13.0
HIP,CS²-GAD,0.1,13.0
HIP,CS²-GAD,0.1,13.0
HIP,CS²-GAD,0.1,13.0
HIP,CS²-GAD,0.1,13.0
HIP,CS²-GAD,0.1,14.0
HIP,CS²-GAD,0.1,14.0
HIP,CS²-GAD,0.1,14.0
HIP,CS²-GAD,0.1,14.0
HIP,CS²-GAD,0.1,14.0
HIP,CS²-GAD,0.1,14.0
HIP,CS²-GAD,0.1,14.0
HIP,CS²-GAD,0.1,14.0
HIP,CS²-GAD,0.1,14.0
HIP,CS²-GAD,0.1,14.0
HIP,CS²-GAD,0.1,14.0
HIP,CS²-GAD,0.1,14.0
HIP,CS²-GAD,0.1,14.0
HIP,CS²-GAD,0.1,14.0
HIP,CS²-GAD,0.1,14.0
HIP,CS²-GAD,0.1,14.0
HIP,CS²-GAD,0.1,14.0
HIP,CS²-GAD,0.1,14.0
HIP,CS²-GAD,0.1,14.0
HIP,CS²-GAD,0.1,14.0
HIP,CS²-GAD,0.1,14.0
HIP,CS²-GAD,0.1,14.0
HIP,CS²-GAD,0.1,14.0
HIP,CS²-GAD,0.1,14.0
HIP,CS²-GAD,0.1,14.0
HIP,CS²-GAD,0.1,14.0
HIP,CS²-GAD,0.1,14.0
HIP,CS²-GAD,0.1,14.0
HIP,CS²-GAD,0.1,14.0
HIP,CS²-GAD,0.1,14.0
HIP,CS²-GAD,0.1,14.0
HIP,CS²-GAD,0.1,14.0
HIP,CS²-GAD,0.1,14.0
HIP,CS²-GAD,0.1,15.0
HIP,CS²-GAD,0.1,15.0
HIP,CS²-GAD,0.1,15.0
HIP,CS²-GAD,0.1,15.0
HIP,CS²-GAD,0.1,15.0
HIP,CS²-GAD,0.1,15.0
HIP,CS²-GAD,0.1,15.0
HIP,CS²-GAD,0.1,15.0
HIP,CS²-GAD,0.1,15.0
HIP,CS²-GAD,0.1,15.0
HIP,CS²-GAD,0.1,15.0
HIP,CS²-GAD,0.1,15.0
HIP,CS²-GAD,0.1,15.0
HIP,CS²-GAD,0.1,15.0
HIP,CS²-GAD,0.1,15.0
HIP,CS²-GAD,0.1,15.0
HIP,CS²-GAD,0.1,15.0
HIP,CS²-GAD,0.1,15.0
HIP,CS²-GAD,0.1,15.0
HIP,CS²-GAD,0.1,15.0
HIP,CS²-GAD,0.1,15.0
HIP,CS²-GAD,0.1,15.0
HIP,CS²-GAD,0.1,15.0
HIP,CS²-GAD,0.1,15.0
HIP,CS²-GAD,0.1,15.0
HIP,CS²-GAD,0.1,15.0
HIP,CS²-GAD,0.1,15.0
HIP,CS²-GAD,0.1,15.0
HIP,CS²-GAD,0.1,15.0
HIP,CS²-GAD,0.1,15.0
HIP,CS²-GAD,0.1,15.0
HIP,CS²-GAD,0.1,15.0
HIP,CS²-GAD,0.1,16.0
HIP,CS²-GAD,0.1,16.0
HIP,CS²-GAD,0.1,16.0
HIP,CS²-GAD,0.1,16.0
HIP,CS²-GAD,0.1,16.0
HIP,CS²-GAD,0.1,16.0
HIP,CS²-GAD,0.1,16.0
HIP,CS²-GAD,0.1,16.0
HIP,CS²-GAD,0.1,16.0
HIP,CS²-GAD,0.1,16.0
HIP,CS²-GAD,0.1,16.0
HIP,CS²-GAD,0.1,16.0
HIP,CS²-GAD,0.1,16.0
HIP,CS²-GAD,0.1,16.0
HIP,CS²-GAD,0.1,16.0
HIP,CS²-GAD,0.1,16.0
HIP,CS²-GAD,0.1,16.0
HIP,CS²-GAD,0.1,16.0
HIP,CS²-GAD,0.1,16.0
HIP,CS²-GAD,0.1,16.0
HIP,CS²-GAD,0.1,16.0
HIP,CS²-GAD,0.1,16.0
HIP,CS²-GAD,0.1,17.0
HIP,CS²-GAD,0.1,17.0
HIP,CS²-GAD,0.1,17.0
HIP,CS²-GAD,0.1,17.0
HIP,CS²-GAD,0.1,17.0
HIP,CS²-GAD,0.1,17.0
HIP,CS²-GAD,0.1,17.0
HIP,CS²-GAD,0.1,17.0
HIP,CS²-GAD,0.1,17.0
HIP,CS²-GAD,0.1,17.0
HIP,CS²-GAD,0.1,17.0
HIP,CS²-GAD,0.1,17.0
HIP,CS²-GAD,0.1,17.0
HIP,CS²-GAD,0.1,17.0
HIP,CS²-GAD,0.1,17.0
HIP,CS²-GAD,0.1,17.0
HIP,CS²-GAD,0.1,17.0
HIP,CS²-GAD,0.1,17.0
HIP,CS²-GAD,0.1,18.0
HIP,CS²-GAD,0.1,18.0
HIP,CS²-GAD,0.1,18.0
HIP,CS²-GAD,0.1,18.0
HIP,CS²-GAD,0.1,18.0
HIP,CS²-GAD,0.1,18.0
HIP,CS²-GAD,0.1,18.0
HIP,CS²-GAD,0.1,18.0
HIP,CS²-GAD,0.1,18.0
HIP,CS²-GAD,0.1,18.0
HIP,CS²-GAD,0.1,18.0
HIP,CS²-GAD,0.1,19.0
HIP,CS²-GAD,0.1,19.0
HIP,CS²-GAD,0.1,19.0
HIP,CS²-GAD,0.1,19.0
HIP,CS²-GAD,0.1,19.0
HIP,CS²-GAD,0.1,19.0
HIP,CS²-GAD,0.1,19.0
HIP,CS²-GAD,0.1,19.0
HIP,CS²-GAD,0.1,20.0
HIP,CS²-GAD,0.1,20.0
HIP,CS²-GAD,0.1,20.0
HIP,CS²-GAD,0.1,20.0
HIP,CS²-GAD,0.1,20.0
HIP,CS²-GAD,0.1,20.0
HIP,CS²-GAD,0.1,20.0
HIP,CS²-GAD,0.1,21.0
HIP,CS²-GAD,0.1,21.0
HIP,CS²-GAD,0.1,21.0
HIP,CS²-GAD,0.1,22.0
HIP,CS²-GAD,0.1,22.0
HIP,CS²-GAD,0.1,22.0
HIP,CS²-GAD,0.1,23.0
HIP,CS²-GAD,0.1,23.0
HIP,CS²-GAD,0.1,23.0
HIP,CS²-GAD,0.1,24.0
HIP,CS²-GAD,0.1,24.0
HIP,CS²-GAD,0.1,25.0
HIP,CS²-GAD,0.1,25.0
HIP,CS²-GAD,0.1,26.0
HIP,CS²-GAD,0.1,26.0
HIP,CS²-GAD,0.1,28.0
HIP,CS²-GAD,0.1,30.0
HIP,CS²-GAD,0.1,31.0
HIP,CS²-GAD,0.1,44.0
HIP,CS²-GAD,0.1,49.0
HIP,CS²-GAD,0.1,62.0
HIP,CS²-GAD,0.1,64.0
HIP,CS²-GAD,0.1,109.0
HIP,CS²-GAD,0.15,13.0
HIP,CS²-GAD,0.15,13.0
HIP,CS²-GAD,0.15,14.0
HIP,CS²-GAD,0.15,14.0
HIP,CS²-GAD,0.15,14.0
HIP,CS²-GAD,0.15,14.0
HIP,CS²-GAD,0.15,14.0
HIP,CS²-GAD,0.15,14.0
HIP,CS²-GAD,0.15,15.0
HIP,CS²-GAD,0.15,15.0
HIP,CS²-GAD,0.15,15.0
HIP,CS²-GAD,0.15,15.0
HIP,CS²-GAD,0.15,15.0
HIP,CS²-GAD,0.15,15.0
HIP,CS²-GAD,0.15,16.0
HIP,CS²-GAD,0.15,16.0
HIP,CS²-GAD,0.15,16.0
HIP,CS²-GAD,0.15,16.0
HIP,CS²-GAD,0.15,16.0
HIP,CS²-GAD,0.15,16.0
HIP,CS²-GAD,0.15,16.0
HIP,CS²-GAD,0.15,16.0
HIP,CS²-GAD,0.15,16.0
HIP,CS²-GAD,0.15,16.0
HIP,CS²-GAD,0.15,16.0
HIP,CS²-GAD,0.15,16.0
HIP,CS²-GAD,0.15,17.0
HIP,CS²-GAD,0.15,17.0
HIP,CS²-GAD,0.15,17.0
HIP,CS²-GAD,0.15,17.0
HIP,CS²-GAD,0.15,17.0
HIP,CS²-GAD,0.15,17.0
HIP,CS²-GAD,0.15,17.0
HIP,CS²-GAD,0.15,17.0
HIP,CS²-GAD,0.15,17.0
HIP,CS²-GAD,0.15,18.0
HIP,CS²-GAD,0.15,18.0
HIP,CS²-GAD,0.15,18.0
HIP,CS²-GAD,0.15,18.0
HIP,CS²-GAD,0.15,18.0
HIP,CS²-GAD,0.15,18.0
HIP,CS²-GAD,0.15,18.0
HIP,CS²-GAD,0.15,18.0
HIP,CS²-GAD,0.15,18.0
HIP,CS²-GAD,0.15,18.0
HIP,CS²-GAD,0.15,18.0
HIP,CS²-GAD,0.15,18.0
HIP,CS²-GAD,0.15,19.0
HIP,CS²-GAD,0.15,19.0
HIP,CS²-GAD,0.15,19.0
HIP,CS²-GAD,0.15,19.0
HIP,CS²-GAD,0.15,19.0
HIP,CS²-GAD,0.15,19.0
HIP,CS²-GAD,0.15,19.0
HIP,CS²-GAD,0.15,19.0
HIP,CS²-GAD,0.15,19.0
HIP,CS²-GAD,0.15,19.0
HIP,CS²-GAD,0.15,20.0
HIP,CS²-GAD,0.15,20.0
HIP,CS²-GAD,0.15,20.0
HIP,CS²-GAD,0.15,20.0
HIP,CS²-GAD,0.15,20.0
HIP,CS²-GAD,0.15,20.0
HIP,CS²-GAD,0.15,20.0
HIP,CS²-GAD,0.15,20.0
HIP,CS²-GAD,0.15,20.0
HIP,CS²-GAD,0.15,20.0
HIP,CS²-GAD,0.15,20.0
HIP,CS²-GAD,0.15,21.0
HIP,CS²-GAD,0.15,21.0
HIP,CS²-GAD,0.15,21.0
HIP,CS²-GAD,0.15,21.0
HIP,CS²-GAD,0.15,21.0
HIP,CS²-GAD,0.15,21.0
HIP,CS²-GAD,0.15,21.0
HIP,CS²-GAD,0.15,21.0
HIP,CS²-GAD,0.15,21.0
HIP,CS²-GAD,0.15,21.0
HIP,CS²-GAD,0.15,21.0
HIP,CS²-GAD,0.15,21.0
HIP,CS²-GAD,0.15,21.0
HIP,CS²-GAD,0.15,21.0
HIP,CS²-GAD,0.15,21.0
HIP,CS²-GAD,0.15,21.0
HIP,CS²-GAD,0.15,21.0
HIP,CS²-GAD,0.15,21.0
HIP,CS²-GAD,0.15,22.0
HIP,CS²-GAD,0.15,22.0
HIP,CS²-GAD,0.15,22.0
HIP,CS²-GAD,0.15,22.0
HIP,CS²-GAD,0.15,22.0
HIP,CS²-GAD,0.15,22.0
HIP,CS²-GAD,0.15,22.0
HIP,CS²-GAD,0.15,22.0
HIP,CS²-GAD,0.15,22.0
HIP,CS²-GAD,0.15,22.0
HIP,CS²-GAD,0.15,22.0
HIP,CS²-GAD,0.15,22.0
HIP,CS²-GAD,0.15,22.0
HIP,CS²-GAD,0.15,22.0
HIP,CS²-GAD,0.15,22.0
HIP,CS²-GAD,0.15,22.0
HIP,CS²-GAD,0.15,22.0
HIP,CS²-GAD,0.15,22.0
HIP,CS²-GAD,0.15,23.0
HIP,CS²-GAD,0.15,23.0
HIP,CS²-GAD,0.15,23.0
HIP,CS²-GAD,0.15,23.0
HIP,CS²-GAD,0.15,23.0
HIP,CS²-GAD,0.15,23.0
HIP,CS²-GAD,0.15,23.0
HIP,CS²-GAD,0.15,23.0
HIP,CS²-GAD,0.15,23.0
HIP,CS²-GAD,0.15,23.0
HIP,CS²-GAD,0.15,23.0
HIP,CS²-GAD,0.15,23.0
HIP,CS²-GAD,0.15,23.0
HIP,CS²-GAD,0.15,24.0
HIP,CS²-GAD,0.15,24.0
HIP,CS²-GAD,0.15,24.0
HIP,CS²-GAD,0.15,24.0
HIP,CS²-GAD,0.15,24.0
HIP,CS²-GAD,0.15,24.0
HIP,CS²-GAD,0.15,24.0
HIP,CS²-GAD,0.15,25.0
HIP,CS²-GAD,0.15,25.0
HIP,CS²-GAD,0.15,25.0
HIP,CS²-GAD,0.15,26.0
HIP,CS²-GAD,0.15,26.0
HIP,CS²-GAD,0.15,26.0
HIP,CS²-GAD,0.15,26.0
HIP,CS²-GAD,0.15,26.0
HIP,CS²-GAD,0.15,27.0
HIP,CS²-GAD,0.15,27.0
HIP,CS²-GAD,0.15,27.0
HIP,CS²-GAD,0.15,27.0
HIP,CS²-GAD,0.15,28.0
HIP,CS²-GAD,0.15,29.0
HIP,CS²-GAD,0.15,29.0
HIP,CS²-GAD,0.15,30.0
HIP,CS²-GAD,0.15,31.0
HIP,CS²-GAD,0.15,32.0
HIP,CS²-GAD,0.15,32.0
HIP,CS²-GAD,0.15,33.0
HIP,CS²-GAD,0.15,33.0
HIP,CS²-GAD,0.15,35.0
HIP,CS²-GAD,0.15,36.0
HIP,CS²-GAD,0.15,38.0
HIP,CS²-GAD,0.15,42.0
HIP,CS²-GAD,0.15,51.0
HIP,CS²-GAD,0.15,52.0
HIP,CS²-GAD,0.15,54.0
HIP,CS²-GAD,0.15,57.0
HIP,CS²-GAD,0.15,73.0
HIP,CS²-GAD,0.15,86.0
HIP,CS²-GAD,0.15,114.0
HIP,CS²-GAD,0.15,114.0
HIP,CS²-GAD,0.2,17.0
HIP,CS²-GAD,0.2,17.0
HIP,CS²-GAD,0.2,18.0
HIP,CS²-GAD,0.2,19.0
HIP,CS²-GAD,0.2,19.0
HIP,CS²-GAD,0.2,19.0
HIP,CS²-GAD,0.2,19.0
HIP,CS²-GAD,0.2,20.0
HIP,CS²-GAD,0.2,20.0
HIP,CS²-GAD,0.2,20.0
HIP,CS²-GAD,0.2,20.0
HIP,CS²-GAD,0.2,20.0
HIP,CS²-GAD,0.2,20.0
HIP,CS²-GAD,0.2,20.0
HIP,CS²-GAD,0.2,20.0
HIP,CS²-GAD,0.2,21.0
HIP,CS²-GAD,0.2,21.0
HIP,CS²-GAD,0.2,21.0
HIP,CS²-GAD,0.2,21.0
HIP,CS²-GAD,0.2,21.0
HIP,CS²-GAD,0.2,21.0
HIP,CS²-GAD,0.2,21.0
HIP,CS²-GAD,0.2,22.0
HIP,CS²-GAD,0.2,22.0
HIP,CS²-GAD,0.2,22.0
HIP,CS²-GAD,0.2,22.0
HIP,CS²-GAD,0.2,22.0
HIP,CS²-GAD,0.2,23.0
HIP,CS²-GAD,0.2,23.0
HIP,CS²-GAD,0.2,23.0
HIP,CS²-GAD,0.2,23.0
HIP,CS²-GAD,0.2,23.0
HIP,CS²-GAD,0.2,23.0
HIP,CS²-GAD,0.2,23.0
HIP,CS²-GAD,0.2,23.0
HIP,CS²-GAD,0.2,24.0
HIP,CS²-GAD,0.2,24.0
HIP,CS²-GAD,0.2,24.0
HIP,CS²-GAD,0.2,24.0
HIP,CS²-GAD,0.2,24.0
HIP,CS²-GAD,0.2,24.0
HIP,CS²-GAD,0.2,25.0
HIP,CS²-GAD,0.2,25.0
HIP,CS²-GAD,0.2,25.0
HIP,CS²-GAD,0.2,25.0
HIP,CS²-GAD,0.2,25.0
HIP,CS²-GAD,0.2,25.0
HIP,CS²-GAD,0.2,26.0
HIP,CS²-GAD,0.2,26.0
HIP,CS²-GAD,0.2,26.0
HIP,CS²-GAD,0.2,26.0
HIP,CS²-GAD,0.2,26.0
HIP,CS²-GAD,0.2,26.0
HIP,CS²-GAD,0.2,26.0
HIP,CS²-GAD,0.2,27.0
HIP,CS²-GAD,0.2,27.0
HIP,CS²-GAD,0.2,27.0
HIP,CS²-GAD,0.2,27.0
HIP,CS²-GAD,0.2,27.0
HIP,CS²-GAD,0.2,27.0
HIP,CS²-GAD,0.2,28.0
HIP,CS²-GAD,0.2,28.0
HIP,CS²-GAD,0.2,28.0
HIP,CS²-GAD,0.2,28.0
HIP,CS²-GAD,0.2,28.0
HIP,CS²-GAD,0.2,28.0
HIP,CS²-GAD,0.2,28.0
HIP,CS²-GAD,0.2,29.0
HIP,CS²-GAD,0.2,29.0
HIP,CS²-GAD,0.2,29.0
HIP,CS²-GAD,0.2,29.0
HIP,CS²-GAD,0.2,29.0
HIP,CS²-GAD,0.2,29.0
HIP,CS²-GAD,0.2,29.0
HIP,CS²-GAD,0.2,29.0
HIP,CS²-GAD,0.2,30.0
HIP,CS²-GAD,0.2,30.0
HIP,CS²-GAD,0.2,30.0
HIP,CS²-GAD,0.2,31.0
HIP,CS²-GAD,0.2,31.0
HIP,CS²-GAD,0.2,31.0
HIP,CS²-GAD,0.2,32.0
HIP,CS²-GAD,0.2,33.0
HIP,CS²-GAD,0.2,33.0
HIP,CS²-GAD,0.2,34.0
HIP,CS²-GAD,0.2,34.0
HIP,CS²-GAD,0.2,34.0
HIP,CS²-GAD,0.2,34.0
HIP,CS²-GAD,0.2,35.0
HIP,CS²-GAD,0.2,35.0
HIP,CS²-GAD,0.2,37.0
HIP,CS²-GAD,0.2,37.0
HIP,CS²-GAD,0.2,39.0
HIP,CS²-GAD,0.2,39.0
HIP,CS²-GAD,0.2,39.0
HIP,CS²-GAD,0.2,40.0
HIP,CS²-GAD,0.2,42.0
HIP,CS²-GAD,0.2,43.0
HIP,CS²-GAD,0.2,49.0
HIP,CS²-GAD,0.2,52.0
HIP,CS²-GAD,0.2,55.0
HIP,CS²-GAD,0.2,60.0
HIP,CS²-GAD,0.2,73.0
HIP,CS²-GAD,0.2,92.0
HIP,CS²-GAD,0.2,110.0
HIP,CS²-GAD,0.2,138.0
HIP,CS²-GAD,0.2,150.0
HIP,CS²-GAD,0.2,183.0
HIP,CS²-GAD,0.2,206.0
HIP,CS²-GAD,0.2,239.0
HIP,CS²-GAD,0.2,264.0
HIP,Plain GAD dt=.003,0.01,72.0
HIP,Plain GAD dt=.003,0.01,77.0
HIP,Plain GAD dt=.003,0.01,79.0
HIP,Plain GAD dt=.003,0.01,80.0
HIP,Plain GAD dt=.003,0.01,80.0
HIP,Plain GAD dt=.003,0.01,85.0
HIP,Plain GAD dt=.003,0.01,86.0
HIP,Plain GAD dt=.003,0.01,86.0
HIP,Plain GAD dt=.003,0.01,86.0
HIP,Plain GAD dt=.003,0.01,88.0
HIP,Plain GAD dt=.003,0.01,89.0
HIP,Plain GAD dt=.003,0.01,90.0
HIP,Plain GAD dt=.003,0.01,92.0
HIP,Plain GAD dt=.003,0.01,93.0
HIP,Plain GAD dt=.003,0.01,94.0
HIP,Plain GAD dt=.003,0.01,97.0
HIP,Plain GAD dt=.003,0.01,98.0
HIP,Plain GAD dt=.003,0.01,99.0
HIP,Plain GAD dt=.003,0.01,99.0
HIP,Plain GAD dt=.003,0.01,99.0
HIP,Plain GAD dt=.003,0.01,100.0
HIP,Plain GAD dt=.003,0.01,100.0
HIP,Plain GAD dt=.003,0.01,100.0
HIP,Plain GAD dt=.003,0.01,101.0
HIP,Plain GAD dt=.003,0.01,103.0
HIP,Plain GAD dt=.003,0.01,104.0
HIP,Plain GAD dt=.003,0.01,105.0
HIP,Plain GAD dt=.003,0.01,108.0
HIP,Plain GAD dt=.003,0.01,108.0
HIP,Plain GAD dt=.003,0.01,109.0
HIP,Plain GAD dt=.003,0.01,109.0
HIP,Plain GAD dt=.003,0.01,110.0
HIP,Plain GAD dt=.003,0.01,111.0
HIP,Plain GAD dt=.003,0.01,111.0
HIP,Plain GAD dt=.003,0.01,112.0
HIP,Plain GAD dt=.003,0.01,112.0
HIP,Plain GAD dt=.003,0.01,112.0
HIP,Plain GAD dt=.003,0.01,113.0
HIP,Plain GAD dt=.003,0.01,113.0
HIP,Plain GAD dt=.003,0.01,114.0
HIP,Plain GAD dt=.003,0.01,115.0
HIP,Plain GAD dt=.003,0.01,115.0
HIP,Plain GAD dt=.003,0.01,115.0
HIP,Plain GAD dt=.003,0.01,116.0
HIP,Plain GAD dt=.003,0.01,117.0
HIP,Plain GAD dt=.003,0.01,117.0
HIP,Plain GAD dt=.003,0.01,118.0
HIP,Plain GAD dt=.003,0.01,118.0
HIP,Plain GAD dt=.003,0.01,118.0
HIP,Plain GAD dt=.003,0.01,119.0
HIP,Plain GAD dt=.003,0.01,120.0
HIP,Plain GAD dt=.003,0.01,120.0
HIP,Plain GAD dt=.003,0.01,121.0
HIP,Plain GAD dt=.003,0.01,121.0
HIP,Plain GAD dt=.003,0.01,121.0
HIP,Plain GAD dt=.003,0.01,121.0
HIP,Plain GAD dt=.003,0.01,122.0
HIP,Plain GAD dt=.003,0.01,122.0
HIP,Plain GAD dt=.003,0.01,124.0
HIP,Plain GAD dt=.003,0.01,124.0
HIP,Plain GAD dt=.003,0.01,124.0
HIP,Plain GAD dt=.003,0.01,124.0
HIP,Plain GAD dt=.003,0.01,124.0
HIP,Plain GAD dt=.003,0.01,124.0
HIP,Plain GAD dt=.003,0.01,125.0
HIP,Plain GAD dt=.003,0.01,125.0
HIP,Plain GAD dt=.003,0.01,125.0
HIP,Plain GAD dt=.003,0.01,126.0
HIP,Plain GAD dt=.003,0.01,126.0
HIP,Plain GAD dt=.003,0.01,126.0
HIP,Plain GAD dt=.003,0.01,128.0
HIP,Plain GAD dt=.003,0.01,129.0
HIP,Plain GAD dt=.003,0.01,129.0
HIP,Plain GAD dt=.003,0.01,129.0
HIP,Plain GAD dt=.003,0.01,132.0
HIP,Plain GAD dt=.003,0.01,133.0
HIP,Plain GAD dt=.003,0.01,133.0
HIP,Plain GAD dt=.003,0.01,133.0
HIP,Plain GAD dt=.003,0.01,134.0
HIP,Plain GAD dt=.003,0.01,134.0
HIP,Plain GAD dt=.003,0.01,135.0
HIP,Plain GAD dt=.003,0.01,135.0
HIP,Plain GAD dt=.003,0.01,135.0
HIP,Plain GAD dt=.003,0.01,136.0
HIP,Plain GAD dt=.003,0.01,137.0
HIP,Plain GAD dt=.003,0.01,137.0
HIP,Plain GAD dt=.003,0.01,140.0
HIP,Plain GAD dt=.003,0.01,141.0
HIP,Plain GAD dt=.003,0.01,141.0
HIP,Plain GAD dt=.003,0.01,141.0
HIP,Plain GAD dt=.003,0.01,142.0
HIP,Plain GAD dt=.003,0.01,142.0
HIP,Plain GAD dt=.003,0.01,142.0
HIP,Plain GAD dt=.003,0.01,143.0
HIP,Plain GAD dt=.003,0.01,143.0
HIP,Plain GAD dt=.003,0.01,146.0
HIP,Plain GAD dt=.003,0.01,148.0
HIP,Plain GAD dt=.003,0.01,149.0
HIP,Plain GAD dt=.003,0.01,149.0
HIP,Plain GAD dt=.003,0.01,151.0
HIP,Plain GAD dt=.003,0.01,152.0
HIP,Plain GAD dt=.003,0.01,152.0
HIP,Plain GAD dt=.003,0.01,153.0
HIP,Plain GAD dt=.003,0.01,154.0
HIP,Plain GAD dt=.003,0.01,154.0
HIP,Plain GAD dt=.003,0.01,154.0
HIP,Plain GAD dt=.003,0.01,154.0
HIP,Plain GAD dt=.003,0.01,155.0
HIP,Plain GAD dt=.003,0.01,155.0
HIP,Plain GAD dt=.003,0.01,155.0
HIP,Plain GAD dt=.003,0.01,156.0
HIP,Plain GAD dt=.003,0.01,157.0
HIP,Plain GAD dt=.003,0.01,157.0
HIP,Plain GAD dt=.003,0.01,158.0
HIP,Plain GAD dt=.003,0.01,158.0
HIP,Plain GAD dt=.003,0.01,159.0
HIP,Plain GAD dt=.003,0.01,159.0
HIP,Plain GAD dt=.003,0.01,160.0
HIP,Plain GAD dt=.003,0.01,161.0
HIP,Plain GAD dt=.003,0.01,161.0
HIP,Plain GAD dt=.003,0.01,161.0
HIP,Plain GAD dt=.003,0.01,161.0
HIP,Plain GAD dt=.003,0.01,161.0
HIP,Plain GAD dt=.003,0.01,162.0
HIP,Plain GAD dt=.003,0.01,162.0
HIP,Plain GAD dt=.003,0.01,163.0
HIP,Plain GAD dt=.003,0.01,164.0
HIP,Plain GAD dt=.003,0.01,165.0
HIP,Plain GAD dt=.003,0.01,166.0
HIP,Plain GAD dt=.003,0.01,167.0
HIP,Plain GAD dt=.003,0.01,167.0
HIP,Plain GAD dt=.003,0.01,169.0
HIP,Plain GAD dt=.003,0.01,169.0
HIP,Plain GAD dt=.003,0.01,170.0
HIP,Plain GAD dt=.003,0.01,170.0
HIP,Plain GAD dt=.003,0.01,170.0
HIP,Plain GAD dt=.003,0.01,170.0
HIP,Plain GAD dt=.003,0.01,171.0
HIP,Plain GAD dt=.003,0.01,171.0
HIP,Plain GAD dt=.003,0.01,171.0
HIP,Plain GAD dt=.003,0.01,171.0
HIP,Plain GAD dt=.003,0.01,172.0
HIP,Plain GAD dt=.003,0.01,172.0
HIP,Plain GAD dt=.003,0.01,172.0
HIP,Plain GAD dt=.003,0.01,173.0
HIP,Plain GAD dt=.003,0.01,175.0
HIP,Plain GAD dt=.003,0.01,175.0
HIP,Plain GAD dt=.003,0.01,176.0
HIP,Plain GAD dt=.003,0.01,177.0
HIP,Plain GAD dt=.003,0.01,177.0
HIP,Plain GAD dt=.003,0.01,178.0
HIP,Plain GAD dt=.003,0.01,178.0
HIP,Plain GAD dt=.003,0.01,179.0
HIP,Plain GAD dt=.003,0.01,181.0
HIP,Plain GAD dt=.003,0.01,181.0
HIP,Plain GAD dt=.003,0.01,183.0
HIP,Plain GAD dt=.003,0.01,184.0
HIP,Plain GAD dt=.003,0.01,185.0
HIP,Plain GAD dt=.003,0.01,185.0
HIP,Plain GAD dt=.003,0.01,185.0
HIP,Plain GAD dt=.003,0.01,187.0
HIP,Plain GAD dt=.003,0.01,187.0
HIP,Plain GAD dt=.003,0.01,188.0
HIP,Plain GAD dt=.003,0.01,189.0
HIP,Plain GAD dt=.003,0.01,190.0
HIP,Plain GAD dt=.003,0.01,191.0
HIP,Plain GAD dt=.003,0.01,193.0
HIP,Plain GAD dt=.003,0.01,194.0
HIP,Plain GAD dt=.003,0.01,194.0
HIP,Plain GAD dt=.003,0.01,194.0
HIP,Plain GAD dt=.003,0.01,196.0
HIP,Plain GAD dt=.003,0.01,197.0
HIP,Plain GAD dt=.003,0.01,198.0
HIP,Plain GAD dt=.003,0.01,199.0
HIP,Plain GAD dt=.003,0.01,200.0
HIP,Plain GAD dt=.003,0.01,202.0
HIP,Plain GAD dt=.003,0.01,203.0
HIP,Plain GAD dt=.003,0.01,206.0
HIP,Plain GAD dt=.003,0.01,206.0
HIP,Plain GAD dt=.003,0.01,207.0
HIP,Plain GAD dt=.003,0.01,209.0
HIP,Plain GAD dt=.003,0.01,210.0
HIP,Plain GAD dt=.003,0.01,211.0
HIP,Plain GAD dt=.003,0.01,211.0
HIP,Plain GAD dt=.003,0.01,211.0
HIP,Plain GAD dt=.003,0.01,211.0
HIP,Plain GAD dt=.003,0.01,213.0
HIP,Plain GAD dt=.003,0.01,214.0
HIP,Plain GAD dt=.003,0.01,215.0
HIP,Plain GAD dt=.003,0.01,215.0
HIP,Plain GAD dt=.003,0.01,217.0
HIP,Plain GAD dt=.003,0.01,220.0
HIP,Plain GAD dt=.003,0.01,221.0
HIP,Plain GAD dt=.003,0.01,224.0
HIP,Plain GAD dt=.003,0.01,227.0
HIP,Plain GAD dt=.003,0.01,231.0
HIP,Plain GAD dt=.003,0.01,236.0
HIP,Plain GAD dt=.003,0.01,239.0
HIP,Plain GAD dt=.003,0.01,244.0
HIP,Plain GAD dt=.003,0.01,251.0
HIP,Plain GAD dt=.003,0.01,256.0
HIP,Plain GAD dt=.003,0.01,256.0
HIP,Plain GAD dt=.003,0.01,257.0
HIP,Plain GAD dt=.003,0.01,258.0
HIP,Plain GAD dt=.003,0.01,262.0
HIP,Plain GAD dt=.003,0.01,266.0
HIP,Plain GAD dt=.003,0.01,273.0
HIP,Plain GAD dt=.003,0.01,276.0
HIP,Plain GAD dt=.003,0.01,284.0
HIP,Plain GAD dt=.003,0.01,286.0
HIP,Plain GAD dt=.003,0.01,290.0
HIP,Plain GAD dt=.003,0.01,306.0
HIP,Plain GAD dt=.003,0.01,306.0
HIP,Plain GAD dt=.003,0.01,321.0
HIP,Plain GAD dt=.003,0.01,324.0
HIP,Plain GAD dt=.003,0.01,327.0
HIP,Plain GAD dt=.003,0.01,328.0
HIP,Plain GAD dt=.003,0.01,331.0
HIP,Plain GAD dt=.003,0.01,349.0
HIP,Plain GAD dt=.003,0.01,350.0
HIP,Plain GAD dt=.003,0.01,351.0
HIP,Plain GAD dt=.003,0.01,354.0
HIP,Plain GAD dt=.003,0.01,397.0
HIP,Plain GAD dt=.003,0.01,410.0
HIP,Plain GAD dt=.003,0.01,415.0
HIP,Plain GAD dt=.003,0.01,430.0
HIP,Plain GAD dt=.003,0.01,446.0
HIP,Plain GAD dt=.003,0.01,465.0
HIP,Plain GAD dt=.003,0.01,477.0
HIP,Plain GAD dt=.003,0.01,497.0
HIP,Plain GAD dt=.003,0.01,508.0
HIP,Plain GAD dt=.003,0.01,551.0
HIP,Plain GAD dt=.003,0.01,575.0
HIP,Plain GAD dt=.003,0.01,594.0
HIP,Plain GAD dt=.003,0.01,596.0
HIP,Plain GAD dt=.003,0.01,608.0
HIP,Plain GAD dt=.003,0.01,614.0
HIP,Plain GAD dt=.003,0.01,624.0
HIP,Plain GAD dt=.003,0.01,631.0
HIP,Plain GAD dt=.003,0.01,668.0
HIP,Plain GAD dt=.003,0.01,727.0
HIP,Plain GAD dt=.003,0.01,778.0
HIP,Plain GAD dt=.003,0.01,825.0
HIP,Plain GAD dt=.003,0.01,827.0
HIP,Plain GAD dt=.003,0.01,850.0
HIP,Plain GAD dt=.003,0.01,856.0
HIP,Plain GAD dt=.003,0.01,882.0
HIP,Plain GAD dt=.003,0.01,934.0
HIP,Plain GAD dt=.003,0.01,950.0
HIP,Plain GAD dt=.003,0.01,1039.0
HIP,Plain GAD dt=.003,0.01,1105.0
HIP,Plain GAD dt=.003,0.01,1255.0
HIP,Plain GAD dt=.003,0.01,1330.0
HIP,Plain GAD dt=.003,0.01,2797.0
HIP,Plain GAD dt=.003,0.01,3276.0
HIP,Plain GAD dt=.003,0.01,3592.0
HIP,Plain GAD dt=.003,0.03,118.0
HIP,Plain GAD dt=.003,0.03,139.0
HIP,Plain GAD dt=.003,0.03,146.0
HIP,Plain GAD dt=.003,0.03,160.0
HIP,Plain GAD dt=.003,0.03,169.0
HIP,Plain GAD dt=.003,0.03,185.0
HIP,Plain GAD dt=.003,0.03,186.0
HIP,Plain GAD dt=.003,0.03,186.0
HIP,Plain GAD dt=.003,0.03,187.0
HIP,Plain GAD dt=.003,0.03,189.0
HIP,Plain GAD dt=.003,0.03,189.0
HIP,Plain GAD dt=.003,0.03,191.0
HIP,Plain GAD dt=.003,0.03,194.0
HIP,Plain GAD dt=.003,0.03,198.0
HIP,Plain GAD dt=.003,0.03,198.0
HIP,Plain GAD dt=.003,0.03,199.0
HIP,Plain GAD dt=.003,0.03,199.0
HIP,Plain GAD dt=.003,0.03,201.0
HIP,Plain GAD dt=.003,0.03,202.0
HIP,Plain GAD dt=.003,0.03,204.0
HIP,Plain GAD dt=.003,0.03,206.0
HIP,Plain GAD dt=.003,0.03,208.0
HIP,Plain GAD dt=.003,0.03,210.0
HIP,Plain GAD dt=.003,0.03,212.0
HIP,Plain GAD dt=.003,0.03,215.0
HIP,Plain GAD dt=.003,0.03,215.0
HIP,Plain GAD dt=.003,0.03,215.0
HIP,Plain GAD dt=.003,0.03,217.0
HIP,Plain GAD dt=.003,0.03,219.0
HIP,Plain GAD dt=.003,0.03,219.0
HIP,Plain GAD dt=.003,0.03,222.0
HIP,Plain GAD dt=.003,0.03,223.0
HIP,Plain GAD dt=.003,0.03,224.0
HIP,Plain GAD dt=.003,0.03,226.0
HIP,Plain GAD dt=.003,0.03,227.0
HIP,Plain GAD dt=.003,0.03,228.0
HIP,Plain GAD dt=.003,0.03,232.0
HIP,Plain GAD dt=.003,0.03,233.0
HIP,Plain GAD dt=.003,0.03,233.0
HIP,Plain GAD dt=.003,0.03,233.0
HIP,Plain GAD dt=.003,0.03,235.0
HIP,Plain GAD dt=.003,0.03,235.0
HIP,Plain GAD dt=.003,0.03,236.0
HIP,Plain GAD dt=.003,0.03,237.0
HIP,Plain GAD dt=.003,0.03,237.0
HIP,Plain GAD dt=.003,0.03,240.0
HIP,Plain GAD dt=.003,0.03,245.0
HIP,Plain GAD dt=.003,0.03,245.0
HIP,Plain GAD dt=.003,0.03,246.0
HIP,Plain GAD dt=.003,0.03,246.0
HIP,Plain GAD dt=.003,0.03,246.0
HIP,Plain GAD dt=.003,0.03,247.0
HIP,Plain GAD dt=.003,0.03,247.0
HIP,Plain GAD dt=.003,0.03,248.0
HIP,Plain GAD dt=.003,0.03,249.0
HIP,Plain GAD dt=.003,0.03,251.0
HIP,Plain GAD dt=.003,0.03,253.0
HIP,Plain GAD dt=.003,0.03,254.0
HIP,Plain GAD dt=.003,0.03,254.0
HIP,Plain GAD dt=.003,0.03,256.0
HIP,Plain GAD dt=.003,0.03,258.0
HIP,Plain GAD dt=.003,0.03,258.0
HIP,Plain GAD dt=.003,0.03,261.0
HIP,Plain GAD dt=.003,0.03,261.0
HIP,Plain GAD dt=.003,0.03,262.0
HIP,Plain GAD dt=.003,0.03,265.0
HIP,Plain GAD dt=.003,0.03,266.0
HIP,Plain GAD dt=.003,0.03,266.0
HIP,Plain GAD dt=.003,0.03,269.0
HIP,Plain GAD dt=.003,0.03,269.0
HIP,Plain GAD dt=.003,0.03,270.0
HIP,Plain GAD dt=.003,0.03,270.0
HIP,Plain GAD dt=.003,0.03,274.0
HIP,Plain GAD dt=.003,0.03,276.0
HIP,Plain GAD dt=.003,0.03,276.0
HIP,Plain GAD dt=.003,0.03,277.0
HIP,Plain GAD dt=.003,0.03,282.0
HIP,Plain GAD dt=.003,0.03,282.0
HIP,Plain GAD dt=.003,0.03,282.0
HIP,Plain GAD dt=.003,0.03,283.0
HIP,Plain GAD dt=.003,0.03,287.0
HIP,Plain GAD dt=.003,0.03,290.0
HIP,Plain GAD dt=.003,0.03,291.0
HIP,Plain GAD dt=.003,0.03,292.0
HIP,Plain GAD dt=.003,0.03,293.0
HIP,Plain GAD dt=.003,0.03,294.0
HIP,Plain GAD dt=.003,0.03,295.0
HIP,Plain GAD dt=.003,0.03,295.0
HIP,Plain GAD dt=.003,0.03,296.0
HIP,Plain GAD dt=.003,0.03,296.0
HIP,Plain GAD dt=.003,0.03,296.0
HIP,Plain GAD dt=.003,0.03,297.0
HIP,Plain GAD dt=.003,0.03,297.0
HIP,Plain GAD dt=.003,0.03,298.0
HIP,Plain GAD dt=.003,0.03,299.0
HIP,Plain GAD dt=.003,0.03,300.0
HIP,Plain GAD dt=.003,0.03,301.0
HIP,Plain GAD dt=.003,0.03,302.0
HIP,Plain GAD dt=.003,0.03,303.0
HIP,Plain GAD dt=.003,0.03,303.0
HIP,Plain GAD dt=.003,0.03,305.0
HIP,Plain GAD dt=.003,0.03,306.0
HIP,Plain GAD dt=.003,0.03,306.0
HIP,Plain GAD dt=.003,0.03,307.0
HIP,Plain GAD dt=.003,0.03,307.0
HIP,Plain GAD dt=.003,0.03,308.0
HIP,Plain GAD dt=.003,0.03,308.0
HIP,Plain GAD dt=.003,0.03,308.0
HIP,Plain GAD dt=.003,0.03,310.0
HIP,Plain GAD dt=.003,0.03,315.0
HIP,Plain GAD dt=.003,0.03,316.0
HIP,Plain GAD dt=.003,0.03,317.0
HIP,Plain GAD dt=.003,0.03,317.0
HIP,Plain GAD dt=.003,0.03,318.0
HIP,Plain GAD dt=.003,0.03,320.0
HIP,Plain GAD dt=.003,0.03,320.0
HIP,Plain GAD dt=.003,0.03,322.0
HIP,Plain GAD dt=.003,0.03,326.0
HIP,Plain GAD dt=.003,0.03,327.0
HIP,Plain GAD dt=.003,0.03,330.0
HIP,Plain GAD dt=.003,0.03,330.0
HIP,Plain GAD dt=.003,0.03,331.0
HIP,Plain GAD dt=.003,0.03,334.0
HIP,Plain GAD dt=.003,0.03,335.0
HIP,Plain GAD dt=.003,0.03,337.0
HIP,Plain GAD dt=.003,0.03,337.0
HIP,Plain GAD dt=.003,0.03,337.0
HIP,Plain GAD dt=.003,0.03,338.0
HIP,Plain GAD dt=.003,0.03,338.0
HIP,Plain GAD dt=.003,0.03,339.0
HIP,Plain GAD dt=.003,0.03,339.0
HIP,Plain GAD dt=.003,0.03,339.0
HIP,Plain GAD dt=.003,0.03,341.0
HIP,Plain GAD dt=.003,0.03,343.0
HIP,Plain GAD dt=.003,0.03,344.0
HIP,Plain GAD dt=.003,0.03,348.0
HIP,Plain GAD dt=.003,0.03,350.0
HIP,Plain GAD dt=.003,0.03,350.0
HIP,Plain GAD dt=.003,0.03,351.0
HIP,Plain GAD dt=.003,0.03,351.0
HIP,Plain GAD dt=.003,0.03,352.0
HIP,Plain GAD dt=.003,0.03,356.0
HIP,Plain GAD dt=.003,0.03,356.0
HIP,Plain GAD dt=.003,0.03,357.0
HIP,Plain GAD dt=.003,0.03,358.0
HIP,Plain GAD dt=.003,0.03,359.0
HIP,Plain GAD dt=.003,0.03,359.0
HIP,Plain GAD dt=.003,0.03,359.0
HIP,Plain GAD dt=.003,0.03,360.0
HIP,Plain GAD dt=.003,0.03,360.0
HIP,Plain GAD dt=.003,0.03,362.0
HIP,Plain GAD dt=.003,0.03,363.0
HIP,Plain GAD dt=.003,0.03,365.0
HIP,Plain GAD dt=.003,0.03,365.0
HIP,Plain GAD dt=.003,0.03,368.0
HIP,Plain GAD dt=.003,0.03,373.0
HIP,Plain GAD dt=.003,0.03,373.0
HIP,Plain GAD dt=.003,0.03,374.0
HIP,Plain GAD dt=.003,0.03,374.0
HIP,Plain GAD dt=.003,0.03,375.0
HIP,Plain GAD dt=.003,0.03,376.0
HIP,Plain GAD dt=.003,0.03,379.0
HIP,Plain GAD dt=.003,0.03,381.0
HIP,Plain GAD dt=.003,0.03,386.0
HIP,Plain GAD dt=.003,0.03,387.0
HIP,Plain GAD dt=.003,0.03,395.0
HIP,Plain GAD dt=.003,0.03,396.0
HIP,Plain GAD dt=.003,0.03,399.0
HIP,Plain GAD dt=.003,0.03,399.0
HIP,Plain GAD dt=.003,0.03,402.0
HIP,Plain GAD dt=.003,0.03,402.0
HIP,Plain GAD dt=.003,0.03,403.0
HIP,Plain GAD dt=.003,0.03,405.0
HIP,Plain GAD dt=.003,0.03,410.0
HIP,Plain GAD dt=.003,0.03,413.0
HIP,Plain GAD dt=.003,0.03,416.0
HIP,Plain GAD dt=.003,0.03,432.0
HIP,Plain GAD dt=.003,0.03,436.0
HIP,Plain GAD dt=.003,0.03,438.0
HIP,Plain GAD dt=.003,0.03,440.0
HIP,Plain GAD dt=.003,0.03,443.0
HIP,Plain GAD dt=.003,0.03,445.0
HIP,Plain GAD dt=.003,0.03,446.0
HIP,Plain GAD dt=.003,0.03,446.0
HIP,Plain GAD dt=.003,0.03,447.0
HIP,Plain GAD dt=.003,0.03,452.0
HIP,Plain GAD dt=.003,0.03,458.0
HIP,Plain GAD dt=.003,0.03,459.0
HIP,Plain GAD dt=.003,0.03,462.0
HIP,Plain GAD dt=.003,0.03,467.0
HIP,Plain GAD dt=.003,0.03,468.0
HIP,Plain GAD dt=.003,0.03,470.0
HIP,Plain GAD dt=.003,0.03,470.0
HIP,Plain GAD dt=.003,0.03,471.0
HIP,Plain GAD dt=.003,0.03,477.0
HIP,Plain GAD dt=.003,0.03,480.0
HIP,Plain GAD dt=.003,0.03,485.0
HIP,Plain GAD dt=.003,0.03,492.0
HIP,Plain GAD dt=.003,0.03,498.0
HIP,Plain GAD dt=.003,0.03,500.0
HIP,Plain GAD dt=.003,0.03,505.0
HIP,Plain GAD dt=.003,0.03,509.0
HIP,Plain GAD dt=.003,0.03,519.0
HIP,Plain GAD dt=.003,0.03,520.0
HIP,Plain GAD dt=.003,0.03,529.0
HIP,Plain GAD dt=.003,0.03,529.0
HIP,Plain GAD dt=.003,0.03,529.0
HIP,Plain GAD dt=.003,0.03,531.0
HIP,Plain GAD dt=.003,0.03,532.0
HIP,Plain GAD dt=.003,0.03,543.0
HIP,Plain GAD dt=.003,0.03,551.0
HIP,Plain GAD dt=.003,0.03,551.0
HIP,Plain GAD dt=.003,0.03,556.0
HIP,Plain GAD dt=.003,0.03,583.0
HIP,Plain GAD dt=.003,0.03,585.0
HIP,Plain GAD dt=.003,0.03,586.0
HIP,Plain GAD dt=.003,0.03,618.0
HIP,Plain GAD dt=.003,0.03,618.0
HIP,Plain GAD dt=.003,0.03,623.0
HIP,Plain GAD dt=.003,0.03,631.0
HIP,Plain GAD dt=.003,0.03,632.0
HIP,Plain GAD dt=.003,0.03,637.0
HIP,Plain GAD dt=.003,0.03,643.0
HIP,Plain GAD dt=.003,0.03,659.0
HIP,Plain GAD dt=.003,0.03,662.0
HIP,Plain GAD dt=.003,0.03,683.0
HIP,Plain GAD dt=.003,0.03,691.0
HIP,Plain GAD dt=.003,0.03,693.0
HIP,Plain GAD dt=.003,0.03,700.0
HIP,Plain GAD dt=.003,0.03,701.0
HIP,Plain GAD dt=.003,0.03,708.0
HIP,Plain GAD dt=.003,0.03,763.0
HIP,Plain GAD dt=.003,0.03,784.0
HIP,Plain GAD dt=.003,0.03,790.0
HIP,Plain GAD dt=.003,0.03,795.0
HIP,Plain GAD dt=.003,0.03,801.0
HIP,Plain GAD dt=.003,0.03,815.0
HIP,Plain GAD dt=.003,0.03,822.0
HIP,Plain GAD dt=.003,0.03,837.0
HIP,Plain GAD dt=.003,0.03,850.0
HIP,Plain GAD dt=.003,0.03,860.0
HIP,Plain GAD dt=.003,0.03,915.0
HIP,Plain GAD dt=.003,0.03,915.0
HIP,Plain GAD dt=.003,0.03,928.0
HIP,Plain GAD dt=.003,0.03,955.0
HIP,Plain GAD dt=.003,0.03,1014.0
HIP,Plain GAD dt=.003,0.03,1100.0
HIP,Plain GAD dt=.003,0.03,1193.0
HIP,Plain GAD dt=.003,0.03,1260.0
HIP,Plain GAD dt=.003,0.03,1421.0
HIP,Plain GAD dt=.003,0.03,1635.0
HIP,Plain GAD dt=.003,0.03,3208.0
HIP,Plain GAD dt=.003,0.03,3435.0
HIP,Plain GAD dt=.003,0.03,4318.0
HIP,Plain GAD dt=.003,0.05,139.0
HIP,Plain GAD dt=.003,0.05,206.0
HIP,Plain GAD dt=.003,0.05,212.0
HIP,Plain GAD dt=.003,0.05,223.0
HIP,Plain GAD dt=.003,0.05,237.0
HIP,Plain GAD dt=.003,0.05,250.0
HIP,Plain GAD dt=.003,0.05,254.0
HIP,Plain GAD dt=.003,0.05,255.0
HIP,Plain GAD dt=.003,0.05,255.0
HIP,Plain GAD dt=.003,0.05,260.0
HIP,Plain GAD dt=.003,0.05,261.0
HIP,Plain GAD dt=.003,0.05,267.0
HIP,Plain GAD dt=.003,0.05,267.0
HIP,Plain GAD dt=.003,0.05,270.0
HIP,Plain GAD dt=.003,0.05,272.0
HIP,Plain GAD dt=.003,0.05,275.0
HIP,Plain GAD dt=.003,0.05,280.0
HIP,Plain GAD dt=.003,0.05,280.0
HIP,Plain GAD dt=.003,0.05,281.0
HIP,Plain GAD dt=.003,0.05,285.0
HIP,Plain GAD dt=.003,0.05,290.0
HIP,Plain GAD dt=.003,0.05,290.0
HIP,Plain GAD dt=.003,0.05,293.0
HIP,Plain GAD dt=.003,0.05,297.0
HIP,Plain GAD dt=.003,0.05,300.0
HIP,Plain GAD dt=.003,0.05,302.0
HIP,Plain GAD dt=.003,0.05,302.0
HIP,Plain GAD dt=.003,0.05,305.0
HIP,Plain GAD dt=.003,0.05,306.0
HIP,Plain GAD dt=.003,0.05,312.0
HIP,Plain GAD dt=.003,0.05,312.0
HIP,Plain GAD dt=.003,0.05,313.0
HIP,Plain GAD dt=.003,0.05,313.0
HIP,Plain GAD dt=.003,0.05,314.0
HIP,Plain GAD dt=.003,0.05,315.0
HIP,Plain GAD dt=.003,0.05,317.0
HIP,Plain GAD dt=.003,0.05,319.0
HIP,Plain GAD dt=.003,0.05,320.0
HIP,Plain GAD dt=.003,0.05,325.0
HIP,Plain GAD dt=.003,0.05,327.0
HIP,Plain GAD dt=.003,0.05,328.0
HIP,Plain GAD dt=.003,0.05,328.0
HIP,Plain GAD dt=.003,0.05,336.0
HIP,Plain GAD dt=.003,0.05,338.0
HIP,Plain GAD dt=.003,0.05,340.0
HIP,Plain GAD dt=.003,0.05,344.0
HIP,Plain GAD dt=.003,0.05,344.0
HIP,Plain GAD dt=.003,0.05,345.0
HIP,Plain GAD dt=.003,0.05,345.0
HIP,Plain GAD dt=.003,0.05,347.0
HIP,Plain GAD dt=.003,0.05,350.0
HIP,Plain GAD dt=.003,0.05,353.0
HIP,Plain GAD dt=.003,0.05,354.0
HIP,Plain GAD dt=.003,0.05,356.0
HIP,Plain GAD dt=.003,0.05,358.0
HIP,Plain GAD dt=.003,0.05,360.0
HIP,Plain GAD dt=.003,0.05,362.0
HIP,Plain GAD dt=.003,0.05,363.0
HIP,Plain GAD dt=.003,0.05,365.0
HIP,Plain GAD dt=.003,0.05,366.0
HIP,Plain GAD dt=.003,0.05,370.0
HIP,Plain GAD dt=.003,0.05,370.0
HIP,Plain GAD dt=.003,0.05,371.0
HIP,Plain GAD dt=.003,0.05,376.0
HIP,Plain GAD dt=.003,0.05,377.0
HIP,Plain GAD dt=.003,0.05,377.0
HIP,Plain GAD dt=.003,0.05,380.0
HIP,Plain GAD dt=.003,0.05,380.0
HIP,Plain GAD dt=.003,0.05,382.0
HIP,Plain GAD dt=.003,0.05,382.0
HIP,Plain GAD dt=.003,0.05,383.0
HIP,Plain GAD dt=.003,0.05,390.0
HIP,Plain GAD dt=.003,0.05,393.0
HIP,Plain GAD dt=.003,0.05,393.0
HIP,Plain GAD dt=.003,0.05,393.0
HIP,Plain GAD dt=.003,0.05,400.0
HIP,Plain GAD dt=.003,0.05,401.0
HIP,Plain GAD dt=.003,0.05,401.0
HIP,Plain GAD dt=.003,0.05,403.0
HIP,Plain GAD dt=.003,0.05,404.0
HIP,Plain GAD dt=.003,0.05,404.0
HIP,Plain GAD dt=.003,0.05,405.0
HIP,Plain GAD dt=.003,0.05,406.0
HIP,Plain GAD dt=.003,0.05,411.0
HIP,Plain GAD dt=.003,0.05,411.0
HIP,Plain GAD dt=.003,0.05,412.0
HIP,Plain GAD dt=.003,0.05,413.0
HIP,Plain GAD dt=.003,0.05,417.0
HIP,Plain GAD dt=.003,0.05,418.0
HIP,Plain GAD dt=.003,0.05,418.0
HIP,Plain GAD dt=.003,0.05,419.0
HIP,Plain GAD dt=.003,0.05,420.0
HIP,Plain GAD dt=.003,0.05,420.0
HIP,Plain GAD dt=.003,0.05,420.0
HIP,Plain GAD dt=.003,0.05,421.0
HIP,Plain GAD dt=.003,0.05,425.0
HIP,Plain GAD dt=.003,0.05,427.0
HIP,Plain GAD dt=.003,0.05,427.0
HIP,Plain GAD dt=.003,0.05,429.0
HIP,Plain GAD dt=.003,0.05,429.0
HIP,Plain GAD dt=.003,0.05,430.0
HIP,Plain GAD dt=.003,0.05,430.0
HIP,Plain GAD dt=.003,0.05,431.0
HIP,Plain GAD dt=.003,0.05,433.0
HIP,Plain GAD dt=.003,0.05,437.0
HIP,Plain GAD dt=.003,0.05,438.0
HIP,Plain GAD dt=.003,0.05,438.0
HIP,Plain GAD dt=.003,0.05,440.0
HIP,Plain GAD dt=.003,0.05,442.0
HIP,Plain GAD dt=.003,0.05,444.0
HIP,Plain GAD dt=.003,0.05,444.0
HIP,Plain GAD dt=.003,0.05,444.0
HIP,Plain GAD dt=.003,0.05,447.0
HIP,Plain GAD dt=.003,0.05,450.0
HIP,Plain GAD dt=.003,0.05,452.0
HIP,Plain GAD dt=.003,0.05,453.0
HIP,Plain GAD dt=.003,0.05,453.0
HIP,Plain GAD dt=.003,0.05,454.0
HIP,Plain GAD dt=.003,0.05,457.0
HIP,Plain GAD dt=.003,0.05,457.0
HIP,Plain GAD dt=.003,0.05,457.0
HIP,Plain GAD dt=.003,0.05,457.0
HIP,Plain GAD dt=.003,0.05,458.0
HIP,Plain GAD dt=.003,0.05,466.0
HIP,Plain GAD dt=.003,0.05,467.0
HIP,Plain GAD dt=.003,0.05,470.0
HIP,Plain GAD dt=.003,0.05,471.0
HIP,Plain GAD dt=.003,0.05,474.0
HIP,Plain GAD dt=.003,0.05,475.0
HIP,Plain GAD dt=.003,0.05,477.0
HIP,Plain GAD dt=.003,0.05,480.0
HIP,Plain GAD dt=.003,0.05,480.0
HIP,Plain GAD dt=.003,0.05,485.0
HIP,Plain GAD dt=.003,0.05,487.0
HIP,Plain GAD dt=.003,0.05,487.0
HIP,Plain GAD dt=.003,0.05,490.0
HIP,Plain GAD dt=.003,0.05,492.0
HIP,Plain GAD dt=.003,0.05,494.0
HIP,Plain GAD dt=.003,0.05,496.0
HIP,Plain GAD dt=.003,0.05,497.0
HIP,Plain GAD dt=.003,0.05,498.0
HIP,Plain GAD dt=.003,0.05,503.0
HIP,Plain GAD dt=.003,0.05,504.0
HIP,Plain GAD dt=.003,0.05,505.0
HIP,Plain GAD dt=.003,0.05,506.0
HIP,Plain GAD dt=.003,0.05,506.0
HIP,Plain GAD dt=.003,0.05,508.0
HIP,Plain GAD dt=.003,0.05,513.0
HIP,Plain GAD dt=.003,0.05,515.0
HIP,Plain GAD dt=.003,0.05,516.0
HIP,Plain GAD dt=.003,0.05,517.0
HIP,Plain GAD dt=.003,0.05,519.0
HIP,Plain GAD dt=.003,0.05,520.0
HIP,Plain GAD dt=.003,0.05,522.0
HIP,Plain GAD dt=.003,0.05,529.0
HIP,Plain GAD dt=.003,0.05,536.0
HIP,Plain GAD dt=.003,0.05,539.0
HIP,Plain GAD dt=.003,0.05,548.0
HIP,Plain GAD dt=.003,0.05,550.0
HIP,Plain GAD dt=.003,0.05,550.0
HIP,Plain GAD dt=.003,0.05,551.0
HIP,Plain GAD dt=.003,0.05,554.0
HIP,Plain GAD dt=.003,0.05,558.0
HIP,Plain GAD dt=.003,0.05,561.0
HIP,Plain GAD dt=.003,0.05,562.0
HIP,Plain GAD dt=.003,0.05,564.0
HIP,Plain GAD dt=.003,0.05,569.0
HIP,Plain GAD dt=.003,0.05,571.0
HIP,Plain GAD dt=.003,0.05,572.0
HIP,Plain GAD dt=.003,0.05,575.0
HIP,Plain GAD dt=.003,0.05,578.0
HIP,Plain GAD dt=.003,0.05,584.0
HIP,Plain GAD dt=.003,0.05,592.0
HIP,Plain GAD dt=.003,0.05,599.0
HIP,Plain GAD dt=.003,0.05,601.0
HIP,Plain GAD dt=.003,0.05,602.0
HIP,Plain GAD dt=.003,0.05,605.0
HIP,Plain GAD dt=.003,0.05,607.0
HIP,Plain GAD dt=.003,0.05,608.0
HIP,Plain GAD dt=.003,0.05,612.0
HIP,Plain GAD dt=.003,0.05,613.0
HIP,Plain GAD dt=.003,0.05,624.0
HIP,Plain GAD dt=.003,0.05,635.0
HIP,Plain GAD dt=.003,0.05,642.0
HIP,Plain GAD dt=.003,0.05,642.0
HIP,Plain GAD dt=.003,0.05,653.0
HIP,Plain GAD dt=.003,0.05,656.0
HIP,Plain GAD dt=.003,0.05,660.0
HIP,Plain GAD dt=.003,0.05,663.0
HIP,Plain GAD dt=.003,0.05,666.0
HIP,Plain GAD dt=.003,0.05,679.0
HIP,Plain GAD dt=.003,0.05,681.0
HIP,Plain GAD dt=.003,0.05,696.0
HIP,Plain GAD dt=.003,0.05,698.0
HIP,Plain GAD dt=.003,0.05,708.0
HIP,Plain GAD dt=.003,0.05,709.0
HIP,Plain GAD dt=.003,0.05,709.0
HIP,Plain GAD dt=.003,0.05,710.0
HIP,Plain GAD dt=.003,0.05,713.0
HIP,Plain GAD dt=.003,0.05,716.0
HIP,Plain GAD dt=.003,0.05,717.0
HIP,Plain GAD dt=.003,0.05,719.0
HIP,Plain GAD dt=.003,0.05,731.0
HIP,Plain GAD dt=.003,0.05,744.0
HIP,Plain GAD dt=.003,0.05,744.0
HIP,Plain GAD dt=.003,0.05,764.0
HIP,Plain GAD dt=.003,0.05,775.0
HIP,Plain GAD dt=.003,0.05,776.0
HIP,Plain GAD dt=.003,0.05,778.0
HIP,Plain GAD dt=.003,0.05,793.0
HIP,Plain GAD dt=.003,0.05,801.0
HIP,Plain GAD dt=.003,0.05,808.0
HIP,Plain GAD dt=.003,0.05,810.0
HIP,Plain GAD dt=.003,0.05,832.0
HIP,Plain GAD dt=.003,0.05,848.0
HIP,Plain GAD dt=.003,0.05,853.0
HIP,Plain GAD dt=.003,0.05,854.0
HIP,Plain GAD dt=.003,0.05,872.0
HIP,Plain GAD dt=.003,0.05,882.0
HIP,Plain GAD dt=.003,0.05,903.0
HIP,Plain GAD dt=.003,0.05,916.0
HIP,Plain GAD dt=.003,0.05,918.0
HIP,Plain GAD dt=.003,0.05,922.0
HIP,Plain GAD dt=.003,0.05,935.0
HIP,Plain GAD dt=.003,0.05,949.0
HIP,Plain GAD dt=.003,0.05,964.0
HIP,Plain GAD dt=.003,0.05,982.0
HIP,Plain GAD dt=.003,0.05,982.0
HIP,Plain GAD dt=.003,0.05,998.0
HIP,Plain GAD dt=.003,0.05,1006.0
HIP,Plain GAD dt=.003,0.05,1041.0
HIP,Plain GAD dt=.003,0.05,1099.0
HIP,Plain GAD dt=.003,0.05,1107.0
HIP,Plain GAD dt=.003,0.05,1121.0
HIP,Plain GAD dt=.003,0.05,1131.0
HIP,Plain GAD dt=.003,0.05,1191.0
HIP,Plain GAD dt=.003,0.05,1202.0
HIP,Plain GAD dt=.003,0.05,1332.0
HIP,Plain GAD dt=.003,0.05,1449.0
HIP,Plain GAD dt=.003,0.05,1489.0
HIP,Plain GAD dt=.003,0.05,1644.0
HIP,Plain GAD dt=.003,0.05,1879.0
HIP,Plain GAD dt=.003,0.05,1889.0
HIP,Plain GAD dt=.003,0.05,3401.0
HIP,Plain GAD dt=.003,0.05,4617.0
HIP,Plain GAD dt=.003,0.1,232.0
HIP,Plain GAD dt=.003,0.1,283.0
HIP,Plain GAD dt=.003,0.1,310.0
HIP,Plain GAD dt=.003,0.1,336.0
HIP,Plain GAD dt=.003,0.1,348.0
HIP,Plain GAD dt=.003,0.1,357.0
HIP,Plain GAD dt=.003,0.1,358.0
HIP,Plain GAD dt=.003,0.1,368.0
HIP,Plain GAD dt=.003,0.1,373.0
HIP,Plain GAD dt=.003,0.1,375.0
HIP,Plain GAD dt=.003,0.1,377.0
HIP,Plain GAD dt=.003,0.1,396.0
HIP,Plain GAD dt=.003,0.1,398.0
HIP,Plain GAD dt=.003,0.1,405.0
HIP,Plain GAD dt=.003,0.1,410.0
HIP,Plain GAD dt=.003,0.1,413.0
HIP,Plain GAD dt=.003,0.1,425.0
HIP,Plain GAD dt=.003,0.1,428.0
HIP,Plain GAD dt=.003,0.1,429.0
HIP,Plain GAD dt=.003,0.1,431.0
HIP,Plain GAD dt=.003,0.1,439.0
HIP,Plain GAD dt=.003,0.1,447.0
HIP,Plain GAD dt=.003,0.1,447.0
HIP,Plain GAD dt=.003,0.1,449.0
HIP,Plain GAD dt=.003,0.1,450.0
HIP,Plain GAD dt=.003,0.1,453.0
HIP,Plain GAD dt=.003,0.1,454.0
HIP,Plain GAD dt=.003,0.1,469.0
HIP,Plain GAD dt=.003,0.1,472.0
HIP,Plain GAD dt=.003,0.1,473.0
HIP,Plain GAD dt=.003,0.1,477.0
HIP,Plain GAD dt=.003,0.1,485.0
HIP,Plain GAD dt=.003,0.1,490.0
HIP,Plain GAD dt=.003,0.1,508.0
HIP,Plain GAD dt=.003,0.1,521.0
HIP,Plain GAD dt=.003,0.1,521.0
HIP,Plain GAD dt=.003,0.1,529.0
HIP,Plain GAD dt=.003,0.1,535.0
HIP,Plain GAD dt=.003,0.1,538.0
HIP,Plain GAD dt=.003,0.1,542.0
HIP,Plain GAD dt=.003,0.1,548.0
HIP,Plain GAD dt=.003,0.1,554.0
HIP,Plain GAD dt=.003,0.1,561.0
HIP,Plain GAD dt=.003,0.1,564.0
HIP,Plain GAD dt=.003,0.1,575.0
HIP,Plain GAD dt=.003,0.1,580.0
HIP,Plain GAD dt=.003,0.1,581.0
HIP,Plain GAD dt=.003,0.1,582.0
HIP,Plain GAD dt=.003,0.1,582.0
HIP,Plain GAD dt=.003,0.1,583.0
HIP,Plain GAD dt=.003,0.1,583.0
HIP,Plain GAD dt=.003,0.1,584.0
HIP,Plain GAD dt=.003,0.1,586.0
HIP,Plain GAD dt=.003,0.1,588.0
HIP,Plain GAD dt=.003,0.1,590.0
HIP,Plain GAD dt=.003,0.1,591.0
HIP,Plain GAD dt=.003,0.1,594.0
HIP,Plain GAD dt=.003,0.1,595.0
HIP,Plain GAD dt=.003,0.1,603.0
HIP,Plain GAD dt=.003,0.1,603.0
HIP,Plain GAD dt=.003,0.1,604.0
HIP,Plain GAD dt=.003,0.1,612.0
HIP,Plain GAD dt=.003,0.1,614.0
HIP,Plain GAD dt=.003,0.1,616.0
HIP,Plain GAD dt=.003,0.1,622.0
HIP,Plain GAD dt=.003,0.1,625.0
HIP,Plain GAD dt=.003,0.1,633.0
HIP,Plain GAD dt=.003,0.1,633.0
HIP,Plain GAD dt=.003,0.1,635.0
HIP,Plain GAD dt=.003,0.1,636.0
HIP,Plain GAD dt=.003,0.1,638.0
HIP,Plain GAD dt=.003,0.1,639.0
HIP,Plain GAD dt=.003,0.1,641.0
HIP,Plain GAD dt=.003,0.1,649.0
HIP,Plain GAD dt=.003,0.1,650.0
HIP,Plain GAD dt=.003,0.1,661.0
HIP,Plain GAD dt=.003,0.1,661.0
HIP,Plain GAD dt=.003,0.1,674.0
HIP,Plain GAD dt=.003,0.1,675.0
HIP,Plain GAD dt=.003,0.1,680.0
HIP,Plain GAD dt=.003,0.1,689.0
HIP,Plain GAD dt=.003,0.1,691.0
HIP,Plain GAD dt=.003,0.1,693.0
HIP,Plain GAD dt=.003,0.1,695.0
HIP,Plain GAD dt=.003,0.1,698.0
HIP,Plain GAD dt=.003,0.1,700.0
HIP,Plain GAD dt=.003,0.1,701.0
HIP,Plain GAD dt=.003,0.1,701.0
HIP,Plain GAD dt=.003,0.1,703.0
HIP,Plain GAD dt=.003,0.1,718.0
HIP,Plain GAD dt=.003,0.1,720.0
HIP,Plain GAD dt=.003,0.1,720.0
HIP,Plain GAD dt=.003,0.1,720.0
HIP,Plain GAD dt=.003,0.1,721.0
HIP,Plain GAD dt=.003,0.1,730.0
HIP,Plain GAD dt=.003,0.1,731.0
HIP,Plain GAD dt=.003,0.1,734.0
HIP,Plain GAD dt=.003,0.1,749.0
HIP,Plain GAD dt=.003,0.1,750.0
HIP,Plain GAD dt=.003,0.1,753.0
HIP,Plain GAD dt=.003,0.1,755.0
HIP,Plain GAD dt=.003,0.1,756.0
HIP,Plain GAD dt=.003,0.1,759.0
HIP,Plain GAD dt=.003,0.1,763.0
HIP,Plain GAD dt=.003,0.1,764.0
HIP,Plain GAD dt=.003,0.1,776.0
HIP,Plain GAD dt=.003,0.1,778.0
HIP,Plain GAD dt=.003,0.1,784.0
HIP,Plain GAD dt=.003,0.1,789.0
HIP,Plain GAD dt=.003,0.1,793.0
HIP,Plain GAD dt=.003,0.1,796.0
HIP,Plain GAD dt=.003,0.1,797.0
HIP,Plain GAD dt=.003,0.1,799.0
HIP,Plain GAD dt=.003,0.1,799.0
HIP,Plain GAD dt=.003,0.1,800.0
HIP,Plain GAD dt=.003,0.1,804.0
HIP,Plain GAD dt=.003,0.1,811.0
HIP,Plain GAD dt=.003,0.1,816.0
HIP,Plain GAD dt=.003,0.1,817.0
HIP,Plain GAD dt=.003,0.1,817.0
HIP,Plain GAD dt=.003,0.1,824.0
HIP,Plain GAD dt=.003,0.1,826.0
HIP,Plain GAD dt=.003,0.1,845.0
HIP,Plain GAD dt=.003,0.1,846.0
HIP,Plain GAD dt=.003,0.1,852.0
HIP,Plain GAD dt=.003,0.1,852.0
HIP,Plain GAD dt=.003,0.1,854.0
HIP,Plain GAD dt=.003,0.1,861.0
HIP,Plain GAD dt=.003,0.1,862.0
HIP,Plain GAD dt=.003,0.1,862.0
HIP,Plain GAD dt=.003,0.1,868.0
HIP,Plain GAD dt=.003,0.1,874.0
HIP,Plain GAD dt=.003,0.1,880.0
HIP,Plain GAD dt=.003,0.1,896.0
HIP,Plain GAD dt=.003,0.1,900.0
HIP,Plain GAD dt=.003,0.1,906.0
HIP,Plain GAD dt=.003,0.1,908.0
HIP,Plain GAD dt=.003,0.1,909.0
HIP,Plain GAD dt=.003,0.1,911.0
HIP,Plain GAD dt=.003,0.1,911.0
HIP,Plain GAD dt=.003,0.1,917.0
HIP,Plain GAD dt=.003,0.1,926.0
HIP,Plain GAD dt=.003,0.1,928.0
HIP,Plain GAD dt=.003,0.1,931.0
HIP,Plain GAD dt=.003,0.1,933.0
HIP,Plain GAD dt=.003,0.1,935.0
HIP,Plain GAD dt=.003,0.1,936.0
HIP,Plain GAD dt=.003,0.1,940.0
HIP,Plain GAD dt=.003,0.1,940.0
HIP,Plain GAD dt=.003,0.1,945.0
HIP,Plain GAD dt=.003,0.1,949.0
HIP,Plain GAD dt=.003,0.1,953.0
HIP,Plain GAD dt=.003,0.1,954.0
HIP,Plain GAD dt=.003,0.1,955.0
HIP,Plain GAD dt=.003,0.1,959.0
HIP,Plain GAD dt=.003,0.1,970.0
HIP,Plain GAD dt=.003,0.1,982.0
HIP,Plain GAD dt=.003,0.1,989.0
HIP,Plain GAD dt=.003,0.1,994.0
HIP,Plain GAD dt=.003,0.1,994.0
HIP,Plain GAD dt=.003,0.1,996.0
HIP,Plain GAD dt=.003,0.1,1010.0
HIP,Plain GAD dt=.003,0.1,1014.0
HIP,Plain GAD dt=.003,0.1,1049.0
HIP,Plain GAD dt=.003,0.1,1076.0
HIP,Plain GAD dt=.003,0.1,1087.0
HIP,Plain GAD dt=.003,0.1,1116.0
HIP,Plain GAD dt=.003,0.1,1131.0
HIP,Plain GAD dt=.003,0.1,1145.0
HIP,Plain GAD dt=.003,0.1,1150.0
HIP,Plain GAD dt=.003,0.1,1207.0
HIP,Plain GAD dt=.003,0.1,1219.0
HIP,Plain GAD dt=.003,0.1,1245.0
HIP,Plain GAD dt=.003,0.1,1250.0
HIP,Plain GAD dt=.003,0.1,1265.0
HIP,Plain GAD dt=.003,0.1,1284.0
HIP,Plain GAD dt=.003,0.1,1300.0
HIP,Plain GAD dt=.003,0.1,1314.0
HIP,Plain GAD dt=.003,0.1,1319.0
HIP,Plain GAD dt=.003,0.1,1342.0
HIP,Plain GAD dt=.003,0.1,1343.0
HIP,Plain GAD dt=.003,0.1,1370.0
HIP,Plain GAD dt=.003,0.1,1379.0
HIP,Plain GAD dt=.003,0.1,1382.0
HIP,Plain GAD dt=.003,0.1,1394.0
HIP,Plain GAD dt=.003,0.1,1446.0
HIP,Plain GAD dt=.003,0.1,1460.0
HIP,Plain GAD dt=.003,0.1,1461.0
HIP,Plain GAD dt=.003,0.1,1522.0
HIP,Plain GAD dt=.003,0.1,1538.0
HIP,Plain GAD dt=.003,0.1,1583.0
HIP,Plain GAD dt=.003,0.1,1583.0
HIP,Plain GAD dt=.003,0.1,1708.0
HIP,Plain GAD dt=.003,0.1,1735.0
HIP,Plain GAD dt=.003,0.1,1758.0
HIP,Plain GAD dt=.003,0.1,1823.0
HIP,Plain GAD dt=.003,0.1,1838.0
HIP,Plain GAD dt=.003,0.1,1871.0
HIP,Plain GAD dt=.003,0.1,1955.0
HIP,Plain GAD dt=.003,0.1,2241.0
HIP,Plain GAD dt=.003,0.1,2387.0
HIP,Plain GAD dt=.003,0.1,2488.0
HIP,Plain GAD dt=.003,0.1,2955.0
HIP,Plain GAD dt=.003,0.1,3043.0
HIP,Plain GAD dt=.003,0.15,369.0
HIP,Plain GAD dt=.003,0.15,414.0
HIP,Plain GAD dt=.003,0.15,421.0
HIP,Plain GAD dt=.003,0.15,428.0
HIP,Plain GAD dt=.003,0.15,438.0
HIP,Plain GAD dt=.003,0.15,444.0
HIP,Plain GAD dt=.003,0.15,492.0
HIP,Plain GAD dt=.003,0.15,515.0
HIP,Plain GAD dt=.003,0.15,526.0
HIP,Plain GAD dt=.003,0.15,527.0
HIP,Plain GAD dt=.003,0.15,530.0
HIP,Plain GAD dt=.003,0.15,539.0
HIP,Plain GAD dt=.003,0.15,541.0
HIP,Plain GAD dt=.003,0.15,545.0
HIP,Plain GAD dt=.003,0.15,548.0
HIP,Plain GAD dt=.003,0.15,608.0
HIP,Plain GAD dt=.003,0.15,616.0
HIP,Plain GAD dt=.003,0.15,620.0
HIP,Plain GAD dt=.003,0.15,624.0
HIP,Plain GAD dt=.003,0.15,629.0
HIP,Plain GAD dt=.003,0.15,634.0
HIP,Plain GAD dt=.003,0.15,649.0
HIP,Plain GAD dt=.003,0.15,657.0
HIP,Plain GAD dt=.003,0.15,667.0
HIP,Plain GAD dt=.003,0.15,668.0
HIP,Plain GAD dt=.003,0.15,672.0
HIP,Plain GAD dt=.003,0.15,677.0
HIP,Plain GAD dt=.003,0.15,677.0
HIP,Plain GAD dt=.003,0.15,677.0
HIP,Plain GAD dt=.003,0.15,707.0
HIP,Plain GAD dt=.003,0.15,710.0
HIP,Plain GAD dt=.003,0.15,713.0
HIP,Plain GAD dt=.003,0.15,714.0
HIP,Plain GAD dt=.003,0.15,718.0
HIP,Plain GAD dt=.003,0.15,721.0
HIP,Plain GAD dt=.003,0.15,728.0
HIP,Plain GAD dt=.003,0.15,732.0
HIP,Plain GAD dt=.003,0.15,735.0
HIP,Plain GAD dt=.003,0.15,742.0
HIP,Plain GAD dt=.003,0.15,746.0
HIP,Plain GAD dt=.003,0.15,746.0
HIP,Plain GAD dt=.003,0.15,751.0
HIP,Plain GAD dt=.003,0.15,752.0
HIP,Plain GAD dt=.003,0.15,754.0
HIP,Plain GAD dt=.003,0.15,765.0
HIP,Plain GAD dt=.003,0.15,767.0
HIP,Plain GAD dt=.003,0.15,773.0
HIP,Plain GAD dt=.003,0.15,779.0
HIP,Plain GAD dt=.003,0.15,789.0
HIP,Plain GAD dt=.003,0.15,801.0
HIP,Plain GAD dt=.003,0.15,808.0
HIP,Plain GAD dt=.003,0.15,824.0
HIP,Plain GAD dt=.003,0.15,824.0
HIP,Plain GAD dt=.003,0.15,853.0
HIP,Plain GAD dt=.003,0.15,855.0
HIP,Plain GAD dt=.003,0.15,862.0
HIP,Plain GAD dt=.003,0.15,879.0
HIP,Plain GAD dt=.003,0.15,882.0
HIP,Plain GAD dt=.003,0.15,894.0
HIP,Plain GAD dt=.003,0.15,899.0
HIP,Plain GAD dt=.003,0.15,905.0
HIP,Plain GAD dt=.003,0.15,908.0
HIP,Plain GAD dt=.003,0.15,909.0
HIP,Plain GAD dt=.003,0.15,911.0
HIP,Plain GAD dt=.003,0.15,911.0
HIP,Plain GAD dt=.003,0.15,913.0
HIP,Plain GAD dt=.003,0.15,925.0
HIP,Plain GAD dt=.003,0.15,927.0
HIP,Plain GAD dt=.003,0.15,931.0
HIP,Plain GAD dt=.003,0.15,934.0
HIP,Plain GAD dt=.003,0.15,939.0
HIP,Plain GAD dt=.003,0.15,943.0
HIP,Plain GAD dt=.003,0.15,944.0
HIP,Plain GAD dt=.003,0.15,954.0
HIP,Plain GAD dt=.003,0.15,962.0
HIP,Plain GAD dt=.003,0.15,967.0
HIP,Plain GAD dt=.003,0.15,967.0
HIP,Plain GAD dt=.003,0.15,977.0
HIP,Plain GAD dt=.003,0.15,992.0
HIP,Plain GAD dt=.003,0.15,994.0
HIP,Plain GAD dt=.003,0.15,1012.0
HIP,Plain GAD dt=.003,0.15,1016.0
HIP,Plain GAD dt=.003,0.15,1017.0
HIP,Plain GAD dt=.003,0.15,1026.0
HIP,Plain GAD dt=.003,0.15,1035.0
HIP,Plain GAD dt=.003,0.15,1045.0
HIP,Plain GAD dt=.003,0.15,1045.0
HIP,Plain GAD dt=.003,0.15,1045.0
HIP,Plain GAD dt=.003,0.15,1070.0
HIP,Plain GAD dt=.003,0.15,1075.0
HIP,Plain GAD dt=.003,0.15,1087.0
HIP,Plain GAD dt=.003,0.15,1096.0
HIP,Plain GAD dt=.003,0.15,1102.0
HIP,Plain GAD dt=.003,0.15,1103.0
HIP,Plain GAD dt=.003,0.15,1116.0
HIP,Plain GAD dt=.003,0.15,1119.0
HIP,Plain GAD dt=.003,0.15,1130.0
HIP,Plain GAD dt=.003,0.15,1136.0
HIP,Plain GAD dt=.003,0.15,1136.0
HIP,Plain GAD dt=.003,0.15,1142.0
HIP,Plain GAD dt=.003,0.15,1145.0
HIP,Plain GAD dt=.003,0.15,1145.0
HIP,Plain GAD dt=.003,0.15,1165.0
HIP,Plain GAD dt=.003,0.15,1175.0
HIP,Plain GAD dt=.003,0.15,1176.0
HIP,Plain GAD dt=.003,0.15,1181.0
HIP,Plain GAD dt=.003,0.15,1188.0
HIP,Plain GAD dt=.003,0.15,1197.0
HIP,Plain GAD dt=.003,0.15,1204.0
HIP,Plain GAD dt=.003,0.15,1209.0
HIP,Plain GAD dt=.003,0.15,1209.0
HIP,Plain GAD dt=.003,0.15,1209.0
HIP,Plain GAD dt=.003,0.15,1213.0
HIP,Plain GAD dt=.003,0.15,1233.0
HIP,Plain GAD dt=.003,0.15,1240.0
HIP,Plain GAD dt=.003,0.15,1242.0
HIP,Plain GAD dt=.003,0.15,1246.0
HIP,Plain GAD dt=.003,0.15,1246.0
HIP,Plain GAD dt=.003,0.15,1247.0
HIP,Plain GAD dt=.003,0.15,1255.0
HIP,Plain GAD dt=.003,0.15,1269.0
HIP,Plain GAD dt=.003,0.15,1280.0
HIP,Plain GAD dt=.003,0.15,1307.0
HIP,Plain GAD dt=.003,0.15,1391.0
HIP,Plain GAD dt=.003,0.15,1399.0
HIP,Plain GAD dt=.003,0.15,1402.0
HIP,Plain GAD dt=.003,0.15,1422.0
HIP,Plain GAD dt=.003,0.15,1437.0
HIP,Plain GAD dt=.003,0.15,1442.0
HIP,Plain GAD dt=.003,0.15,1459.0
HIP,Plain GAD dt=.003,0.15,1500.0
HIP,Plain GAD dt=.003,0.15,1509.0
HIP,Plain GAD dt=.003,0.15,1512.0
HIP,Plain GAD dt=.003,0.15,1523.0
HIP,Plain GAD dt=.003,0.15,1539.0
HIP,Plain GAD dt=.003,0.15,1544.0
HIP,Plain GAD dt=.003,0.15,1556.0
HIP,Plain GAD dt=.003,0.15,1561.0
HIP,Plain GAD dt=.003,0.15,1566.0
HIP,Plain GAD dt=.003,0.15,1572.0
HIP,Plain GAD dt=.003,0.15,1651.0
HIP,Plain GAD dt=.003,0.15,1726.0
HIP,Plain GAD dt=.003,0.15,1738.0
HIP,Plain GAD dt=.003,0.15,1812.0
HIP,Plain GAD dt=.003,0.15,1829.0
HIP,Plain GAD dt=.003,0.15,1847.0
HIP,Plain GAD dt=.003,0.15,1981.0
HIP,Plain GAD dt=.003,0.15,2002.0
HIP,Plain GAD dt=.003,0.15,2081.0
HIP,Plain GAD dt=.003,0.15,2212.0
HIP,Plain GAD dt=.003,0.15,2230.0
HIP,Plain GAD dt=.003,0.15,2244.0
HIP,Plain GAD dt=.003,0.15,2329.0
HIP,Plain GAD dt=.003,0.15,2426.0
HIP,Plain GAD dt=.003,0.15,2666.0
HIP,Plain GAD dt=.003,0.15,3867.0
HIP,Plain GAD dt=.003,0.15,4403.0
HIP,Plain GAD dt=.003,0.15,4862.0
HIP,Plain GAD dt=.003,0.2,437.0
HIP,Plain GAD dt=.003,0.2,454.0
HIP,Plain GAD dt=.003,0.2,470.0
HIP,Plain GAD dt=.003,0.2,516.0
HIP,Plain GAD dt=.003,0.2,525.0
HIP,Plain GAD dt=.003,0.2,574.0
HIP,Plain GAD dt=.003,0.2,576.0
HIP,Plain GAD dt=.003,0.2,603.0
HIP,Plain GAD dt=.003,0.2,609.0
HIP,Plain GAD dt=.003,0.2,617.0
HIP,Plain GAD dt=.003,0.2,667.0
HIP,Plain GAD dt=.003,0.2,671.0
HIP,Plain GAD dt=.003,0.2,677.0
HIP,Plain GAD dt=.003,0.2,716.0
HIP,Plain GAD dt=.003,0.2,732.0
HIP,Plain GAD dt=.003,0.2,733.0
HIP,Plain GAD dt=.003,0.2,741.0
HIP,Plain GAD dt=.003,0.2,744.0
HIP,Plain GAD dt=.003,0.2,778.0
HIP,Plain GAD dt=.003,0.2,788.0
HIP,Plain GAD dt=.003,0.2,796.0
HIP,Plain GAD dt=.003,0.2,800.0
HIP,Plain GAD dt=.003,0.2,809.0
HIP,Plain GAD dt=.003,0.2,819.0
HIP,Plain GAD dt=.003,0.2,819.0
HIP,Plain GAD dt=.003,0.2,842.0
HIP,Plain GAD dt=.003,0.2,844.0
HIP,Plain GAD dt=.003,0.2,854.0
HIP,Plain GAD dt=.003,0.2,855.0
HIP,Plain GAD dt=.003,0.2,861.0
HIP,Plain GAD dt=.003,0.2,872.0
HIP,Plain GAD dt=.003,0.2,872.0
HIP,Plain GAD dt=.003,0.2,880.0
HIP,Plain GAD dt=.003,0.2,891.0
HIP,Plain GAD dt=.003,0.2,900.0
HIP,Plain GAD dt=.003,0.2,906.0
HIP,Plain GAD dt=.003,0.2,907.0
HIP,Plain GAD dt=.003,0.2,919.0
HIP,Plain GAD dt=.003,0.2,920.0
HIP,Plain GAD dt=.003,0.2,926.0
HIP,Plain GAD dt=.003,0.2,930.0
HIP,Plain GAD dt=.003,0.2,975.0
HIP,Plain GAD dt=.003,0.2,978.0
HIP,Plain GAD dt=.003,0.2,999.0
HIP,Plain GAD dt=.003,0.2,1007.0
HIP,Plain GAD dt=.003,0.2,1029.0
HIP,Plain GAD dt=.003,0.2,1039.0
HIP,Plain GAD dt=.003,0.2,1049.0
HIP,Plain GAD dt=.003,0.2,1052.0
HIP,Plain GAD dt=.003,0.2,1070.0
HIP,Plain GAD dt=.003,0.2,1078.0
HIP,Plain GAD dt=.003,0.2,1092.0
HIP,Plain GAD dt=.003,0.2,1104.0
HIP,Plain GAD dt=.003,0.2,1105.0
HIP,Plain GAD dt=.003,0.2,1121.0
HIP,Plain GAD dt=.003,0.2,1127.0
HIP,Plain GAD dt=.003,0.2,1135.0
HIP,Plain GAD dt=.003,0.2,1172.0
HIP,Plain GAD dt=.003,0.2,1196.0
HIP,Plain GAD dt=.003,0.2,1205.0
HIP,Plain GAD dt=.003,0.2,1214.0
HIP,Plain GAD dt=.003,0.2,1228.0
HIP,Plain GAD dt=.003,0.2,1248.0
HIP,Plain GAD dt=.003,0.2,1253.0
HIP,Plain GAD dt=.003,0.2,1261.0
HIP,Plain GAD dt=.003,0.2,1264.0
HIP,Plain GAD dt=.003,0.2,1273.0
HIP,Plain GAD dt=.003,0.2,1301.0
HIP,Plain GAD dt=.003,0.2,1302.0
HIP,Plain GAD dt=.003,0.2,1309.0
HIP,Plain GAD dt=.003,0.2,1317.0
HIP,Plain GAD dt=.003,0.2,1342.0
HIP,Plain GAD dt=.003,0.2,1357.0
HIP,Plain GAD dt=.003,0.2,1358.0
HIP,Plain GAD dt=.003,0.2,1370.0
HIP,Plain GAD dt=.003,0.2,1374.0
HIP,Plain GAD dt=.003,0.2,1409.0
HIP,Plain GAD dt=.003,0.2,1412.0
HIP,Plain GAD dt=.003,0.2,1438.0
HIP,Plain GAD dt=.003,0.2,1482.0
HIP,Plain GAD dt=.003,0.2,1483.0
HIP,Plain GAD dt=.003,0.2,1485.0
HIP,Plain GAD dt=.003,0.2,1487.0
HIP,Plain GAD dt=.003,0.2,1499.0
HIP,Plain GAD dt=.003,0.2,1536.0
HIP,Plain GAD dt=.003,0.2,1550.0
HIP,Plain GAD dt=.003,0.2,1563.0
HIP,Plain GAD dt=.003,0.2,1565.0
HIP,Plain GAD dt=.003,0.2,1592.0
HIP,Plain GAD dt=.003,0.2,1602.0
HIP,Plain GAD dt=.003,0.2,1608.0
HIP,Plain GAD dt=.003,0.2,1616.0
HIP,Plain GAD dt=.003,0.2,1664.0
HIP,Plain GAD dt=.003,0.2,1692.0
HIP,Plain GAD dt=.003,0.2,1703.0
HIP,Plain GAD dt=.003,0.2,1739.0
HIP,Plain GAD dt=.003,0.2,1745.0
HIP,Plain GAD dt=.003,0.2,1752.0
HIP,Plain GAD dt=.003,0.2,1763.0
HIP,Plain GAD dt=.003,0.2,1767.0
HIP,Plain GAD dt=.003,0.2,1874.0
HIP,Plain GAD dt=.003,0.2,2014.0
HIP,Plain GAD dt=.003,0.2,2034.0
HIP,Plain GAD dt=.003,0.2,2096.0
HIP,Plain GAD dt=.003,0.2,2249.0
HIP,Plain GAD dt=.003,0.2,2330.0
HIP,Plain GAD dt=.003,0.2,2605.0
HIP,Plain GAD dt=.003,0.2,2607.0
HIP,Plain GAD dt=.003,0.2,2660.0
HIP,Plain GAD dt=.003,0.2,2854.0
HIP,Plain GAD dt=.003,0.2,3507.0
HIP,Plain GAD dt=.003,0.2,3793.0
HIP,Plain GAD dt=.003,0.2,4675.0
HIP,Plain GAD dt=.003,0.2,4734.0
HIP,Plain GAD dt=.003,0.2,4785.0
HIP,Plain GAD dt=.003,0.2,4847.0
HIP,Plain GAD dt=.003,0.2,4929.0
HIP,Plain GAD dt=.007,0.01,31.0
HIP,Plain GAD dt=.007,0.01,33.0
HIP,Plain GAD dt=.007,0.01,34.0
HIP,Plain GAD dt=.007,0.01,34.0
HIP,Plain GAD dt=.007,0.01,35.0
HIP,Plain GAD dt=.007,0.01,37.0
HIP,Plain GAD dt=.007,0.01,37.0
HIP,Plain GAD dt=.007,0.01,37.0
HIP,Plain GAD dt=.007,0.01,37.0
HIP,Plain GAD dt=.007,0.01,38.0
HIP,Plain GAD dt=.007,0.01,39.0
HIP,Plain GAD dt=.007,0.01,40.0
HIP,Plain GAD dt=.007,0.01,41.0
HIP,Plain GAD dt=.007,0.01,41.0
HIP,Plain GAD dt=.007,0.01,42.0
HIP,Plain GAD dt=.007,0.01,43.0
HIP,Plain GAD dt=.007,0.01,43.0
HIP,Plain GAD dt=.007,0.01,43.0
HIP,Plain GAD dt=.007,0.01,43.0
HIP,Plain GAD dt=.007,0.01,43.0
HIP,Plain GAD dt=.007,0.01,44.0
HIP,Plain GAD dt=.007,0.01,44.0
HIP,Plain GAD dt=.007,0.01,45.0
HIP,Plain GAD dt=.007,0.01,45.0
HIP,Plain GAD dt=.007,0.01,46.0
HIP,Plain GAD dt=.007,0.01,47.0
HIP,Plain GAD dt=.007,0.01,47.0
HIP,Plain GAD dt=.007,0.01,47.0
HIP,Plain GAD dt=.007,0.01,47.0
HIP,Plain GAD dt=.007,0.01,47.0
HIP,Plain GAD dt=.007,0.01,48.0
HIP,Plain GAD dt=.007,0.01,48.0
HIP,Plain GAD dt=.007,0.01,48.0
HIP,Plain GAD dt=.007,0.01,49.0
HIP,Plain GAD dt=.007,0.01,49.0
HIP,Plain GAD dt=.007,0.01,49.0
HIP,Plain GAD dt=.007,0.01,49.0
HIP,Plain GAD dt=.007,0.01,49.0
HIP,Plain GAD dt=.007,0.01,50.0
HIP,Plain GAD dt=.007,0.01,50.0
HIP,Plain GAD dt=.007,0.01,50.0
HIP,Plain GAD dt=.007,0.01,50.0
HIP,Plain GAD dt=.007,0.01,50.0
HIP,Plain GAD dt=.007,0.01,51.0
HIP,Plain GAD dt=.007,0.01,52.0
HIP,Plain GAD dt=.007,0.01,52.0
HIP,Plain GAD dt=.007,0.01,52.0
HIP,Plain GAD dt=.007,0.01,52.0
HIP,Plain GAD dt=.007,0.01,53.0
HIP,Plain GAD dt=.007,0.01,53.0
HIP,Plain GAD dt=.007,0.01,53.0
HIP,Plain GAD dt=.007,0.01,53.0
HIP,Plain GAD dt=.007,0.01,53.0
HIP,Plain GAD dt=.007,0.01,53.0
HIP,Plain GAD dt=.007,0.01,53.0
HIP,Plain GAD dt=.007,0.01,53.0
HIP,Plain GAD dt=.007,0.01,54.0
HIP,Plain GAD dt=.007,0.01,54.0
HIP,Plain GAD dt=.007,0.01,54.0
HIP,Plain GAD dt=.007,0.01,54.0
HIP,Plain GAD dt=.007,0.01,54.0
HIP,Plain GAD dt=.007,0.01,55.0
HIP,Plain GAD dt=.007,0.01,55.0
HIP,Plain GAD dt=.007,0.01,56.0
HIP,Plain GAD dt=.007,0.01,56.0
HIP,Plain GAD dt=.007,0.01,56.0
HIP,Plain GAD dt=.007,0.01,56.0
HIP,Plain GAD dt=.007,0.01,56.0
HIP,Plain GAD dt=.007,0.01,56.0
HIP,Plain GAD dt=.007,0.01,57.0
HIP,Plain GAD dt=.007,0.01,57.0
HIP,Plain GAD dt=.007,0.01,57.0
HIP,Plain GAD dt=.007,0.01,57.0
HIP,Plain GAD dt=.007,0.01,58.0
HIP,Plain GAD dt=.007,0.01,58.0
HIP,Plain GAD dt=.007,0.01,59.0
HIP,Plain GAD dt=.007,0.01,60.0
HIP,Plain GAD dt=.007,0.01,60.0
HIP,Plain GAD dt=.007,0.01,60.0
HIP,Plain GAD dt=.007,0.01,61.0
HIP,Plain GAD dt=.007,0.01,61.0
HIP,Plain GAD dt=.007,0.01,61.0
HIP,Plain GAD dt=.007,0.01,61.0
HIP,Plain GAD dt=.007,0.01,62.0
HIP,Plain GAD dt=.007,0.01,62.0
HIP,Plain GAD dt=.007,0.01,63.0
HIP,Plain GAD dt=.007,0.01,63.0
HIP,Plain GAD dt=.007,0.01,63.0
HIP,Plain GAD dt=.007,0.01,63.0
HIP,Plain GAD dt=.007,0.01,63.0
HIP,Plain GAD dt=.007,0.01,63.0
HIP,Plain GAD dt=.007,0.01,63.0
HIP,Plain GAD dt=.007,0.01,64.0
HIP,Plain GAD dt=.007,0.01,64.0
HIP,Plain GAD dt=.007,0.01,64.0
HIP,Plain GAD dt=.007,0.01,65.0
HIP,Plain GAD dt=.007,0.01,65.0
HIP,Plain GAD dt=.007,0.01,66.0
HIP,Plain GAD dt=.007,0.01,66.0
HIP,Plain GAD dt=.007,0.01,66.0
HIP,Plain GAD dt=.007,0.01,66.0
HIP,Plain GAD dt=.007,0.01,66.0
HIP,Plain GAD dt=.007,0.01,66.0
HIP,Plain GAD dt=.007,0.01,66.0
HIP,Plain GAD dt=.007,0.01,66.0
HIP,Plain GAD dt=.007,0.01,67.0
HIP,Plain GAD dt=.007,0.01,67.0
HIP,Plain GAD dt=.007,0.01,67.0
HIP,Plain GAD dt=.007,0.01,68.0
HIP,Plain GAD dt=.007,0.01,68.0
HIP,Plain GAD dt=.007,0.01,69.0
HIP,Plain GAD dt=.007,0.01,69.0
HIP,Plain GAD dt=.007,0.01,69.0
HIP,Plain GAD dt=.007,0.01,69.0
HIP,Plain GAD dt=.007,0.01,70.0
HIP,Plain GAD dt=.007,0.01,70.0
HIP,Plain GAD dt=.007,0.01,70.0
HIP,Plain GAD dt=.007,0.01,70.0
HIP,Plain GAD dt=.007,0.01,70.0
HIP,Plain GAD dt=.007,0.01,70.0
HIP,Plain GAD dt=.007,0.01,70.0
HIP,Plain GAD dt=.007,0.01,71.0
HIP,Plain GAD dt=.007,0.01,71.0
HIP,Plain GAD dt=.007,0.01,72.0
HIP,Plain GAD dt=.007,0.01,72.0
HIP,Plain GAD dt=.007,0.01,72.0
HIP,Plain GAD dt=.007,0.01,72.0
HIP,Plain GAD dt=.007,0.01,73.0
HIP,Plain GAD dt=.007,0.01,73.0
HIP,Plain GAD dt=.007,0.01,73.0
HIP,Plain GAD dt=.007,0.01,73.0
HIP,Plain GAD dt=.007,0.01,73.0
HIP,Plain GAD dt=.007,0.01,73.0
HIP,Plain GAD dt=.007,0.01,74.0
HIP,Plain GAD dt=.007,0.01,74.0
HIP,Plain GAD dt=.007,0.01,74.0
HIP,Plain GAD dt=.007,0.01,74.0
HIP,Plain GAD dt=.007,0.01,74.0
HIP,Plain GAD dt=.007,0.01,74.0
HIP,Plain GAD dt=.007,0.01,74.0
HIP,Plain GAD dt=.007,0.01,74.0
HIP,Plain GAD dt=.007,0.01,74.0
HIP,Plain GAD dt=.007,0.01,75.0
HIP,Plain GAD dt=.007,0.01,75.0
HIP,Plain GAD dt=.007,0.01,75.0
HIP,Plain GAD dt=.007,0.01,76.0
HIP,Plain GAD dt=.007,0.01,76.0
HIP,Plain GAD dt=.007,0.01,76.0
HIP,Plain GAD dt=.007,0.01,77.0
HIP,Plain GAD dt=.007,0.01,77.0
HIP,Plain GAD dt=.007,0.01,77.0
HIP,Plain GAD dt=.007,0.01,77.0
HIP,Plain GAD dt=.007,0.01,78.0
HIP,Plain GAD dt=.007,0.01,79.0
HIP,Plain GAD dt=.007,0.01,80.0
HIP,Plain GAD dt=.007,0.01,80.0
HIP,Plain GAD dt=.007,0.01,81.0
HIP,Plain GAD dt=.007,0.01,81.0
HIP,Plain GAD dt=.007,0.01,81.0
HIP,Plain GAD dt=.007,0.01,82.0
HIP,Plain GAD dt=.007,0.01,82.0
HIP,Plain GAD dt=.007,0.01,83.0
HIP,Plain GAD dt=.007,0.01,83.0
HIP,Plain GAD dt=.007,0.01,84.0
HIP,Plain GAD dt=.007,0.01,84.0
HIP,Plain GAD dt=.007,0.01,84.0
HIP,Plain GAD dt=.007,0.01,84.0
HIP,Plain GAD dt=.007,0.01,87.0
HIP,Plain GAD dt=.007,0.01,87.0
HIP,Plain GAD dt=.007,0.01,87.0
HIP,Plain GAD dt=.007,0.01,88.0
HIP,Plain GAD dt=.007,0.01,88.0
HIP,Plain GAD dt=.007,0.01,88.0
HIP,Plain GAD dt=.007,0.01,89.0
HIP,Plain GAD dt=.007,0.01,89.0
HIP,Plain GAD dt=.007,0.01,89.0
HIP,Plain GAD dt=.007,0.01,89.0
HIP,Plain GAD dt=.007,0.01,90.0
HIP,Plain GAD dt=.007,0.01,90.0
HIP,Plain GAD dt=.007,0.01,90.0
HIP,Plain GAD dt=.007,0.01,90.0
HIP,Plain GAD dt=.007,0.01,91.0
HIP,Plain GAD dt=.007,0.01,91.0
HIP,Plain GAD dt=.007,0.01,91.0
HIP,Plain GAD dt=.007,0.01,91.0
HIP,Plain GAD dt=.007,0.01,92.0
HIP,Plain GAD dt=.007,0.01,93.0
HIP,Plain GAD dt=.007,0.01,94.0
HIP,Plain GAD dt=.007,0.01,94.0
HIP,Plain GAD dt=.007,0.01,94.0
HIP,Plain GAD dt=.007,0.01,94.0
HIP,Plain GAD dt=.007,0.01,97.0
HIP,Plain GAD dt=.007,0.01,101.0
HIP,Plain GAD dt=.007,0.01,103.0
HIP,Plain GAD dt=.007,0.01,103.0
HIP,Plain GAD dt=.007,0.01,105.0
HIP,Plain GAD dt=.007,0.01,106.0
HIP,Plain GAD dt=.007,0.01,108.0
HIP,Plain GAD dt=.007,0.01,108.0
HIP,Plain GAD dt=.007,0.01,111.0
HIP,Plain GAD dt=.007,0.01,111.0
HIP,Plain GAD dt=.007,0.01,111.0
HIP,Plain GAD dt=.007,0.01,113.0
HIP,Plain GAD dt=.007,0.01,116.0
HIP,Plain GAD dt=.007,0.01,118.0
HIP,Plain GAD dt=.007,0.01,121.0
HIP,Plain GAD dt=.007,0.01,122.0
HIP,Plain GAD dt=.007,0.01,123.0
HIP,Plain GAD dt=.007,0.01,129.0
HIP,Plain GAD dt=.007,0.01,130.0
HIP,Plain GAD dt=.007,0.01,132.0
HIP,Plain GAD dt=.007,0.01,133.0
HIP,Plain GAD dt=.007,0.01,139.0
HIP,Plain GAD dt=.007,0.01,143.0
HIP,Plain GAD dt=.007,0.01,145.0
HIP,Plain GAD dt=.007,0.01,150.0
HIP,Plain GAD dt=.007,0.01,151.0
HIP,Plain GAD dt=.007,0.01,152.0
HIP,Plain GAD dt=.007,0.01,152.0
HIP,Plain GAD dt=.007,0.01,158.0
HIP,Plain GAD dt=.007,0.01,162.0
HIP,Plain GAD dt=.007,0.01,168.0
HIP,Plain GAD dt=.007,0.01,171.0
HIP,Plain GAD dt=.007,0.01,179.0
HIP,Plain GAD dt=.007,0.01,180.0
HIP,Plain GAD dt=.007,0.01,187.0
HIP,Plain GAD dt=.007,0.01,195.0
HIP,Plain GAD dt=.007,0.01,202.0
HIP,Plain GAD dt=.007,0.01,209.0
HIP,Plain GAD dt=.007,0.01,213.0
HIP,Plain GAD dt=.007,0.01,231.0
HIP,Plain GAD dt=.007,0.01,235.0
HIP,Plain GAD dt=.007,0.01,246.0
HIP,Plain GAD dt=.007,0.01,258.0
HIP,Plain GAD dt=.007,0.01,266.0
HIP,Plain GAD dt=.007,0.01,283.0
HIP,Plain GAD dt=.007,0.01,308.0
HIP,Plain GAD dt=.007,0.01,312.0
HIP,Plain GAD dt=.007,0.01,323.0
HIP,Plain GAD dt=.007,0.01,351.0
HIP,Plain GAD dt=.007,0.01,356.0
HIP,Plain GAD dt=.007,0.01,367.0
HIP,Plain GAD dt=.007,0.01,370.0
HIP,Plain GAD dt=.007,0.01,389.0
HIP,Plain GAD dt=.007,0.01,407.0
HIP,Plain GAD dt=.007,0.01,410.0
HIP,Plain GAD dt=.007,0.01,411.0
HIP,Plain GAD dt=.007,0.01,441.0
HIP,Plain GAD dt=.007,0.01,460.0
HIP,Plain GAD dt=.007,0.01,556.0
HIP,Plain GAD dt=.007,0.01,584.0
HIP,Plain GAD dt=.007,0.01,894.0
HIP,Plain GAD dt=.007,0.01,1172.0
HIP,Plain GAD dt=.007,0.01,1419.0
HIP,Plain GAD dt=.007,0.01,1525.0
HIP,Plain GAD dt=.007,0.01,2265.0
HIP,Plain GAD dt=.007,0.03,49.0
HIP,Plain GAD dt=.007,0.03,60.0
HIP,Plain GAD dt=.007,0.03,61.0
HIP,Plain GAD dt=.007,0.03,68.0
HIP,Plain GAD dt=.007,0.03,73.0
HIP,Plain GAD dt=.007,0.03,79.0
HIP,Plain GAD dt=.007,0.03,80.0
HIP,Plain GAD dt=.007,0.03,80.0
HIP,Plain GAD dt=.007,0.03,81.0
HIP,Plain GAD dt=.007,0.03,82.0
HIP,Plain GAD dt=.007,0.03,82.0
HIP,Plain GAD dt=.007,0.03,83.0
HIP,Plain GAD dt=.007,0.03,83.0
HIP,Plain GAD dt=.007,0.03,83.0
HIP,Plain GAD dt=.007,0.03,86.0
HIP,Plain GAD dt=.007,0.03,86.0
HIP,Plain GAD dt=.007,0.03,86.0
HIP,Plain GAD dt=.007,0.03,86.0
HIP,Plain GAD dt=.007,0.03,89.0
HIP,Plain GAD dt=.007,0.03,89.0
HIP,Plain GAD dt=.007,0.03,90.0
HIP,Plain GAD dt=.007,0.03,90.0
HIP,Plain GAD dt=.007,0.03,91.0
HIP,Plain GAD dt=.007,0.03,92.0
HIP,Plain GAD dt=.007,0.03,92.0
HIP,Plain GAD dt=.007,0.03,93.0
HIP,Plain GAD dt=.007,0.03,93.0
HIP,Plain GAD dt=.007,0.03,93.0
HIP,Plain GAD dt=.007,0.03,95.0
HIP,Plain GAD dt=.007,0.03,96.0
HIP,Plain GAD dt=.007,0.03,96.0
HIP,Plain GAD dt=.007,0.03,97.0
HIP,Plain GAD dt=.007,0.03,97.0
HIP,Plain GAD dt=.007,0.03,97.0
HIP,Plain GAD dt=.007,0.03,98.0
HIP,Plain GAD dt=.007,0.03,98.0
HIP,Plain GAD dt=.007,0.03,99.0
HIP,Plain GAD dt=.007,0.03,100.0
HIP,Plain GAD dt=.007,0.03,100.0
HIP,Plain GAD dt=.007,0.03,101.0
HIP,Plain GAD dt=.007,0.03,101.0
HIP,Plain GAD dt=.007,0.03,101.0
HIP,Plain GAD dt=.007,0.03,103.0
HIP,Plain GAD dt=.007,0.03,103.0
HIP,Plain GAD dt=.007,0.03,104.0
HIP,Plain GAD dt=.007,0.03,104.0
HIP,Plain GAD dt=.007,0.03,104.0
HIP,Plain GAD dt=.007,0.03,104.0
HIP,Plain GAD dt=.007,0.03,104.0
HIP,Plain GAD dt=.007,0.03,105.0
HIP,Plain GAD dt=.007,0.03,106.0
HIP,Plain GAD dt=.007,0.03,107.0
HIP,Plain GAD dt=.007,0.03,107.0
HIP,Plain GAD dt=.007,0.03,108.0
HIP,Plain GAD dt=.007,0.03,108.0
HIP,Plain GAD dt=.007,0.03,108.0
HIP,Plain GAD dt=.007,0.03,109.0
HIP,Plain GAD dt=.007,0.03,110.0
HIP,Plain GAD dt=.007,0.03,110.0
HIP,Plain GAD dt=.007,0.03,111.0
HIP,Plain GAD dt=.007,0.03,111.0
HIP,Plain GAD dt=.007,0.03,114.0
HIP,Plain GAD dt=.007,0.03,115.0
HIP,Plain GAD dt=.007,0.03,115.0
HIP,Plain GAD dt=.007,0.03,115.0
HIP,Plain GAD dt=.007,0.03,116.0
HIP,Plain GAD dt=.007,0.03,116.0
HIP,Plain GAD dt=.007,0.03,117.0
HIP,Plain GAD dt=.007,0.03,117.0
HIP,Plain GAD dt=.007,0.03,118.0
HIP,Plain GAD dt=.007,0.03,118.0
HIP,Plain GAD dt=.007,0.03,118.0
HIP,Plain GAD dt=.007,0.03,120.0
HIP,Plain GAD dt=.007,0.03,121.0
HIP,Plain GAD dt=.007,0.03,122.0
HIP,Plain GAD dt=.007,0.03,122.0
HIP,Plain GAD dt=.007,0.03,122.0
HIP,Plain GAD dt=.007,0.03,123.0
HIP,Plain GAD dt=.007,0.03,123.0
HIP,Plain GAD dt=.007,0.03,123.0
HIP,Plain GAD dt=.007,0.03,124.0
HIP,Plain GAD dt=.007,0.03,124.0
HIP,Plain GAD dt=.007,0.03,124.0
HIP,Plain GAD dt=.007,0.03,124.0
HIP,Plain GAD dt=.007,0.03,125.0
HIP,Plain GAD dt=.007,0.03,125.0
HIP,Plain GAD dt=.007,0.03,125.0
HIP,Plain GAD dt=.007,0.03,126.0
HIP,Plain GAD dt=.007,0.03,126.0
HIP,Plain GAD dt=.007,0.03,127.0
HIP,Plain GAD dt=.007,0.03,128.0
HIP,Plain GAD dt=.007,0.03,128.0
HIP,Plain GAD dt=.007,0.03,129.0
HIP,Plain GAD dt=.007,0.03,129.0
HIP,Plain GAD dt=.007,0.03,130.0
HIP,Plain GAD dt=.007,0.03,130.0
HIP,Plain GAD dt=.007,0.03,130.0
HIP,Plain GAD dt=.007,0.03,130.0
HIP,Plain GAD dt=.007,0.03,131.0
HIP,Plain GAD dt=.007,0.03,132.0
HIP,Plain GAD dt=.007,0.03,132.0
HIP,Plain GAD dt=.007,0.03,132.0
HIP,Plain GAD dt=.007,0.03,132.0
HIP,Plain GAD dt=.007,0.03,133.0
HIP,Plain GAD dt=.007,0.03,133.0
HIP,Plain GAD dt=.007,0.03,134.0
HIP,Plain GAD dt=.007,0.03,134.0
HIP,Plain GAD dt=.007,0.03,134.0
HIP,Plain GAD dt=.007,0.03,136.0
HIP,Plain GAD dt=.007,0.03,136.0
HIP,Plain GAD dt=.007,0.03,136.0
HIP,Plain GAD dt=.007,0.03,136.0
HIP,Plain GAD dt=.007,0.03,137.0
HIP,Plain GAD dt=.007,0.03,137.0
HIP,Plain GAD dt=.007,0.03,137.0
HIP,Plain GAD dt=.007,0.03,139.0
HIP,Plain GAD dt=.007,0.03,140.0
HIP,Plain GAD dt=.007,0.03,142.0
HIP,Plain GAD dt=.007,0.03,142.0
HIP,Plain GAD dt=.007,0.03,142.0
HIP,Plain GAD dt=.007,0.03,142.0
HIP,Plain GAD dt=.007,0.03,143.0
HIP,Plain GAD dt=.007,0.03,144.0
HIP,Plain GAD dt=.007,0.03,144.0
HIP,Plain GAD dt=.007,0.03,144.0
HIP,Plain GAD dt=.007,0.03,144.0
HIP,Plain GAD dt=.007,0.03,145.0
HIP,Plain GAD dt=.007,0.03,145.0
HIP,Plain GAD dt=.007,0.03,146.0
HIP,Plain GAD dt=.007,0.03,149.0
HIP,Plain GAD dt=.007,0.03,149.0
HIP,Plain GAD dt=.007,0.03,149.0
HIP,Plain GAD dt=.007,0.03,150.0
HIP,Plain GAD dt=.007,0.03,151.0
HIP,Plain GAD dt=.007,0.03,151.0
HIP,Plain GAD dt=.007,0.03,151.0
HIP,Plain GAD dt=.007,0.03,151.0
HIP,Plain GAD dt=.007,0.03,151.0
HIP,Plain GAD dt=.007,0.03,152.0
HIP,Plain GAD dt=.007,0.03,152.0
HIP,Plain GAD dt=.007,0.03,152.0
HIP,Plain GAD dt=.007,0.03,152.0
HIP,Plain GAD dt=.007,0.03,153.0
HIP,Plain GAD dt=.007,0.03,153.0
HIP,Plain GAD dt=.007,0.03,153.0
HIP,Plain GAD dt=.007,0.03,153.0
HIP,Plain GAD dt=.007,0.03,154.0
HIP,Plain GAD dt=.007,0.03,155.0
HIP,Plain GAD dt=.007,0.03,156.0
HIP,Plain GAD dt=.007,0.03,156.0
HIP,Plain GAD dt=.007,0.03,156.0
HIP,Plain GAD dt=.007,0.03,157.0
HIP,Plain GAD dt=.007,0.03,157.0
HIP,Plain GAD dt=.007,0.03,158.0
HIP,Plain GAD dt=.007,0.03,159.0
HIP,Plain GAD dt=.007,0.03,160.0
HIP,Plain GAD dt=.007,0.03,161.0
HIP,Plain GAD dt=.007,0.03,161.0
HIP,Plain GAD dt=.007,0.03,161.0
HIP,Plain GAD dt=.007,0.03,162.0
HIP,Plain GAD dt=.007,0.03,162.0
HIP,Plain GAD dt=.007,0.03,162.0
HIP,Plain GAD dt=.007,0.03,167.0
HIP,Plain GAD dt=.007,0.03,168.0
HIP,Plain GAD dt=.007,0.03,169.0
HIP,Plain GAD dt=.007,0.03,170.0
HIP,Plain GAD dt=.007,0.03,173.0
HIP,Plain GAD dt=.007,0.03,174.0
HIP,Plain GAD dt=.007,0.03,176.0
HIP,Plain GAD dt=.007,0.03,176.0
HIP,Plain GAD dt=.007,0.03,177.0
HIP,Plain GAD dt=.007,0.03,178.0
HIP,Plain GAD dt=.007,0.03,179.0
HIP,Plain GAD dt=.007,0.03,179.0
HIP,Plain GAD dt=.007,0.03,180.0
HIP,Plain GAD dt=.007,0.03,188.0
HIP,Plain GAD dt=.007,0.03,190.0
HIP,Plain GAD dt=.007,0.03,191.0
HIP,Plain GAD dt=.007,0.03,191.0
HIP,Plain GAD dt=.007,0.03,193.0
HIP,Plain GAD dt=.007,0.03,193.0
HIP,Plain GAD dt=.007,0.03,194.0
HIP,Plain GAD dt=.007,0.03,195.0
HIP,Plain GAD dt=.007,0.03,195.0
HIP,Plain GAD dt=.007,0.03,196.0
HIP,Plain GAD dt=.007,0.03,197.0
HIP,Plain GAD dt=.007,0.03,199.0
HIP,Plain GAD dt=.007,0.03,199.0
HIP,Plain GAD dt=.007,0.03,200.0
HIP,Plain GAD dt=.007,0.03,203.0
HIP,Plain GAD dt=.007,0.03,203.0
HIP,Plain GAD dt=.007,0.03,206.0
HIP,Plain GAD dt=.007,0.03,206.0
HIP,Plain GAD dt=.007,0.03,207.0
HIP,Plain GAD dt=.007,0.03,208.0
HIP,Plain GAD dt=.007,0.03,215.0
HIP,Plain GAD dt=.007,0.03,216.0
HIP,Plain GAD dt=.007,0.03,216.0
HIP,Plain GAD dt=.007,0.03,217.0
HIP,Plain GAD dt=.007,0.03,218.0
HIP,Plain GAD dt=.007,0.03,218.0
HIP,Plain GAD dt=.007,0.03,222.0
HIP,Plain GAD dt=.007,0.03,223.0
HIP,Plain GAD dt=.007,0.03,226.0
HIP,Plain GAD dt=.007,0.03,227.0
HIP,Plain GAD dt=.007,0.03,228.0
HIP,Plain GAD dt=.007,0.03,228.0
HIP,Plain GAD dt=.007,0.03,228.0
HIP,Plain GAD dt=.007,0.03,228.0
HIP,Plain GAD dt=.007,0.03,234.0
HIP,Plain GAD dt=.007,0.03,240.0
HIP,Plain GAD dt=.007,0.03,240.0
HIP,Plain GAD dt=.007,0.03,248.0
HIP,Plain GAD dt=.007,0.03,251.0
HIP,Plain GAD dt=.007,0.03,253.0
HIP,Plain GAD dt=.007,0.03,256.0
HIP,Plain GAD dt=.007,0.03,262.0
HIP,Plain GAD dt=.007,0.03,272.0
HIP,Plain GAD dt=.007,0.03,272.0
HIP,Plain GAD dt=.007,0.03,273.0
HIP,Plain GAD dt=.007,0.03,275.0
HIP,Plain GAD dt=.007,0.03,282.0
HIP,Plain GAD dt=.007,0.03,285.0
HIP,Plain GAD dt=.007,0.03,295.0
HIP,Plain GAD dt=.007,0.03,298.0
HIP,Plain GAD dt=.007,0.03,302.0
HIP,Plain GAD dt=.007,0.03,312.0
HIP,Plain GAD dt=.007,0.03,312.0
HIP,Plain GAD dt=.007,0.03,315.0
HIP,Plain GAD dt=.007,0.03,330.0
HIP,Plain GAD dt=.007,0.03,331.0
HIP,Plain GAD dt=.007,0.03,340.0
HIP,Plain GAD dt=.007,0.03,354.0
HIP,Plain GAD dt=.007,0.03,358.0
HIP,Plain GAD dt=.007,0.03,364.0
HIP,Plain GAD dt=.007,0.03,364.0
HIP,Plain GAD dt=.007,0.03,369.0
HIP,Plain GAD dt=.007,0.03,388.0
HIP,Plain GAD dt=.007,0.03,394.0
HIP,Plain GAD dt=.007,0.03,399.0
HIP,Plain GAD dt=.007,0.03,401.0
HIP,Plain GAD dt=.007,0.03,404.0
HIP,Plain GAD dt=.007,0.03,409.0
HIP,Plain GAD dt=.007,0.03,409.0
HIP,Plain GAD dt=.007,0.03,431.0
HIP,Plain GAD dt=.007,0.03,491.0
HIP,Plain GAD dt=.007,0.03,498.0
HIP,Plain GAD dt=.007,0.03,524.0
HIP,Plain GAD dt=.007,0.03,615.0
HIP,Plain GAD dt=.007,0.03,656.0
HIP,Plain GAD dt=.007,0.03,694.0
HIP,Plain GAD dt=.007,0.03,1378.0
HIP,Plain GAD dt=.007,0.03,1514.0
HIP,Plain GAD dt=.007,0.03,1664.0
HIP,Plain GAD dt=.007,0.03,2285.0
HIP,Plain GAD dt=.007,0.05,58.0
HIP,Plain GAD dt=.007,0.05,90.0
HIP,Plain GAD dt=.007,0.05,91.0
HIP,Plain GAD dt=.007,0.05,95.0
HIP,Plain GAD dt=.007,0.05,102.0
HIP,Plain GAD dt=.007,0.05,106.0
HIP,Plain GAD dt=.007,0.05,109.0
HIP,Plain GAD dt=.007,0.05,110.0
HIP,Plain GAD dt=.007,0.05,110.0
HIP,Plain GAD dt=.007,0.05,111.0
HIP,Plain GAD dt=.007,0.05,112.0
HIP,Plain GAD dt=.007,0.05,113.0
HIP,Plain GAD dt=.007,0.05,114.0
HIP,Plain GAD dt=.007,0.05,117.0
HIP,Plain GAD dt=.007,0.05,118.0
HIP,Plain GAD dt=.007,0.05,120.0
HIP,Plain GAD dt=.007,0.05,120.0
HIP,Plain GAD dt=.007,0.05,122.0
HIP,Plain GAD dt=.007,0.05,125.0
HIP,Plain GAD dt=.007,0.05,125.0
HIP,Plain GAD dt=.007,0.05,127.0
HIP,Plain GAD dt=.007,0.05,127.0
HIP,Plain GAD dt=.007,0.05,128.0
HIP,Plain GAD dt=.007,0.05,129.0
HIP,Plain GAD dt=.007,0.05,130.0
HIP,Plain GAD dt=.007,0.05,130.0
HIP,Plain GAD dt=.007,0.05,130.0
HIP,Plain GAD dt=.007,0.05,130.0
HIP,Plain GAD dt=.007,0.05,131.0
HIP,Plain GAD dt=.007,0.05,134.0
HIP,Plain GAD dt=.007,0.05,135.0
HIP,Plain GAD dt=.007,0.05,136.0
HIP,Plain GAD dt=.007,0.05,136.0
HIP,Plain GAD dt=.007,0.05,136.0
HIP,Plain GAD dt=.007,0.05,137.0
HIP,Plain GAD dt=.007,0.05,138.0
HIP,Plain GAD dt=.007,0.05,140.0
HIP,Plain GAD dt=.007,0.05,141.0
HIP,Plain GAD dt=.007,0.05,141.0
HIP,Plain GAD dt=.007,0.05,141.0
HIP,Plain GAD dt=.007,0.05,142.0
HIP,Plain GAD dt=.007,0.05,144.0
HIP,Plain GAD dt=.007,0.05,144.0
HIP,Plain GAD dt=.007,0.05,147.0
HIP,Plain GAD dt=.007,0.05,147.0
HIP,Plain GAD dt=.007,0.05,147.0
HIP,Plain GAD dt=.007,0.05,147.0
HIP,Plain GAD dt=.007,0.05,148.0
HIP,Plain GAD dt=.007,0.05,148.0
HIP,Plain GAD dt=.007,0.05,151.0
HIP,Plain GAD dt=.007,0.05,152.0
HIP,Plain GAD dt=.007,0.05,153.0
HIP,Plain GAD dt=.007,0.05,153.0
HIP,Plain GAD dt=.007,0.05,154.0
HIP,Plain GAD dt=.007,0.05,155.0
HIP,Plain GAD dt=.007,0.05,155.0
HIP,Plain GAD dt=.007,0.05,155.0
HIP,Plain GAD dt=.007,0.05,156.0
HIP,Plain GAD dt=.007,0.05,156.0
HIP,Plain GAD dt=.007,0.05,157.0
HIP,Plain GAD dt=.007,0.05,159.0
HIP,Plain GAD dt=.007,0.05,159.0
HIP,Plain GAD dt=.007,0.05,160.0
HIP,Plain GAD dt=.007,0.05,161.0
HIP,Plain GAD dt=.007,0.05,162.0
HIP,Plain GAD dt=.007,0.05,162.0
HIP,Plain GAD dt=.007,0.05,163.0
HIP,Plain GAD dt=.007,0.05,165.0
HIP,Plain GAD dt=.007,0.05,166.0
HIP,Plain GAD dt=.007,0.05,166.0
HIP,Plain GAD dt=.007,0.05,166.0
HIP,Plain GAD dt=.007,0.05,167.0
HIP,Plain GAD dt=.007,0.05,169.0
HIP,Plain GAD dt=.007,0.05,170.0
HIP,Plain GAD dt=.007,0.05,171.0
HIP,Plain GAD dt=.007,0.05,171.0
HIP,Plain GAD dt=.007,0.05,172.0
HIP,Plain GAD dt=.007,0.05,173.0
HIP,Plain GAD dt=.007,0.05,174.0
HIP,Plain GAD dt=.007,0.05,174.0
HIP,Plain GAD dt=.007,0.05,176.0
HIP,Plain GAD dt=.007,0.05,176.0
HIP,Plain GAD dt=.007,0.05,179.0
HIP,Plain GAD dt=.007,0.05,179.0
HIP,Plain GAD dt=.007,0.05,179.0
HIP,Plain GAD dt=.007,0.05,180.0
HIP,Plain GAD dt=.007,0.05,180.0
HIP,Plain GAD dt=.007,0.05,181.0
HIP,Plain GAD dt=.007,0.05,181.0
HIP,Plain GAD dt=.007,0.05,182.0
HIP,Plain GAD dt=.007,0.05,182.0
HIP,Plain GAD dt=.007,0.05,182.0
HIP,Plain GAD dt=.007,0.05,183.0
HIP,Plain GAD dt=.007,0.05,183.0
HIP,Plain GAD dt=.007,0.05,183.0
HIP,Plain GAD dt=.007,0.05,183.0
HIP,Plain GAD dt=.007,0.05,184.0
HIP,Plain GAD dt=.007,0.05,184.0
HIP,Plain GAD dt=.007,0.05,185.0
HIP,Plain GAD dt=.007,0.05,185.0
HIP,Plain GAD dt=.007,0.05,185.0
HIP,Plain GAD dt=.007,0.05,187.0
HIP,Plain GAD dt=.007,0.05,187.0
HIP,Plain GAD dt=.007,0.05,188.0
HIP,Plain GAD dt=.007,0.05,188.0
HIP,Plain GAD dt=.007,0.05,189.0
HIP,Plain GAD dt=.007,0.05,189.0
HIP,Plain GAD dt=.007,0.05,191.0
HIP,Plain GAD dt=.007,0.05,193.0
HIP,Plain GAD dt=.007,0.05,194.0
HIP,Plain GAD dt=.007,0.05,194.0
HIP,Plain GAD dt=.007,0.05,194.0
HIP,Plain GAD dt=.007,0.05,196.0
HIP,Plain GAD dt=.007,0.05,197.0
HIP,Plain GAD dt=.007,0.05,197.0
HIP,Plain GAD dt=.007,0.05,197.0
HIP,Plain GAD dt=.007,0.05,197.0
HIP,Plain GAD dt=.007,0.05,198.0
HIP,Plain GAD dt=.007,0.05,198.0
HIP,Plain GAD dt=.007,0.05,199.0
HIP,Plain GAD dt=.007,0.05,199.0
HIP,Plain GAD dt=.007,0.05,200.0
HIP,Plain GAD dt=.007,0.05,200.0
HIP,Plain GAD dt=.007,0.05,200.0
HIP,Plain GAD dt=.007,0.05,201.0
HIP,Plain GAD dt=.007,0.05,201.0
HIP,Plain GAD dt=.007,0.05,202.0
HIP,Plain GAD dt=.007,0.05,204.0
HIP,Plain GAD dt=.007,0.05,205.0
HIP,Plain GAD dt=.007,0.05,206.0
HIP,Plain GAD dt=.007,0.05,206.0
HIP,Plain GAD dt=.007,0.05,207.0
HIP,Plain GAD dt=.007,0.05,207.0
HIP,Plain GAD dt=.007,0.05,209.0
HIP,Plain GAD dt=.007,0.05,212.0
HIP,Plain GAD dt=.007,0.05,214.0
HIP,Plain GAD dt=.007,0.05,214.0
HIP,Plain GAD dt=.007,0.05,216.0
HIP,Plain GAD dt=.007,0.05,216.0
HIP,Plain GAD dt=.007,0.05,216.0
HIP,Plain GAD dt=.007,0.05,217.0
HIP,Plain GAD dt=.007,0.05,218.0
HIP,Plain GAD dt=.007,0.05,218.0
HIP,Plain GAD dt=.007,0.05,220.0
HIP,Plain GAD dt=.007,0.05,220.0
HIP,Plain GAD dt=.007,0.05,222.0
HIP,Plain GAD dt=.007,0.05,222.0
HIP,Plain GAD dt=.007,0.05,223.0
HIP,Plain GAD dt=.007,0.05,224.0
HIP,Plain GAD dt=.007,0.05,225.0
HIP,Plain GAD dt=.007,0.05,225.0
HIP,Plain GAD dt=.007,0.05,226.0
HIP,Plain GAD dt=.007,0.05,227.0
HIP,Plain GAD dt=.007,0.05,232.0
HIP,Plain GAD dt=.007,0.05,232.0
HIP,Plain GAD dt=.007,0.05,233.0
HIP,Plain GAD dt=.007,0.05,235.0
HIP,Plain GAD dt=.007,0.05,235.0
HIP,Plain GAD dt=.007,0.05,236.0
HIP,Plain GAD dt=.007,0.05,237.0
HIP,Plain GAD dt=.007,0.05,239.0
HIP,Plain GAD dt=.007,0.05,239.0
HIP,Plain GAD dt=.007,0.05,240.0
HIP,Plain GAD dt=.007,0.05,243.0
HIP,Plain GAD dt=.007,0.05,243.0
HIP,Plain GAD dt=.007,0.05,246.0
HIP,Plain GAD dt=.007,0.05,247.0
HIP,Plain GAD dt=.007,0.05,249.0
HIP,Plain GAD dt=.007,0.05,250.0
HIP,Plain GAD dt=.007,0.05,252.0
HIP,Plain GAD dt=.007,0.05,255.0
HIP,Plain GAD dt=.007,0.05,256.0
HIP,Plain GAD dt=.007,0.05,257.0
HIP,Plain GAD dt=.007,0.05,258.0
HIP,Plain GAD dt=.007,0.05,261.0
HIP,Plain GAD dt=.007,0.05,263.0
HIP,Plain GAD dt=.007,0.05,264.0
HIP,Plain GAD dt=.007,0.05,265.0
HIP,Plain GAD dt=.007,0.05,268.0
HIP,Plain GAD dt=.007,0.05,270.0
HIP,Plain GAD dt=.007,0.05,271.0
HIP,Plain GAD dt=.007,0.05,277.0
HIP,Plain GAD dt=.007,0.05,278.0
HIP,Plain GAD dt=.007,0.05,280.0
HIP,Plain GAD dt=.007,0.05,283.0
HIP,Plain GAD dt=.007,0.05,284.0
HIP,Plain GAD dt=.007,0.05,286.0
HIP,Plain GAD dt=.007,0.05,287.0
HIP,Plain GAD dt=.007,0.05,293.0
HIP,Plain GAD dt=.007,0.05,295.0
HIP,Plain GAD dt=.007,0.05,296.0
HIP,Plain GAD dt=.007,0.05,299.0
HIP,Plain GAD dt=.007,0.05,300.0
HIP,Plain GAD dt=.007,0.05,303.0
HIP,Plain GAD dt=.007,0.05,303.0
HIP,Plain GAD dt=.007,0.05,303.0
HIP,Plain GAD dt=.007,0.05,309.0
HIP,Plain GAD dt=.007,0.05,309.0
HIP,Plain GAD dt=.007,0.05,312.0
HIP,Plain GAD dt=.007,0.05,314.0
HIP,Plain GAD dt=.007,0.05,321.0
HIP,Plain GAD dt=.007,0.05,324.0
HIP,Plain GAD dt=.007,0.05,324.0
HIP,Plain GAD dt=.007,0.05,326.0
HIP,Plain GAD dt=.007,0.05,331.0
HIP,Plain GAD dt=.007,0.05,332.0
HIP,Plain GAD dt=.007,0.05,336.0
HIP,Plain GAD dt=.007,0.05,344.0
HIP,Plain GAD dt=.007,0.05,345.0
HIP,Plain GAD dt=.007,0.05,351.0
HIP,Plain GAD dt=.007,0.05,352.0
HIP,Plain GAD dt=.007,0.05,356.0
HIP,Plain GAD dt=.007,0.05,361.0
HIP,Plain GAD dt=.007,0.05,363.0
HIP,Plain GAD dt=.007,0.05,377.0
HIP,Plain GAD dt=.007,0.05,379.0
HIP,Plain GAD dt=.007,0.05,380.0
HIP,Plain GAD dt=.007,0.05,386.0
HIP,Plain GAD dt=.007,0.05,392.0
HIP,Plain GAD dt=.007,0.05,392.0
HIP,Plain GAD dt=.007,0.05,401.0
HIP,Plain GAD dt=.007,0.05,405.0
HIP,Plain GAD dt=.007,0.05,405.0
HIP,Plain GAD dt=.007,0.05,407.0
HIP,Plain GAD dt=.007,0.05,408.0
HIP,Plain GAD dt=.007,0.05,409.0
HIP,Plain GAD dt=.007,0.05,423.0
HIP,Plain GAD dt=.007,0.05,428.0
HIP,Plain GAD dt=.007,0.05,453.0
HIP,Plain GAD dt=.007,0.05,454.0
HIP,Plain GAD dt=.007,0.05,464.0
HIP,Plain GAD dt=.007,0.05,480.0
HIP,Plain GAD dt=.007,0.05,490.0
HIP,Plain GAD dt=.007,0.05,493.0
HIP,Plain GAD dt=.007,0.05,494.0
HIP,Plain GAD dt=.007,0.05,527.0
HIP,Plain GAD dt=.007,0.05,578.0
HIP,Plain GAD dt=.007,0.05,613.0
HIP,Plain GAD dt=.007,0.05,635.0
HIP,Plain GAD dt=.007,0.05,727.0
HIP,Plain GAD dt=.007,0.05,805.0
HIP,Plain GAD dt=.007,0.05,809.0
HIP,Plain GAD dt=.007,0.05,1425.0
HIP,Plain GAD dt=.007,0.05,1862.0
HIP,Plain GAD dt=.007,0.05,2256.0
HIP,Plain GAD dt=.007,0.05,2293.0
HIP,Plain GAD dt=.007,0.1,95.0
HIP,Plain GAD dt=.007,0.1,123.0
HIP,Plain GAD dt=.007,0.1,132.0
HIP,Plain GAD dt=.007,0.1,143.0
HIP,Plain GAD dt=.007,0.1,149.0
HIP,Plain GAD dt=.007,0.1,151.0
HIP,Plain GAD dt=.007,0.1,152.0
HIP,Plain GAD dt=.007,0.1,159.0
HIP,Plain GAD dt=.007,0.1,159.0
HIP,Plain GAD dt=.007,0.1,160.0
HIP,Plain GAD dt=.007,0.1,162.0
HIP,Plain GAD dt=.007,0.1,173.0
HIP,Plain GAD dt=.007,0.1,174.0
HIP,Plain GAD dt=.007,0.1,174.0
HIP,Plain GAD dt=.007,0.1,177.0
HIP,Plain GAD dt=.007,0.1,183.0
HIP,Plain GAD dt=.007,0.1,184.0
HIP,Plain GAD dt=.007,0.1,186.0
HIP,Plain GAD dt=.007,0.1,188.0
HIP,Plain GAD dt=.007,0.1,188.0
HIP,Plain GAD dt=.007,0.1,192.0
HIP,Plain GAD dt=.007,0.1,192.0
HIP,Plain GAD dt=.007,0.1,193.0
HIP,Plain GAD dt=.007,0.1,194.0
HIP,Plain GAD dt=.007,0.1,197.0
HIP,Plain GAD dt=.007,0.1,199.0
HIP,Plain GAD dt=.007,0.1,203.0
HIP,Plain GAD dt=.007,0.1,203.0
HIP,Plain GAD dt=.007,0.1,206.0
HIP,Plain GAD dt=.007,0.1,209.0
HIP,Plain GAD dt=.007,0.1,212.0
HIP,Plain GAD dt=.007,0.1,224.0
HIP,Plain GAD dt=.007,0.1,225.0
HIP,Plain GAD dt=.007,0.1,226.0
HIP,Plain GAD dt=.007,0.1,226.0
HIP,Plain GAD dt=.007,0.1,228.0
HIP,Plain GAD dt=.007,0.1,229.0
HIP,Plain GAD dt=.007,0.1,237.0
HIP,Plain GAD dt=.007,0.1,243.0
HIP,Plain GAD dt=.007,0.1,245.0
HIP,Plain GAD dt=.007,0.1,245.0
HIP,Plain GAD dt=.007,0.1,246.0
HIP,Plain GAD dt=.007,0.1,247.0
HIP,Plain GAD dt=.007,0.1,248.0
HIP,Plain GAD dt=.007,0.1,248.0
HIP,Plain GAD dt=.007,0.1,248.0
HIP,Plain GAD dt=.007,0.1,249.0
HIP,Plain GAD dt=.007,0.1,250.0
HIP,Plain GAD dt=.007,0.1,250.0
HIP,Plain GAD dt=.007,0.1,253.0
HIP,Plain GAD dt=.007,0.1,253.0
HIP,Plain GAD dt=.007,0.1,254.0
HIP,Plain GAD dt=.007,0.1,255.0
HIP,Plain GAD dt=.007,0.1,256.0
HIP,Plain GAD dt=.007,0.1,256.0
HIP,Plain GAD dt=.007,0.1,256.0
HIP,Plain GAD dt=.007,0.1,256.0
HIP,Plain GAD dt=.007,0.1,259.0
HIP,Plain GAD dt=.007,0.1,261.0
HIP,Plain GAD dt=.007,0.1,261.0
HIP,Plain GAD dt=.007,0.1,261.0
HIP,Plain GAD dt=.007,0.1,264.0
HIP,Plain GAD dt=.007,0.1,265.0
HIP,Plain GAD dt=.007,0.1,266.0
HIP,Plain GAD dt=.007,0.1,267.0
HIP,Plain GAD dt=.007,0.1,270.0
HIP,Plain GAD dt=.007,0.1,271.0
HIP,Plain GAD dt=.007,0.1,273.0
HIP,Plain GAD dt=.007,0.1,273.0
HIP,Plain GAD dt=.007,0.1,274.0
HIP,Plain GAD dt=.007,0.1,275.0
HIP,Plain GAD dt=.007,0.1,277.0
HIP,Plain GAD dt=.007,0.1,279.0
HIP,Plain GAD dt=.007,0.1,281.0
HIP,Plain GAD dt=.007,0.1,282.0
HIP,Plain GAD dt=.007,0.1,283.0
HIP,Plain GAD dt=.007,0.1,286.0
HIP,Plain GAD dt=.007,0.1,290.0
HIP,Plain GAD dt=.007,0.1,291.0
HIP,Plain GAD dt=.007,0.1,297.0
HIP,Plain GAD dt=.007,0.1,299.0
HIP,Plain GAD dt=.007,0.1,301.0
HIP,Plain GAD dt=.007,0.1,301.0
HIP,Plain GAD dt=.007,0.1,302.0
HIP,Plain GAD dt=.007,0.1,306.0
HIP,Plain GAD dt=.007,0.1,306.0
HIP,Plain GAD dt=.007,0.1,307.0
HIP,Plain GAD dt=.007,0.1,308.0
HIP,Plain GAD dt=.007,0.1,309.0
HIP,Plain GAD dt=.007,0.1,309.0
HIP,Plain GAD dt=.007,0.1,311.0
HIP,Plain GAD dt=.007,0.1,312.0
HIP,Plain GAD dt=.007,0.1,312.0
HIP,Plain GAD dt=.007,0.1,316.0
HIP,Plain GAD dt=.007,0.1,316.0
HIP,Plain GAD dt=.007,0.1,317.0
HIP,Plain GAD dt=.007,0.1,318.0
HIP,Plain GAD dt=.007,0.1,322.0
HIP,Plain GAD dt=.007,0.1,322.0
HIP,Plain GAD dt=.007,0.1,323.0
HIP,Plain GAD dt=.007,0.1,324.0
HIP,Plain GAD dt=.007,0.1,326.0
HIP,Plain GAD dt=.007,0.1,326.0
HIP,Plain GAD dt=.007,0.1,326.0
HIP,Plain GAD dt=.007,0.1,332.0
HIP,Plain GAD dt=.007,0.1,333.0
HIP,Plain GAD dt=.007,0.1,335.0
HIP,Plain GAD dt=.007,0.1,336.0
HIP,Plain GAD dt=.007,0.1,337.0
HIP,Plain GAD dt=.007,0.1,338.0
HIP,Plain GAD dt=.007,0.1,340.0
HIP,Plain GAD dt=.007,0.1,341.0
HIP,Plain GAD dt=.007,0.1,343.0
HIP,Plain GAD dt=.007,0.1,344.0
HIP,Plain GAD dt=.007,0.1,344.0
HIP,Plain GAD dt=.007,0.1,348.0
HIP,Plain GAD dt=.007,0.1,349.0
HIP,Plain GAD dt=.007,0.1,352.0
HIP,Plain GAD dt=.007,0.1,354.0
HIP,Plain GAD dt=.007,0.1,354.0
HIP,Plain GAD dt=.007,0.1,357.0
HIP,Plain GAD dt=.007,0.1,357.0
HIP,Plain GAD dt=.007,0.1,361.0
HIP,Plain GAD dt=.007,0.1,362.0
HIP,Plain GAD dt=.007,0.1,362.0
HIP,Plain GAD dt=.007,0.1,365.0
HIP,Plain GAD dt=.007,0.1,367.0
HIP,Plain GAD dt=.007,0.1,371.0
HIP,Plain GAD dt=.007,0.1,373.0
HIP,Plain GAD dt=.007,0.1,374.0
HIP,Plain GAD dt=.007,0.1,375.0
HIP,Plain GAD dt=.007,0.1,376.0
HIP,Plain GAD dt=.007,0.1,377.0
HIP,Plain GAD dt=.007,0.1,378.0
HIP,Plain GAD dt=.007,0.1,387.0
HIP,Plain GAD dt=.007,0.1,388.0
HIP,Plain GAD dt=.007,0.1,389.0
HIP,Plain GAD dt=.007,0.1,389.0
HIP,Plain GAD dt=.007,0.1,391.0
HIP,Plain GAD dt=.007,0.1,392.0
HIP,Plain GAD dt=.007,0.1,395.0
HIP,Plain GAD dt=.007,0.1,398.0
HIP,Plain GAD dt=.007,0.1,400.0
HIP,Plain GAD dt=.007,0.1,402.0
HIP,Plain GAD dt=.007,0.1,403.0
HIP,Plain GAD dt=.007,0.1,403.0
HIP,Plain GAD dt=.007,0.1,405.0
HIP,Plain GAD dt=.007,0.1,405.0
HIP,Plain GAD dt=.007,0.1,405.0
HIP,Plain GAD dt=.007,0.1,410.0
HIP,Plain GAD dt=.007,0.1,410.0
HIP,Plain GAD dt=.007,0.1,413.0
HIP,Plain GAD dt=.007,0.1,414.0
HIP,Plain GAD dt=.007,0.1,415.0
HIP,Plain GAD dt=.007,0.1,415.0
HIP,Plain GAD dt=.007,0.1,421.0
HIP,Plain GAD dt=.007,0.1,422.0
HIP,Plain GAD dt=.007,0.1,428.0
HIP,Plain GAD dt=.007,0.1,429.0
HIP,Plain GAD dt=.007,0.1,431.0
HIP,Plain GAD dt=.007,0.1,435.0
HIP,Plain GAD dt=.007,0.1,438.0
HIP,Plain GAD dt=.007,0.1,446.0
HIP,Plain GAD dt=.007,0.1,450.0
HIP,Plain GAD dt=.007,0.1,460.0
HIP,Plain GAD dt=.007,0.1,462.0
HIP,Plain GAD dt=.007,0.1,463.0
HIP,Plain GAD dt=.007,0.1,486.0
HIP,Plain GAD dt=.007,0.1,487.0
HIP,Plain GAD dt=.007,0.1,491.0
HIP,Plain GAD dt=.007,0.1,505.0
HIP,Plain GAD dt=.007,0.1,506.0
HIP,Plain GAD dt=.007,0.1,513.0
HIP,Plain GAD dt=.007,0.1,517.0
HIP,Plain GAD dt=.007,0.1,536.0
HIP,Plain GAD dt=.007,0.1,537.0
HIP,Plain GAD dt=.007,0.1,549.0
HIP,Plain GAD dt=.007,0.1,551.0
HIP,Plain GAD dt=.007,0.1,556.0
HIP,Plain GAD dt=.007,0.1,568.0
HIP,Plain GAD dt=.007,0.1,578.0
HIP,Plain GAD dt=.007,0.1,578.0
HIP,Plain GAD dt=.007,0.1,579.0
HIP,Plain GAD dt=.007,0.1,588.0
HIP,Plain GAD dt=.007,0.1,589.0
HIP,Plain GAD dt=.007,0.1,589.0
HIP,Plain GAD dt=.007,0.1,610.0
HIP,Plain GAD dt=.007,0.1,611.0
HIP,Plain GAD dt=.007,0.1,619.0
HIP,Plain GAD dt=.007,0.1,660.0
HIP,Plain GAD dt=.007,0.1,663.0
HIP,Plain GAD dt=.007,0.1,673.0
HIP,Plain GAD dt=.007,0.1,747.0
HIP,Plain GAD dt=.007,0.1,763.0
HIP,Plain GAD dt=.007,0.1,782.0
HIP,Plain GAD dt=.007,0.1,804.0
HIP,Plain GAD dt=.007,0.1,812.0
HIP,Plain GAD dt=.007,0.1,813.0
HIP,Plain GAD dt=.007,0.1,820.0
HIP,Plain GAD dt=.007,0.1,841.0
HIP,Plain GAD dt=.007,0.1,983.0
HIP,Plain GAD dt=.007,0.1,990.0
HIP,Plain GAD dt=.007,0.1,1070.0
HIP,Plain GAD dt=.007,0.1,1217.0
HIP,Plain GAD dt=.007,0.1,1308.0
HIP,Plain GAD dt=.007,0.1,1738.0
HIP,Plain GAD dt=.007,0.1,2328.0
HIP,Plain GAD dt=.007,0.1,3103.0
HIP,Plain GAD dt=.007,0.1,4587.0
HIP,Plain GAD dt=.007,0.15,161.0
HIP,Plain GAD dt=.007,0.15,175.0
HIP,Plain GAD dt=.007,0.15,184.0
HIP,Plain GAD dt=.007,0.15,186.0
HIP,Plain GAD dt=.007,0.15,188.0
HIP,Plain GAD dt=.007,0.15,191.0
HIP,Plain GAD dt=.007,0.15,207.0
HIP,Plain GAD dt=.007,0.15,222.0
HIP,Plain GAD dt=.007,0.15,224.0
HIP,Plain GAD dt=.007,0.15,227.0
HIP,Plain GAD dt=.007,0.15,227.0
HIP,Plain GAD dt=.007,0.15,231.0
HIP,Plain GAD dt=.007,0.15,232.0
HIP,Plain GAD dt=.007,0.15,234.0
HIP,Plain GAD dt=.007,0.15,237.0
HIP,Plain GAD dt=.007,0.15,262.0
HIP,Plain GAD dt=.007,0.15,263.0
HIP,Plain GAD dt=.007,0.15,267.0
HIP,Plain GAD dt=.007,0.15,269.0
HIP,Plain GAD dt=.007,0.15,270.0
HIP,Plain GAD dt=.007,0.15,271.0
HIP,Plain GAD dt=.007,0.15,274.0
HIP,Plain GAD dt=.007,0.15,280.0
HIP,Plain GAD dt=.007,0.15,283.0
HIP,Plain GAD dt=.007,0.15,288.0
HIP,Plain GAD dt=.007,0.15,289.0
HIP,Plain GAD dt=.007,0.15,290.0
HIP,Plain GAD dt=.007,0.15,292.0
HIP,Plain GAD dt=.007,0.15,303.0
HIP,Plain GAD dt=.007,0.15,308.0
HIP,Plain GAD dt=.007,0.15,308.0
HIP,Plain GAD dt=.007,0.15,308.0
HIP,Plain GAD dt=.007,0.15,309.0
HIP,Plain GAD dt=.007,0.15,311.0
HIP,Plain GAD dt=.007,0.15,312.0
HIP,Plain GAD dt=.007,0.15,314.0
HIP,Plain GAD dt=.007,0.15,314.0
HIP,Plain GAD dt=.007,0.15,315.0
HIP,Plain GAD dt=.007,0.15,316.0
HIP,Plain GAD dt=.007,0.15,320.0
HIP,Plain GAD dt=.007,0.15,321.0
HIP,Plain GAD dt=.007,0.15,325.0
HIP,Plain GAD dt=.007,0.15,326.0
HIP,Plain GAD dt=.007,0.15,328.0
HIP,Plain GAD dt=.007,0.15,332.0
HIP,Plain GAD dt=.007,0.15,333.0
HIP,Plain GAD dt=.007,0.15,336.0
HIP,Plain GAD dt=.007,0.15,338.0
HIP,Plain GAD dt=.007,0.15,343.0
HIP,Plain GAD dt=.007,0.15,343.0
HIP,Plain GAD dt=.007,0.15,346.0
HIP,Plain GAD dt=.007,0.15,347.0
HIP,Plain GAD dt=.007,0.15,351.0
HIP,Plain GAD dt=.007,0.15,363.0
HIP,Plain GAD dt=.007,0.15,365.0
HIP,Plain GAD dt=.007,0.15,369.0
HIP,Plain GAD dt=.007,0.15,370.0
HIP,Plain GAD dt=.007,0.15,376.0
HIP,Plain GAD dt=.007,0.15,379.0
HIP,Plain GAD dt=.007,0.15,380.0
HIP,Plain GAD dt=.007,0.15,385.0
HIP,Plain GAD dt=.007,0.15,388.0
HIP,Plain GAD dt=.007,0.15,389.0
HIP,Plain GAD dt=.007,0.15,390.0
HIP,Plain GAD dt=.007,0.15,391.0
HIP,Plain GAD dt=.007,0.15,391.0
HIP,Plain GAD dt=.007,0.15,395.0
HIP,Plain GAD dt=.007,0.15,397.0
HIP,Plain GAD dt=.007,0.15,400.0
HIP,Plain GAD dt=.007,0.15,403.0
HIP,Plain GAD dt=.007,0.15,405.0
HIP,Plain GAD dt=.007,0.15,407.0
HIP,Plain GAD dt=.007,0.15,409.0
HIP,Plain GAD dt=.007,0.15,410.0
HIP,Plain GAD dt=.007,0.15,418.0
HIP,Plain GAD dt=.007,0.15,418.0
HIP,Plain GAD dt=.007,0.15,418.0
HIP,Plain GAD dt=.007,0.15,425.0
HIP,Plain GAD dt=.007,0.15,433.0
HIP,Plain GAD dt=.007,0.15,434.0
HIP,Plain GAD dt=.007,0.15,436.0
HIP,Plain GAD dt=.007,0.15,436.0
HIP,Plain GAD dt=.007,0.15,437.0
HIP,Plain GAD dt=.007,0.15,437.0
HIP,Plain GAD dt=.007,0.15,445.0
HIP,Plain GAD dt=.007,0.15,448.0
HIP,Plain GAD dt=.007,0.15,450.0
HIP,Plain GAD dt=.007,0.15,453.0
HIP,Plain GAD dt=.007,0.15,461.0
HIP,Plain GAD dt=.007,0.15,463.0
HIP,Plain GAD dt=.007,0.15,467.0
HIP,Plain GAD dt=.007,0.15,467.0
HIP,Plain GAD dt=.007,0.15,471.0
HIP,Plain GAD dt=.007,0.15,473.0
HIP,Plain GAD dt=.007,0.15,474.0
HIP,Plain GAD dt=.007,0.15,476.0
HIP,Plain GAD dt=.007,0.15,479.0
HIP,Plain GAD dt=.007,0.15,487.0
HIP,Plain GAD dt=.007,0.15,489.0
HIP,Plain GAD dt=.007,0.15,490.0
HIP,Plain GAD dt=.007,0.15,490.0
HIP,Plain GAD dt=.007,0.15,493.0
HIP,Plain GAD dt=.007,0.15,496.0
HIP,Plain GAD dt=.007,0.15,498.0
HIP,Plain GAD dt=.007,0.15,501.0
HIP,Plain GAD dt=.007,0.15,507.0
HIP,Plain GAD dt=.007,0.15,514.0
HIP,Plain GAD dt=.007,0.15,515.0
HIP,Plain GAD dt=.007,0.15,515.0
HIP,Plain GAD dt=.007,0.15,517.0
HIP,Plain GAD dt=.007,0.15,518.0
HIP,Plain GAD dt=.007,0.15,519.0
HIP,Plain GAD dt=.007,0.15,519.0
HIP,Plain GAD dt=.007,0.15,522.0
HIP,Plain GAD dt=.007,0.15,527.0
HIP,Plain GAD dt=.007,0.15,532.0
HIP,Plain GAD dt=.007,0.15,532.0
HIP,Plain GAD dt=.007,0.15,534.0
HIP,Plain GAD dt=.007,0.15,544.0
HIP,Plain GAD dt=.007,0.15,545.0
HIP,Plain GAD dt=.007,0.15,548.0
HIP,Plain GAD dt=.007,0.15,559.0
HIP,Plain GAD dt=.007,0.15,559.0
HIP,Plain GAD dt=.007,0.15,563.0
HIP,Plain GAD dt=.007,0.15,572.0
HIP,Plain GAD dt=.007,0.15,605.0
HIP,Plain GAD dt=.007,0.15,609.0
HIP,Plain GAD dt=.007,0.15,622.0
HIP,Plain GAD dt=.007,0.15,625.0
HIP,Plain GAD dt=.007,0.15,632.0
HIP,Plain GAD dt=.007,0.15,639.0
HIP,Plain GAD dt=.007,0.15,642.0
HIP,Plain GAD dt=.007,0.15,646.0
HIP,Plain GAD dt=.007,0.15,649.0
HIP,Plain GAD dt=.007,0.15,650.0
HIP,Plain GAD dt=.007,0.15,651.0
HIP,Plain GAD dt=.007,0.15,665.0
HIP,Plain GAD dt=.007,0.15,666.0
HIP,Plain GAD dt=.007,0.15,666.0
HIP,Plain GAD dt=.007,0.15,674.0
HIP,Plain GAD dt=.007,0.15,676.0
HIP,Plain GAD dt=.007,0.15,735.0
HIP,Plain GAD dt=.007,0.15,740.0
HIP,Plain GAD dt=.007,0.15,740.0
HIP,Plain GAD dt=.007,0.15,783.0
HIP,Plain GAD dt=.007,0.15,784.0
HIP,Plain GAD dt=.007,0.15,798.0
HIP,Plain GAD dt=.007,0.15,867.0
HIP,Plain GAD dt=.007,0.15,883.0
HIP,Plain GAD dt=.007,0.15,897.0
HIP,Plain GAD dt=.007,0.15,940.0
HIP,Plain GAD dt=.007,0.15,944.0
HIP,Plain GAD dt=.007,0.15,976.0
HIP,Plain GAD dt=.007,0.15,1007.0
HIP,Plain GAD dt=.007,0.15,1053.0
HIP,Plain GAD dt=.007,0.15,1137.0
HIP,Plain GAD dt=.007,0.15,1487.0
HIP,Plain GAD dt=.007,0.15,1596.0
HIP,Plain GAD dt=.007,0.15,1997.0
HIP,Plain GAD dt=.007,0.15,2090.0
HIP,Plain GAD dt=.007,0.15,2385.0
HIP,Plain GAD dt=.007,0.15,2388.0
HIP,Plain GAD dt=.007,0.15,3000.0
HIP,Plain GAD dt=.007,0.15,3146.0
HIP,Plain GAD dt=.007,0.15,3992.0
HIP,Plain GAD dt=.007,0.15,4257.0
HIP,Plain GAD dt=.007,0.15,4623.0
HIP,Plain GAD dt=.007,0.2,185.0
HIP,Plain GAD dt=.007,0.2,192.0
HIP,Plain GAD dt=.007,0.2,202.0
HIP,Plain GAD dt=.007,0.2,214.0
HIP,Plain GAD dt=.007,0.2,223.0
HIP,Plain GAD dt=.007,0.2,245.0
HIP,Plain GAD dt=.007,0.2,249.0
HIP,Plain GAD dt=.007,0.2,250.0
HIP,Plain GAD dt=.007,0.2,250.0
HIP,Plain GAD dt=.007,0.2,262.0
HIP,Plain GAD dt=.007,0.2,263.0
HIP,Plain GAD dt=.007,0.2,287.0
HIP,Plain GAD dt=.007,0.2,289.0
HIP,Plain GAD dt=.007,0.2,292.0
HIP,Plain GAD dt=.007,0.2,308.0
HIP,Plain GAD dt=.007,0.2,317.0
HIP,Plain GAD dt=.007,0.2,324.0
HIP,Plain GAD dt=.007,0.2,325.0
HIP,Plain GAD dt=.007,0.2,341.0
HIP,Plain GAD dt=.007,0.2,342.0
HIP,Plain GAD dt=.007,0.2,343.0
HIP,Plain GAD dt=.007,0.2,347.0
HIP,Plain GAD dt=.007,0.2,348.0
HIP,Plain GAD dt=.007,0.2,354.0
HIP,Plain GAD dt=.007,0.2,354.0
HIP,Plain GAD dt=.007,0.2,362.0
HIP,Plain GAD dt=.007,0.2,367.0
HIP,Plain GAD dt=.007,0.2,370.0
HIP,Plain GAD dt=.007,0.2,373.0
HIP,Plain GAD dt=.007,0.2,375.0
HIP,Plain GAD dt=.007,0.2,382.0
HIP,Plain GAD dt=.007,0.2,386.0
HIP,Plain GAD dt=.007,0.2,387.0
HIP,Plain GAD dt=.007,0.2,388.0
HIP,Plain GAD dt=.007,0.2,390.0
HIP,Plain GAD dt=.007,0.2,395.0
HIP,Plain GAD dt=.007,0.2,395.0
HIP,Plain GAD dt=.007,0.2,396.0
HIP,Plain GAD dt=.007,0.2,397.0
HIP,Plain GAD dt=.007,0.2,401.0
HIP,Plain GAD dt=.007,0.2,419.0
HIP,Plain GAD dt=.007,0.2,430.0
HIP,Plain GAD dt=.007,0.2,430.0
HIP,Plain GAD dt=.007,0.2,433.0
HIP,Plain GAD dt=.007,0.2,441.0
HIP,Plain GAD dt=.007,0.2,445.0
HIP,Plain GAD dt=.007,0.2,451.0
HIP,Plain GAD dt=.007,0.2,459.0
HIP,Plain GAD dt=.007,0.2,461.0
HIP,Plain GAD dt=.007,0.2,468.0
HIP,Plain GAD dt=.007,0.2,470.0
HIP,Plain GAD dt=.007,0.2,470.0
HIP,Plain GAD dt=.007,0.2,472.0
HIP,Plain GAD dt=.007,0.2,481.0
HIP,Plain GAD dt=.007,0.2,481.0
HIP,Plain GAD dt=.007,0.2,487.0
HIP,Plain GAD dt=.007,0.2,506.0
HIP,Plain GAD dt=.007,0.2,512.0
HIP,Plain GAD dt=.007,0.2,518.0
HIP,Plain GAD dt=.007,0.2,520.0
HIP,Plain GAD dt=.007,0.2,530.0
HIP,Plain GAD dt=.007,0.2,537.0
HIP,Plain GAD dt=.007,0.2,542.0
HIP,Plain GAD dt=.007,0.2,545.0
HIP,Plain GAD dt=.007,0.2,547.0
HIP,Plain GAD dt=.007,0.2,549.0
HIP,Plain GAD dt=.007,0.2,560.0
HIP,Plain GAD dt=.007,0.2,566.0
HIP,Plain GAD dt=.007,0.2,567.0
HIP,Plain GAD dt=.007,0.2,578.0
HIP,Plain GAD dt=.007,0.2,579.0
HIP,Plain GAD dt=.007,0.2,587.0
HIP,Plain GAD dt=.007,0.2,588.0
HIP,Plain GAD dt=.007,0.2,592.0
HIP,Plain GAD dt=.007,0.2,595.0
HIP,Plain GAD dt=.007,0.2,610.0
HIP,Plain GAD dt=.007,0.2,616.0
HIP,Plain GAD dt=.007,0.2,619.0
HIP,Plain GAD dt=.007,0.2,623.0
HIP,Plain GAD dt=.007,0.2,638.0
HIP,Plain GAD dt=.007,0.2,639.0
HIP,Plain GAD dt=.007,0.2,640.0
HIP,Plain GAD dt=.007,0.2,643.0
HIP,Plain GAD dt=.007,0.2,644.0
HIP,Plain GAD dt=.007,0.2,679.0
HIP,Plain GAD dt=.007,0.2,685.0
HIP,Plain GAD dt=.007,0.2,689.0
HIP,Plain GAD dt=.007,0.2,690.0
HIP,Plain GAD dt=.007,0.2,693.0
HIP,Plain GAD dt=.007,0.2,717.0
HIP,Plain GAD dt=.007,0.2,717.0
HIP,Plain GAD dt=.007,0.2,742.0
HIP,Plain GAD dt=.007,0.2,744.0
HIP,Plain GAD dt=.007,0.2,752.0
HIP,Plain GAD dt=.007,0.2,755.0
HIP,Plain GAD dt=.007,0.2,757.0
HIP,Plain GAD dt=.007,0.2,757.0
HIP,Plain GAD dt=.007,0.2,764.0
HIP,Plain GAD dt=.007,0.2,810.0
HIP,Plain GAD dt=.007,0.2,844.0
HIP,Plain GAD dt=.007,0.2,862.0
HIP,Plain GAD dt=.007,0.2,924.0
HIP,Plain GAD dt=.007,0.2,975.0
HIP,Plain GAD dt=.007,0.2,1021.0
HIP,Plain GAD dt=.007,0.2,1129.0
HIP,Plain GAD dt=.007,0.2,1130.0
HIP,Plain GAD dt=.007,0.2,1215.0
HIP,Plain GAD dt=.007,0.2,1281.0
HIP,Plain GAD dt=.007,0.2,1487.0
HIP,Plain GAD dt=.007,0.2,1488.0
HIP,Plain GAD dt=.007,0.2,1509.0
HIP,Plain GAD dt=.007,0.2,1996.0
HIP,Plain GAD dt=.007,0.2,2045.0
HIP,Plain GAD dt=.007,0.2,2074.0
HIP,Plain GAD dt=.007,0.2,2092.0
HIP,Plain GAD dt=.007,0.2,2237.0
HIP,Plain GAD dt=.007,0.2,2266.0
HIP,Plain GAD dt=.007,0.2,2287.0
HIP,Plain GAD dt=.007,0.2,2447.0
HIP,Plain GAD dt=.007,0.2,2599.0
HIP,Plain GAD dt=.007,0.2,2678.0
HIP,Plain GAD dt=.007,0.2,2974.0
HIP,Plain GAD dt=.007,0.2,3153.0
HIP,Plain GAD dt=.007,0.2,3197.0
HIP,Plain GAD dt=.007,0.2,3843.0
HIP,Plain GAD dt=.007,0.2,3936.0
HIP,Plain GAD dt=.007,0.2,4566.0
HIP,Plain GAD dt=.007,0.2,4893.0
HIP,Sella + Eckart d=1,0.01,2.0
HIP,Sella + Eckart d=1,0.01,2.0
HIP,Sella + Eckart d=1,0.01,2.0
HIP,Sella + Eckart d=1,0.01,2.0
HIP,Sella + Eckart d=1,0.01,2.0
HIP,Sella + Eckart d=1,0.01,2.0
HIP,Sella + Eckart d=1,0.01,2.0
HIP,Sella + Eckart d=1,0.01,2.0
HIP,Sella + Eckart d=1,0.01,2.0
HIP,Sella + Eckart d=1,0.01,2.0
HIP,Sella + Eckart d=1,0.01,2.0
HIP,Sella + Eckart d=1,0.01,2.0
HIP,Sella + Eckart d=1,0.01,3.0
HIP,Sella + Eckart d=1,0.01,3.0
HIP,Sella + Eckart d=1,0.01,3.0
HIP,Sella + Eckart d=1,0.01,3.0
HIP,Sella + Eckart d=1,0.01,3.0
HIP,Sella + Eckart d=1,0.01,3.0
HIP,Sella + Eckart d=1,0.01,3.0
HIP,Sella + Eckart d=1,0.01,3.0
HIP,Sella + Eckart d=1,0.01,3.0
HIP,Sella + Eckart d=1,0.01,3.0
HIP,Sella + Eckart d=1,0.01,3.0
HIP,Sella + Eckart d=1,0.01,3.0
HIP,Sella + Eckart d=1,0.01,3.0
HIP,Sella + Eckart d=1,0.01,3.0
HIP,Sella + Eckart d=1,0.01,3.0
HIP,Sella + Eckart d=1,0.01,3.0
HIP,Sella + Eckart d=1,0.01,3.0
HIP,Sella + Eckart d=1,0.01,3.0
HIP,Sella + Eckart d=1,0.01,3.0
HIP,Sella + Eckart d=1,0.01,3.0
HIP,Sella + Eckart d=1,0.01,3.0
HIP,Sella + Eckart d=1,0.01,3.0
HIP,Sella + Eckart d=1,0.01,3.0
HIP,Sella + Eckart d=1,0.01,3.0
HIP,Sella + Eckart d=1,0.01,3.0
HIP,Sella + Eckart d=1,0.01,3.0
HIP,Sella + Eckart d=1,0.01,3.0
HIP,Sella + Eckart d=1,0.01,3.0
HIP,Sella + Eckart d=1,0.01,3.0
HIP,Sella + Eckart d=1,0.01,3.0
HIP,Sella + Eckart d=1,0.01,3.0
HIP,Sella + Eckart d=1,0.01,3.0
HIP,Sella + Eckart d=1,0.01,3.0
HIP,Sella + Eckart d=1,0.01,3.0
HIP,Sella + Eckart d=1,0.01,3.0
HIP,Sella + Eckart d=1,0.01,3.0
HIP,Sella + Eckart d=1,0.01,3.0
HIP,Sella + Eckart d=1,0.01,3.0
HIP,Sella + Eckart d=1,0.01,3.0
HIP,Sella + Eckart d=1,0.01,3.0
HIP,Sella + Eckart d=1,0.01,3.0
HIP,Sella + Eckart d=1,0.01,3.0
HIP,Sella + Eckart d=1,0.01,4.0
HIP,Sella + Eckart d=1,0.01,4.0
HIP,Sella + Eckart d=1,0.01,4.0
HIP,Sella + Eckart d=1,0.01,4.0
HIP,Sella + Eckart d=1,0.01,4.0
HIP,Sella + Eckart d=1,0.01,4.0
HIP,Sella + Eckart d=1,0.01,4.0
HIP,Sella + Eckart d=1,0.01,4.0
HIP,Sella + Eckart d=1,0.01,4.0
HIP,Sella + Eckart d=1,0.01,4.0
HIP,Sella + Eckart d=1,0.01,4.0
HIP,Sella + Eckart d=1,0.01,4.0
HIP,Sella + Eckart d=1,0.01,4.0
HIP,Sella + Eckart d=1,0.01,4.0
HIP,Sella + Eckart d=1,0.01,4.0
HIP,Sella + Eckart d=1,0.01,4.0
HIP,Sella + Eckart d=1,0.01,4.0
HIP,Sella + Eckart d=1,0.01,4.0
HIP,Sella + Eckart d=1,0.01,4.0
HIP,Sella + Eckart d=1,0.01,4.0
HIP,Sella + Eckart d=1,0.01,4.0
HIP,Sella + Eckart d=1,0.01,4.0
HIP,Sella + Eckart d=1,0.01,4.0
HIP,Sella + Eckart d=1,0.01,4.0
HIP,Sella + Eckart d=1,0.01,4.0
HIP,Sella + Eckart d=1,0.01,4.0
HIP,Sella + Eckart d=1,0.01,4.0
HIP,Sella + Eckart d=1,0.01,4.0
HIP,Sella + Eckart d=1,0.01,4.0
HIP,Sella + Eckart d=1,0.01,4.0
HIP,Sella + Eckart d=1,0.01,4.0
HIP,Sella + Eckart d=1,0.01,4.0
HIP,Sella + Eckart d=1,0.01,4.0
HIP,Sella + Eckart d=1,0.01,4.0
HIP,Sella + Eckart d=1,0.01,4.0
HIP,Sella + Eckart d=1,0.01,4.0
HIP,Sella + Eckart d=1,0.01,4.0
HIP,Sella + Eckart d=1,0.01,4.0
HIP,Sella + Eckart d=1,0.01,4.0
HIP,Sella + Eckart d=1,0.01,4.0
HIP,Sella + Eckart d=1,0.01,4.0
HIP,Sella + Eckart d=1,0.01,4.0
HIP,Sella + Eckart d=1,0.01,4.0
HIP,Sella + Eckart d=1,0.01,4.0
HIP,Sella + Eckart d=1,0.01,4.0
HIP,Sella + Eckart d=1,0.01,4.0
HIP,Sella + Eckart d=1,0.01,4.0
HIP,Sella + Eckart d=1,0.01,4.0
HIP,Sella + Eckart d=1,0.01,4.0
HIP,Sella + Eckart d=1,0.01,4.0
HIP,Sella + Eckart d=1,0.01,4.0
HIP,Sella + Eckart d=1,0.01,4.0
HIP,Sella + Eckart d=1,0.01,4.0
HIP,Sella + Eckart d=1,0.01,4.0
HIP,Sella + Eckart d=1,0.01,4.0
HIP,Sella + Eckart d=1,0.01,4.0
HIP,Sella + Eckart d=1,0.01,4.0
HIP,Sella + Eckart d=1,0.01,4.0
HIP,Sella + Eckart d=1,0.01,4.0
HIP,Sella + Eckart d=1,0.01,4.0
HIP,Sella + Eckart d=1,0.01,4.0
HIP,Sella + Eckart d=1,0.01,4.0
HIP,Sella + Eckart d=1,0.01,4.0
HIP,Sella + Eckart d=1,0.01,4.0
HIP,Sella + Eckart d=1,0.01,4.0
HIP,Sella + Eckart d=1,0.01,4.0
HIP,Sella + Eckart d=1,0.01,4.0
HIP,Sella + Eckart d=1,0.01,4.0
HIP,Sella + Eckart d=1,0.01,4.0
HIP,Sella + Eckart d=1,0.01,4.0
HIP,Sella + Eckart d=1,0.01,4.0
HIP,Sella + Eckart d=1,0.01,4.0
HIP,Sella + Eckart d=1,0.01,4.0
HIP,Sella + Eckart d=1,0.01,4.0
HIP,Sella + Eckart d=1,0.01,4.0
HIP,Sella + Eckart d=1,0.01,4.0
HIP,Sella + Eckart d=1,0.01,4.0
HIP,Sella + Eckart d=1,0.01,4.0
HIP,Sella + Eckart d=1,0.01,4.0
HIP,Sella + Eckart d=1,0.01,4.0
HIP,Sella + Eckart d=1,0.01,4.0
HIP,Sella + Eckart d=1,0.01,4.0
HIP,Sella + Eckart d=1,0.01,4.0
HIP,Sella + Eckart d=1,0.01,4.0
HIP,Sella + Eckart d=1,0.01,4.0
HIP,Sella + Eckart d=1,0.01,4.0
HIP,Sella + Eckart d=1,0.01,4.0
HIP,Sella + Eckart d=1,0.01,5.0
HIP,Sella + Eckart d=1,0.01,5.0
HIP,Sella + Eckart d=1,0.01,5.0
HIP,Sella + Eckart d=1,0.01,5.0
HIP,Sella + Eckart d=1,0.01,5.0
HIP,Sella + Eckart d=1,0.01,5.0
HIP,Sella + Eckart d=1,0.01,5.0
HIP,Sella + Eckart d=1,0.01,5.0
HIP,Sella + Eckart d=1,0.01,5.0
HIP,Sella + Eckart d=1,0.01,5.0
HIP,Sella + Eckart d=1,0.01,5.0
HIP,Sella + Eckart d=1,0.01,5.0
HIP,Sella + Eckart d=1,0.01,5.0
HIP,Sella + Eckart d=1,0.01,5.0
HIP,Sella + Eckart d=1,0.01,5.0
HIP,Sella + Eckart d=1,0.01,5.0
HIP,Sella + Eckart d=1,0.01,5.0
HIP,Sella + Eckart d=1,0.01,5.0
HIP,Sella + Eckart d=1,0.01,5.0
HIP,Sella + Eckart d=1,0.01,5.0
HIP,Sella + Eckart d=1,0.01,5.0
HIP,Sella + Eckart d=1,0.01,5.0
HIP,Sella + Eckart d=1,0.01,5.0
HIP,Sella + Eckart d=1,0.01,5.0
HIP,Sella + Eckart d=1,0.01,5.0
HIP,Sella + Eckart d=1,0.01,5.0
HIP,Sella + Eckart d=1,0.01,5.0
HIP,Sella + Eckart d=1,0.01,5.0
HIP,Sella + Eckart d=1,0.01,5.0
HIP,Sella + Eckart d=1,0.01,5.0
HIP,Sella + Eckart d=1,0.01,5.0
HIP,Sella + Eckart d=1,0.01,5.0
HIP,Sella + Eckart d=1,0.01,5.0
HIP,Sella + Eckart d=1,0.01,5.0
HIP,Sella + Eckart d=1,0.01,5.0
HIP,Sella + Eckart d=1,0.01,5.0
HIP,Sella + Eckart d=1,0.01,5.0
HIP,Sella + Eckart d=1,0.01,5.0
HIP,Sella + Eckart d=1,0.01,5.0
HIP,Sella + Eckart d=1,0.01,5.0
HIP,Sella + Eckart d=1,0.01,5.0
HIP,Sella + Eckart d=1,0.01,5.0
HIP,Sella + Eckart d=1,0.01,5.0
HIP,Sella + Eckart d=1,0.01,5.0
HIP,Sella + Eckart d=1,0.01,5.0
HIP,Sella + Eckart d=1,0.01,5.0
HIP,Sella + Eckart d=1,0.01,5.0
HIP,Sella + Eckart d=1,0.01,6.0
HIP,Sella + Eckart d=1,0.01,6.0
HIP,Sella + Eckart d=1,0.01,6.0
HIP,Sella + Eckart d=1,0.01,6.0
HIP,Sella + Eckart d=1,0.01,6.0
HIP,Sella + Eckart d=1,0.01,6.0
HIP,Sella + Eckart d=1,0.01,6.0
HIP,Sella + Eckart d=1,0.01,6.0
HIP,Sella + Eckart d=1,0.01,6.0
HIP,Sella + Eckart d=1,0.01,6.0
HIP,Sella + Eckart d=1,0.01,6.0
HIP,Sella + Eckart d=1,0.01,6.0
HIP,Sella + Eckart d=1,0.01,6.0
HIP,Sella + Eckart d=1,0.01,6.0
HIP,Sella + Eckart d=1,0.01,6.0
HIP,Sella + Eckart d=1,0.01,6.0
HIP,Sella + Eckart d=1,0.01,6.0
HIP,Sella + Eckart d=1,0.01,6.0
HIP,Sella + Eckart d=1,0.01,6.0
HIP,Sella + Eckart d=1,0.01,6.0
HIP,Sella + Eckart d=1,0.01,6.0
HIP,Sella + Eckart d=1,0.01,6.0
HIP,Sella + Eckart d=1,0.01,6.0
HIP,Sella + Eckart d=1,0.01,6.0
HIP,Sella + Eckart d=1,0.01,6.0
HIP,Sella + Eckart d=1,0.01,6.0
HIP,Sella + Eckart d=1,0.01,6.0
HIP,Sella + Eckart d=1,0.01,6.0
HIP,Sella + Eckart d=1,0.01,6.0
HIP,Sella + Eckart d=1,0.01,6.0
HIP,Sella + Eckart d=1,0.01,6.0
HIP,Sella + Eckart d=1,0.01,6.0
HIP,Sella + Eckart d=1,0.01,6.0
HIP,Sella + Eckart d=1,0.01,6.0
HIP,Sella + Eckart d=1,0.01,6.0
HIP,Sella + Eckart d=1,0.01,6.0
HIP,Sella + Eckart d=1,0.01,6.0
HIP,Sella + Eckart d=1,0.01,6.0
HIP,Sella + Eckart d=1,0.01,6.0
HIP,Sella + Eckart d=1,0.01,6.0
HIP,Sella + Eckart d=1,0.01,7.0
HIP,Sella + Eckart d=1,0.01,7.0
HIP,Sella + Eckart d=1,0.01,7.0
HIP,Sella + Eckart d=1,0.01,7.0
HIP,Sella + Eckart d=1,0.01,7.0
HIP,Sella + Eckart d=1,0.01,7.0
HIP,Sella + Eckart d=1,0.01,7.0
HIP,Sella + Eckart d=1,0.01,7.0
HIP,Sella + Eckart d=1,0.01,7.0
HIP,Sella + Eckart d=1,0.01,7.0
HIP,Sella + Eckart d=1,0.01,7.0
HIP,Sella + Eckart d=1,0.01,7.0
HIP,Sella + Eckart d=1,0.01,8.0
HIP,Sella + Eckart d=1,0.01,8.0
HIP,Sella + Eckart d=1,0.01,8.0
HIP,Sella + Eckart d=1,0.01,8.0
HIP,Sella + Eckart d=1,0.01,8.0
HIP,Sella + Eckart d=1,0.01,8.0
HIP,Sella + Eckart d=1,0.01,8.0
HIP,Sella + Eckart d=1,0.01,8.0
HIP,Sella + Eckart d=1,0.01,8.0
HIP,Sella + Eckart d=1,0.01,8.0
HIP,Sella + Eckart d=1,0.01,9.0
HIP,Sella + Eckart d=1,0.01,10.0
HIP,Sella + Eckart d=1,0.01,11.0
HIP,Sella + Eckart d=1,0.01,11.0
HIP,Sella + Eckart d=1,0.01,13.0
HIP,Sella + Eckart d=1,0.01,17.0
HIP,Sella + Eckart d=1,0.01,22.0
HIP,Sella + Eckart d=1,0.01,25.0
HIP,Sella + Eckart d=1,0.01,40.0
HIP,Sella + Eckart d=1,0.01,42.0
HIP,Sella + Eckart d=1,0.01,102.0
HIP,Sella + Eckart d=1,0.01,2000.0
HIP,Sella + Eckart d=1,0.01,2000.0
HIP,Sella + Eckart d=1,0.01,2000.0
HIP,Sella + Eckart d=1,0.01,2000.0
HIP,Sella + Eckart d=1,0.01,2000.0
HIP,Sella + Eckart d=1,0.03,4.0
HIP,Sella + Eckart d=1,0.03,4.0
HIP,Sella + Eckart d=1,0.03,4.0
HIP,Sella + Eckart d=1,0.03,4.0
HIP,Sella + Eckart d=1,0.03,4.0
HIP,Sella + Eckart d=1,0.03,4.0
HIP,Sella + Eckart d=1,0.03,4.0
HIP,Sella + Eckart d=1,0.03,4.0
HIP,Sella + Eckart d=1,0.03,4.0
HIP,Sella + Eckart d=1,0.03,4.0
HIP,Sella + Eckart d=1,0.03,4.0
HIP,Sella + Eckart d=1,0.03,4.0
HIP,Sella + Eckart d=1,0.03,4.0
HIP,Sella + Eckart d=1,0.03,4.0
HIP,Sella + Eckart d=1,0.03,4.0
HIP,Sella + Eckart d=1,0.03,4.0
HIP,Sella + Eckart d=1,0.03,4.0
HIP,Sella + Eckart d=1,0.03,4.0
HIP,Sella + Eckart d=1,0.03,4.0
HIP,Sella + Eckart d=1,0.03,4.0
HIP,Sella + Eckart d=1,0.03,4.0
HIP,Sella + Eckart d=1,0.03,4.0
HIP,Sella + Eckart d=1,0.03,4.0
HIP,Sella + Eckart d=1,0.03,4.0
HIP,Sella + Eckart d=1,0.03,4.0
HIP,Sella + Eckart d=1,0.03,4.0
HIP,Sella + Eckart d=1,0.03,5.0
HIP,Sella + Eckart d=1,0.03,5.0
HIP,Sella + Eckart d=1,0.03,5.0
HIP,Sella + Eckart d=1,0.03,5.0
HIP,Sella + Eckart d=1,0.03,5.0
HIP,Sella + Eckart d=1,0.03,5.0
HIP,Sella + Eckart d=1,0.03,5.0
HIP,Sella + Eckart d=1,0.03,5.0
HIP,Sella + Eckart d=1,0.03,5.0
HIP,Sella + Eckart d=1,0.03,5.0
HIP,Sella + Eckart d=1,0.03,5.0
HIP,Sella + Eckart d=1,0.03,5.0
HIP,Sella + Eckart d=1,0.03,5.0
HIP,Sella + Eckart d=1,0.03,5.0
HIP,Sella + Eckart d=1,0.03,5.0
HIP,Sella + Eckart d=1,0.03,5.0
HIP,Sella + Eckart d=1,0.03,5.0
HIP,Sella + Eckart d=1,0.03,5.0
HIP,Sella + Eckart d=1,0.03,5.0
HIP,Sella + Eckart d=1,0.03,5.0
HIP,Sella + Eckart d=1,0.03,5.0
HIP,Sella + Eckart d=1,0.03,5.0
HIP,Sella + Eckart d=1,0.03,5.0
HIP,Sella + Eckart d=1,0.03,5.0
HIP,Sella + Eckart d=1,0.03,5.0
HIP,Sella + Eckart d=1,0.03,5.0
HIP,Sella + Eckart d=1,0.03,5.0
HIP,Sella + Eckart d=1,0.03,5.0
HIP,Sella + Eckart d=1,0.03,5.0
HIP,Sella + Eckart d=1,0.03,5.0
HIP,Sella + Eckart d=1,0.03,5.0
HIP,Sella + Eckart d=1,0.03,5.0
HIP,Sella + Eckart d=1,0.03,5.0
HIP,Sella + Eckart d=1,0.03,5.0
HIP,Sella + Eckart d=1,0.03,5.0
HIP,Sella + Eckart d=1,0.03,5.0
HIP,Sella + Eckart d=1,0.03,5.0
HIP,Sella + Eckart d=1,0.03,5.0
HIP,Sella + Eckart d=1,0.03,5.0
HIP,Sella + Eckart d=1,0.03,5.0
HIP,Sella + Eckart d=1,0.03,5.0
HIP,Sella + Eckart d=1,0.03,5.0
HIP,Sella + Eckart d=1,0.03,5.0
HIP,Sella + Eckart d=1,0.03,5.0
HIP,Sella + Eckart d=1,0.03,5.0
HIP,Sella + Eckart d=1,0.03,5.0
HIP,Sella + Eckart d=1,0.03,6.0
HIP,Sella + Eckart d=1,0.03,6.0
HIP,Sella + Eckart d=1,0.03,6.0
HIP,Sella + Eckart d=1,0.03,6.0
HIP,Sella + Eckart d=1,0.03,6.0
HIP,Sella + Eckart d=1,0.03,6.0
HIP,Sella + Eckart d=1,0.03,6.0
HIP,Sella + Eckart d=1,0.03,6.0
HIP,Sella + Eckart d=1,0.03,6.0
HIP,Sella + Eckart d=1,0.03,6.0
HIP,Sella + Eckart d=1,0.03,6.0
HIP,Sella + Eckart d=1,0.03,6.0
HIP,Sella + Eckart d=1,0.03,6.0
HIP,Sella + Eckart d=1,0.03,6.0
HIP,Sella + Eckart d=1,0.03,6.0
HIP,Sella + Eckart d=1,0.03,6.0
HIP,Sella + Eckart d=1,0.03,6.0
HIP,Sella + Eckart d=1,0.03,6.0
HIP,Sella + Eckart d=1,0.03,6.0
HIP,Sella + Eckart d=1,0.03,6.0
HIP,Sella + Eckart d=1,0.03,6.0
HIP,Sella + Eckart d=1,0.03,6.0
HIP,Sella + Eckart d=1,0.03,6.0
HIP,Sella + Eckart d=1,0.03,6.0
HIP,Sella + Eckart d=1,0.03,6.0
HIP,Sella + Eckart d=1,0.03,6.0
HIP,Sella + Eckart d=1,0.03,6.0
HIP,Sella + Eckart d=1,0.03,6.0
HIP,Sella + Eckart d=1,0.03,6.0
HIP,Sella + Eckart d=1,0.03,6.0
HIP,Sella + Eckart d=1,0.03,6.0
HIP,Sella + Eckart d=1,0.03,6.0
HIP,Sella + Eckart d=1,0.03,6.0
HIP,Sella + Eckart d=1,0.03,6.0
HIP,Sella + Eckart d=1,0.03,6.0
HIP,Sella + Eckart d=1,0.03,6.0
HIP,Sella + Eckart d=1,0.03,6.0
HIP,Sella + Eckart d=1,0.03,6.0
HIP,Sella + Eckart d=1,0.03,6.0
HIP,Sella + Eckart d=1,0.03,6.0
HIP,Sella + Eckart d=1,0.03,6.0
HIP,Sella + Eckart d=1,0.03,6.0
HIP,Sella + Eckart d=1,0.03,6.0
HIP,Sella + Eckart d=1,0.03,6.0
HIP,Sella + Eckart d=1,0.03,6.0
HIP,Sella + Eckart d=1,0.03,6.0
HIP,Sella + Eckart d=1,0.03,6.0
HIP,Sella + Eckart d=1,0.03,6.0
HIP,Sella + Eckart d=1,0.03,6.0
HIP,Sella + Eckart d=1,0.03,6.0
HIP,Sella + Eckart d=1,0.03,6.0
HIP,Sella + Eckart d=1,0.03,6.0
HIP,Sella + Eckart d=1,0.03,6.0
HIP,Sella + Eckart d=1,0.03,6.0
HIP,Sella + Eckart d=1,0.03,6.0
HIP,Sella + Eckart d=1,0.03,6.0
HIP,Sella + Eckart d=1,0.03,6.0
HIP,Sella + Eckart d=1,0.03,6.0
HIP,Sella + Eckart d=1,0.03,6.0
HIP,Sella + Eckart d=1,0.03,6.0
HIP,Sella + Eckart d=1,0.03,6.0
HIP,Sella + Eckart d=1,0.03,6.0
HIP,Sella + Eckart d=1,0.03,6.0
HIP,Sella + Eckart d=1,0.03,6.0
HIP,Sella + Eckart d=1,0.03,6.0
HIP,Sella + Eckart d=1,0.03,6.0
HIP,Sella + Eckart d=1,0.03,6.0
HIP,Sella + Eckart d=1,0.03,6.0
HIP,Sella + Eckart d=1,0.03,6.0
HIP,Sella + Eckart d=1,0.03,6.0
HIP,Sella + Eckart d=1,0.03,6.0
HIP,Sella + Eckart d=1,0.03,6.0
HIP,Sella + Eckart d=1,0.03,6.0
HIP,Sella + Eckart d=1,0.03,6.0
HIP,Sella + Eckart d=1,0.03,7.0
HIP,Sella + Eckart d=1,0.03,7.0
HIP,Sella + Eckart d=1,0.03,7.0
HIP,Sella + Eckart d=1,0.03,7.0
HIP,Sella + Eckart d=1,0.03,7.0
HIP,Sella + Eckart d=1,0.03,7.0
HIP,Sella + Eckart d=1,0.03,7.0
HIP,Sella + Eckart d=1,0.03,7.0
HIP,Sella + Eckart d=1,0.03,7.0
HIP,Sella + Eckart d=1,0.03,7.0
HIP,Sella + Eckart d=1,0.03,7.0
HIP,Sella + Eckart d=1,0.03,7.0
HIP,Sella + Eckart d=1,0.03,7.0
HIP,Sella + Eckart d=1,0.03,7.0
HIP,Sella + Eckart d=1,0.03,7.0
HIP,Sella + Eckart d=1,0.03,7.0
HIP,Sella + Eckart d=1,0.03,7.0
HIP,Sella + Eckart d=1,0.03,7.0
HIP,Sella + Eckart d=1,0.03,7.0
HIP,Sella + Eckart d=1,0.03,7.0
HIP,Sella + Eckart d=1,0.03,7.0
HIP,Sella + Eckart d=1,0.03,7.0
HIP,Sella + Eckart d=1,0.03,7.0
HIP,Sella + Eckart d=1,0.03,7.0
HIP,Sella + Eckart d=1,0.03,7.0
HIP,Sella + Eckart d=1,0.03,7.0
HIP,Sella + Eckart d=1,0.03,7.0
HIP,Sella + Eckart d=1,0.03,7.0
HIP,Sella + Eckart d=1,0.03,7.0
HIP,Sella + Eckart d=1,0.03,7.0
HIP,Sella + Eckart d=1,0.03,7.0
HIP,Sella + Eckart d=1,0.03,7.0
HIP,Sella + Eckart d=1,0.03,7.0
HIP,Sella + Eckart d=1,0.03,7.0
HIP,Sella + Eckart d=1,0.03,7.0
HIP,Sella + Eckart d=1,0.03,7.0
HIP,Sella + Eckart d=1,0.03,7.0
HIP,Sella + Eckart d=1,0.03,7.0
HIP,Sella + Eckart d=1,0.03,7.0
HIP,Sella + Eckart d=1,0.03,7.0
HIP,Sella + Eckart d=1,0.03,7.0
HIP,Sella + Eckart d=1,0.03,7.0
HIP,Sella + Eckart d=1,0.03,7.0
HIP,Sella + Eckart d=1,0.03,7.0
HIP,Sella + Eckart d=1,0.03,7.0
HIP,Sella + Eckart d=1,0.03,7.0
HIP,Sella + Eckart d=1,0.03,7.0
HIP,Sella + Eckart d=1,0.03,7.0
HIP,Sella + Eckart d=1,0.03,7.0
HIP,Sella + Eckart d=1,0.03,8.0
HIP,Sella + Eckart d=1,0.03,8.0
HIP,Sella + Eckart d=1,0.03,8.0
HIP,Sella + Eckart d=1,0.03,8.0
HIP,Sella + Eckart d=1,0.03,8.0
HIP,Sella + Eckart d=1,0.03,8.0
HIP,Sella + Eckart d=1,0.03,8.0
HIP,Sella + Eckart d=1,0.03,8.0
HIP,Sella + Eckart d=1,0.03,8.0
HIP,Sella + Eckart d=1,0.03,8.0
HIP,Sella + Eckart d=1,0.03,8.0
HIP,Sella + Eckart d=1,0.03,8.0
HIP,Sella + Eckart d=1,0.03,8.0
HIP,Sella + Eckart d=1,0.03,8.0
HIP,Sella + Eckart d=1,0.03,8.0
HIP,Sella + Eckart d=1,0.03,8.0
HIP,Sella + Eckart d=1,0.03,8.0
HIP,Sella + Eckart d=1,0.03,8.0
HIP,Sella + Eckart d=1,0.03,8.0
HIP,Sella + Eckart d=1,0.03,8.0
HIP,Sella + Eckart d=1,0.03,8.0
HIP,Sella + Eckart d=1,0.03,8.0
HIP,Sella + Eckart d=1,0.03,8.0
HIP,Sella + Eckart d=1,0.03,8.0
HIP,Sella + Eckart d=1,0.03,8.0
HIP,Sella + Eckart d=1,0.03,8.0
HIP,Sella + Eckart d=1,0.03,8.0
HIP,Sella + Eckart d=1,0.03,8.0
HIP,Sella + Eckart d=1,0.03,8.0
HIP,Sella + Eckart d=1,0.03,8.0
HIP,Sella + Eckart d=1,0.03,8.0
HIP,Sella + Eckart d=1,0.03,8.0
HIP,Sella + Eckart d=1,0.03,8.0
HIP,Sella + Eckart d=1,0.03,8.0
HIP,Sella + Eckart d=1,0.03,8.0
HIP,Sella + Eckart d=1,0.03,8.0
HIP,Sella + Eckart d=1,0.03,8.0
HIP,Sella + Eckart d=1,0.03,9.0
HIP,Sella + Eckart d=1,0.03,9.0
HIP,Sella + Eckart d=1,0.03,9.0
HIP,Sella + Eckart d=1,0.03,9.0
HIP,Sella + Eckart d=1,0.03,9.0
HIP,Sella + Eckart d=1,0.03,9.0
HIP,Sella + Eckart d=1,0.03,10.0
HIP,Sella + Eckart d=1,0.03,10.0
HIP,Sella + Eckart d=1,0.03,10.0
HIP,Sella + Eckart d=1,0.03,10.0
HIP,Sella + Eckart d=1,0.03,10.0
HIP,Sella + Eckart d=1,0.03,10.0
HIP,Sella + Eckart d=1,0.03,10.0
HIP,Sella + Eckart d=1,0.03,11.0
HIP,Sella + Eckart d=1,0.03,11.0
HIP,Sella + Eckart d=1,0.03,11.0
HIP,Sella + Eckart d=1,0.03,11.0
HIP,Sella + Eckart d=1,0.03,11.0
HIP,Sella + Eckart d=1,0.03,11.0
HIP,Sella + Eckart d=1,0.03,12.0
HIP,Sella + Eckart d=1,0.03,12.0
HIP,Sella + Eckart d=1,0.03,19.0
HIP,Sella + Eckart d=1,0.03,19.0
HIP,Sella + Eckart d=1,0.03,20.0
HIP,Sella + Eckart d=1,0.03,28.0
HIP,Sella + Eckart d=1,0.03,29.0
HIP,Sella + Eckart d=1,0.03,277.0
HIP,Sella + Eckart d=1,0.03,1003.0
HIP,Sella + Eckart d=1,0.03,2000.0
HIP,Sella + Eckart d=1,0.03,2000.0
HIP,Sella + Eckart d=1,0.03,2000.0
HIP,Sella + Eckart d=1,0.03,2000.0
HIP,Sella + Eckart d=1,0.05,4.0
HIP,Sella + Eckart d=1,0.05,4.0
HIP,Sella + Eckart d=1,0.05,5.0
HIP,Sella + Eckart d=1,0.05,5.0
HIP,Sella + Eckart d=1,0.05,5.0
HIP,Sella + Eckart d=1,0.05,5.0
HIP,Sella + Eckart d=1,0.05,5.0
HIP,Sella + Eckart d=1,0.05,5.0
HIP,Sella + Eckart d=1,0.05,5.0
HIP,Sella + Eckart d=1,0.05,5.0
HIP,Sella + Eckart d=1,0.05,5.0
HIP,Sella + Eckart d=1,0.05,5.0
HIP,Sella + Eckart d=1,0.05,5.0
HIP,Sella + Eckart d=1,0.05,5.0
HIP,Sella + Eckart d=1,0.05,5.0
HIP,Sella + Eckart d=1,0.05,5.0
HIP,Sella + Eckart d=1,0.05,5.0
HIP,Sella + Eckart d=1,0.05,5.0
HIP,Sella + Eckart d=1,0.05,5.0
HIP,Sella + Eckart d=1,0.05,5.0
HIP,Sella + Eckart d=1,0.05,6.0
HIP,Sella + Eckart d=1,0.05,6.0
HIP,Sella + Eckart d=1,0.05,6.0
HIP,Sella + Eckart d=1,0.05,6.0
HIP,Sella + Eckart d=1,0.05,6.0
HIP,Sella + Eckart d=1,0.05,6.0
HIP,Sella + Eckart d=1,0.05,6.0
HIP,Sella + Eckart d=1,0.05,6.0
HIP,Sella + Eckart d=1,0.05,6.0
HIP,Sella + Eckart d=1,0.05,6.0
HIP,Sella + Eckart d=1,0.05,6.0
HIP,Sella + Eckart d=1,0.05,6.0
HIP,Sella + Eckart d=1,0.05,6.0
HIP,Sella + Eckart d=1,0.05,6.0
HIP,Sella + Eckart d=1,0.05,6.0
HIP,Sella + Eckart d=1,0.05,6.0
HIP,Sella + Eckart d=1,0.05,6.0
HIP,Sella + Eckart d=1,0.05,6.0
HIP,Sella + Eckart d=1,0.05,6.0
HIP,Sella + Eckart d=1,0.05,6.0
HIP,Sella + Eckart d=1,0.05,6.0
HIP,Sella + Eckart d=1,0.05,6.0
HIP,Sella + Eckart d=1,0.05,6.0
HIP,Sella + Eckart d=1,0.05,6.0
HIP,Sella + Eckart d=1,0.05,6.0
HIP,Sella + Eckart d=1,0.05,6.0
HIP,Sella + Eckart d=1,0.05,6.0
HIP,Sella + Eckart d=1,0.05,6.0
HIP,Sella + Eckart d=1,0.05,6.0
HIP,Sella + Eckart d=1,0.05,6.0
HIP,Sella + Eckart d=1,0.05,6.0
HIP,Sella + Eckart d=1,0.05,6.0
HIP,Sella + Eckart d=1,0.05,6.0
HIP,Sella + Eckart d=1,0.05,6.0
HIP,Sella + Eckart d=1,0.05,6.0
HIP,Sella + Eckart d=1,0.05,6.0
HIP,Sella + Eckart d=1,0.05,6.0
HIP,Sella + Eckart d=1,0.05,6.0
HIP,Sella + Eckart d=1,0.05,6.0
HIP,Sella + Eckart d=1,0.05,6.0
HIP,Sella + Eckart d=1,0.05,6.0
HIP,Sella + Eckart d=1,0.05,6.0
HIP,Sella + Eckart d=1,0.05,6.0
HIP,Sella + Eckart d=1,0.05,6.0
HIP,Sella + Eckart d=1,0.05,6.0
HIP,Sella + Eckart d=1,0.05,6.0
HIP,Sella + Eckart d=1,0.05,6.0
HIP,Sella + Eckart d=1,0.05,6.0
HIP,Sella + Eckart d=1,0.05,6.0
HIP,Sella + Eckart d=1,0.05,6.0
HIP,Sella + Eckart d=1,0.05,6.0
HIP,Sella + Eckart d=1,0.05,6.0
HIP,Sella + Eckart d=1,0.05,6.0
HIP,Sella + Eckart d=1,0.05,6.0
HIP,Sella + Eckart d=1,0.05,6.0
HIP,Sella + Eckart d=1,0.05,6.0
HIP,Sella + Eckart d=1,0.05,6.0
HIP,Sella + Eckart d=1,0.05,6.0
HIP,Sella + Eckart d=1,0.05,6.0
HIP,Sella + Eckart d=1,0.05,6.0
HIP,Sella + Eckart d=1,0.05,6.0
HIP,Sella + Eckart d=1,0.05,6.0
HIP,Sella + Eckart d=1,0.05,6.0
HIP,Sella + Eckart d=1,0.05,6.0
HIP,Sella + Eckart d=1,0.05,6.0
HIP,Sella + Eckart d=1,0.05,6.0
HIP,Sella + Eckart d=1,0.05,6.0
HIP,Sella + Eckart d=1,0.05,6.0
HIP,Sella + Eckart d=1,0.05,6.0
HIP,Sella + Eckart d=1,0.05,6.0
HIP,Sella + Eckart d=1,0.05,6.0
HIP,Sella + Eckart d=1,0.05,7.0
HIP,Sella + Eckart d=1,0.05,7.0
HIP,Sella + Eckart d=1,0.05,7.0
HIP,Sella + Eckart d=1,0.05,7.0
HIP,Sella + Eckart d=1,0.05,7.0
HIP,Sella + Eckart d=1,0.05,7.0
HIP,Sella + Eckart d=1,0.05,7.0
HIP,Sella + Eckart d=1,0.05,7.0
HIP,Sella + Eckart d=1,0.05,7.0
HIP,Sella + Eckart d=1,0.05,7.0
HIP,Sella + Eckart d=1,0.05,7.0
HIP,Sella + Eckart d=1,0.05,7.0
HIP,Sella + Eckart d=1,0.05,7.0
HIP,Sella + Eckart d=1,0.05,7.0
HIP,Sella + Eckart d=1,0.05,7.0
HIP,Sella + Eckart d=1,0.05,7.0
HIP,Sella + Eckart d=1,0.05,7.0
HIP,Sella + Eckart d=1,0.05,7.0
HIP,Sella + Eckart d=1,0.05,7.0
HIP,Sella + Eckart d=1,0.05,7.0
HIP,Sella + Eckart d=1,0.05,7.0
HIP,Sella + Eckart d=1,0.05,7.0
HIP,Sella + Eckart d=1,0.05,7.0
HIP,Sella + Eckart d=1,0.05,7.0
HIP,Sella + Eckart d=1,0.05,7.0
HIP,Sella + Eckart d=1,0.05,7.0
HIP,Sella + Eckart d=1,0.05,7.0
HIP,Sella + Eckart d=1,0.05,7.0
HIP,Sella + Eckart d=1,0.05,7.0
HIP,Sella + Eckart d=1,0.05,7.0
HIP,Sella + Eckart d=1,0.05,7.0
HIP,Sella + Eckart d=1,0.05,7.0
HIP,Sella + Eckart d=1,0.05,7.0
HIP,Sella + Eckart d=1,0.05,7.0
HIP,Sella + Eckart d=1,0.05,7.0
HIP,Sella + Eckart d=1,0.05,7.0
HIP,Sella + Eckart d=1,0.05,7.0
HIP,Sella + Eckart d=1,0.05,7.0
HIP,Sella + Eckart d=1,0.05,7.0
HIP,Sella + Eckart d=1,0.05,7.0
HIP,Sella + Eckart d=1,0.05,7.0
HIP,Sella + Eckart d=1,0.05,7.0
HIP,Sella + Eckart d=1,0.05,7.0
HIP,Sella + Eckart d=1,0.05,7.0
HIP,Sella + Eckart d=1,0.05,7.0
HIP,Sella + Eckart d=1,0.05,7.0
HIP,Sella + Eckart d=1,0.05,7.0
HIP,Sella + Eckart d=1,0.05,7.0
HIP,Sella + Eckart d=1,0.05,7.0
HIP,Sella + Eckart d=1,0.05,7.0
HIP,Sella + Eckart d=1,0.05,7.0
HIP,Sella + Eckart d=1,0.05,7.0
HIP,Sella + Eckart d=1,0.05,7.0
HIP,Sella + Eckart d=1,0.05,7.0
HIP,Sella + Eckart d=1,0.05,7.0
HIP,Sella + Eckart d=1,0.05,7.0
HIP,Sella + Eckart d=1,0.05,7.0
HIP,Sella + Eckart d=1,0.05,8.0
HIP,Sella + Eckart d=1,0.05,8.0
HIP,Sella + Eckart d=1,0.05,8.0
HIP,Sella + Eckart d=1,0.05,8.0
HIP,Sella + Eckart d=1,0.05,8.0
HIP,Sella + Eckart d=1,0.05,8.0
HIP,Sella + Eckart d=1,0.05,8.0
HIP,Sella + Eckart d=1,0.05,8.0
HIP,Sella + Eckart d=1,0.05,8.0
HIP,Sella + Eckart d=1,0.05,8.0
HIP,Sella + Eckart d=1,0.05,8.0
HIP,Sella + Eckart d=1,0.05,8.0
HIP,Sella + Eckart d=1,0.05,8.0
HIP,Sella + Eckart d=1,0.05,8.0
HIP,Sella + Eckart d=1,0.05,8.0
HIP,Sella + Eckart d=1,0.05,8.0
HIP,Sella + Eckart d=1,0.05,8.0
HIP,Sella + Eckart d=1,0.05,8.0
HIP,Sella + Eckart d=1,0.05,8.0
HIP,Sella + Eckart d=1,0.05,8.0
HIP,Sella + Eckart d=1,0.05,8.0
HIP,Sella + Eckart d=1,0.05,8.0
HIP,Sella + Eckart d=1,0.05,8.0
HIP,Sella + Eckart d=1,0.05,8.0
HIP,Sella + Eckart d=1,0.05,8.0
HIP,Sella + Eckart d=1,0.05,8.0
HIP,Sella + Eckart d=1,0.05,8.0
HIP,Sella + Eckart d=1,0.05,8.0
HIP,Sella + Eckart d=1,0.05,8.0
HIP,Sella + Eckart d=1,0.05,8.0
HIP,Sella + Eckart d=1,0.05,8.0
HIP,Sella + Eckart d=1,0.05,8.0
HIP,Sella + Eckart d=1,0.05,8.0
HIP,Sella + Eckart d=1,0.05,8.0
HIP,Sella + Eckart d=1,0.05,8.0
HIP,Sella + Eckart d=1,0.05,8.0
HIP,Sella + Eckart d=1,0.05,8.0
HIP,Sella + Eckart d=1,0.05,8.0
HIP,Sella + Eckart d=1,0.05,8.0
HIP,Sella + Eckart d=1,0.05,8.0
HIP,Sella + Eckart d=1,0.05,9.0
HIP,Sella + Eckart d=1,0.05,9.0
HIP,Sella + Eckart d=1,0.05,9.0
HIP,Sella + Eckart d=1,0.05,9.0
HIP,Sella + Eckart d=1,0.05,9.0
HIP,Sella + Eckart d=1,0.05,9.0
HIP,Sella + Eckart d=1,0.05,9.0
HIP,Sella + Eckart d=1,0.05,9.0
HIP,Sella + Eckart d=1,0.05,9.0
HIP,Sella + Eckart d=1,0.05,9.0
HIP,Sella + Eckart d=1,0.05,9.0
HIP,Sella + Eckart d=1,0.05,9.0
HIP,Sella + Eckart d=1,0.05,9.0
HIP,Sella + Eckart d=1,0.05,9.0
HIP,Sella + Eckart d=1,0.05,9.0
HIP,Sella + Eckart d=1,0.05,9.0
HIP,Sella + Eckart d=1,0.05,9.0
HIP,Sella + Eckart d=1,0.05,9.0
HIP,Sella + Eckart d=1,0.05,9.0
HIP,Sella + Eckart d=1,0.05,9.0
HIP,Sella + Eckart d=1,0.05,9.0
HIP,Sella + Eckart d=1,0.05,9.0
HIP,Sella + Eckart d=1,0.05,9.0
HIP,Sella + Eckart d=1,0.05,9.0
HIP,Sella + Eckart d=1,0.05,9.0
HIP,Sella + Eckart d=1,0.05,9.0
HIP,Sella + Eckart d=1,0.05,10.0
HIP,Sella + Eckart d=1,0.05,10.0
HIP,Sella + Eckart d=1,0.05,10.0
HIP,Sella + Eckart d=1,0.05,10.0
HIP,Sella + Eckart d=1,0.05,10.0
HIP,Sella + Eckart d=1,0.05,10.0
HIP,Sella + Eckart d=1,0.05,10.0
HIP,Sella + Eckart d=1,0.05,11.0
HIP,Sella + Eckart d=1,0.05,11.0
HIP,Sella + Eckart d=1,0.05,11.0
HIP,Sella + Eckart d=1,0.05,11.0
HIP,Sella + Eckart d=1,0.05,11.0
HIP,Sella + Eckart d=1,0.05,11.0
HIP,Sella + Eckart d=1,0.05,11.0
HIP,Sella + Eckart d=1,0.05,12.0
HIP,Sella + Eckart d=1,0.05,12.0
HIP,Sella + Eckart d=1,0.05,12.0
HIP,Sella + Eckart d=1,0.05,12.0
HIP,Sella + Eckart d=1,0.05,12.0
HIP,Sella + Eckart d=1,0.05,12.0
HIP,Sella + Eckart d=1,0.05,13.0
HIP,Sella + Eckart d=1,0.05,13.0
HIP,Sella + Eckart d=1,0.05,14.0
HIP,Sella + Eckart d=1,0.05,15.0
HIP,Sella + Eckart d=1,0.05,19.0
HIP,Sella + Eckart d=1,0.05,23.0
HIP,Sella + Eckart d=1,0.05,40.0
HIP,Sella + Eckart d=1,0.05,54.0
HIP,Sella + Eckart d=1,0.05,148.0
HIP,Sella + Eckart d=1,0.05,209.0
HIP,Sella + Eckart d=1,0.05,238.0
HIP,Sella + Eckart d=1,0.05,831.0
HIP,Sella + Eckart d=1,0.05,969.0
HIP,Sella + Eckart d=1,0.05,972.0
HIP,Sella + Eckart d=1,0.05,2000.0
HIP,Sella + Eckart d=1,0.05,2000.0
HIP,Sella + Eckart d=1,0.05,2000.0
HIP,Sella + Eckart d=1,0.05,2000.0
HIP,Sella + Eckart d=1,0.05,2000.0
HIP,Sella + Eckart d=1,0.1,5.0
HIP,Sella + Eckart d=1,0.1,6.0
HIP,Sella + Eckart d=1,0.1,6.0
HIP,Sella + Eckart d=1,0.1,6.0
HIP,Sella + Eckart d=1,0.1,6.0
HIP,Sella + Eckart d=1,0.1,6.0
HIP,Sella + Eckart d=1,0.1,6.0
HIP,Sella + Eckart d=1,0.1,6.0
HIP,Sella + Eckart d=1,0.1,6.0
HIP,Sella + Eckart d=1,0.1,6.0
HIP,Sella + Eckart d=1,0.1,6.0
HIP,Sella + Eckart d=1,0.1,6.0
HIP,Sella + Eckart d=1,0.1,6.0
HIP,Sella + Eckart d=1,0.1,7.0
HIP,Sella + Eckart d=1,0.1,7.0
HIP,Sella + Eckart d=1,0.1,7.0
HIP,Sella + Eckart d=1,0.1,7.0
HIP,Sella + Eckart d=1,0.1,7.0
HIP,Sella + Eckart d=1,0.1,7.0
HIP,Sella + Eckart d=1,0.1,7.0
HIP,Sella + Eckart d=1,0.1,7.0
HIP,Sella + Eckart d=1,0.1,7.0
HIP,Sella + Eckart d=1,0.1,7.0
HIP,Sella + Eckart d=1,0.1,7.0
HIP,Sella + Eckart d=1,0.1,7.0
HIP,Sella + Eckart d=1,0.1,7.0
HIP,Sella + Eckart d=1,0.1,7.0
HIP,Sella + Eckart d=1,0.1,7.0
HIP,Sella + Eckart d=1,0.1,7.0
HIP,Sella + Eckart d=1,0.1,7.0
HIP,Sella + Eckart d=1,0.1,7.0
HIP,Sella + Eckart d=1,0.1,7.0
HIP,Sella + Eckart d=1,0.1,7.0
HIP,Sella + Eckart d=1,0.1,7.0
HIP,Sella + Eckart d=1,0.1,7.0
HIP,Sella + Eckart d=1,0.1,7.0
HIP,Sella + Eckart d=1,0.1,7.0
HIP,Sella + Eckart d=1,0.1,7.0
HIP,Sella + Eckart d=1,0.1,7.0
HIP,Sella + Eckart d=1,0.1,7.0
HIP,Sella + Eckart d=1,0.1,7.0
HIP,Sella + Eckart d=1,0.1,7.0
HIP,Sella + Eckart d=1,0.1,7.0
HIP,Sella + Eckart d=1,0.1,7.0
HIP,Sella + Eckart d=1,0.1,7.0
HIP,Sella + Eckart d=1,0.1,7.0
HIP,Sella + Eckart d=1,0.1,7.0
HIP,Sella + Eckart d=1,0.1,7.0
HIP,Sella + Eckart d=1,0.1,7.0
HIP,Sella + Eckart d=1,0.1,8.0
HIP,Sella + Eckart d=1,0.1,8.0
HIP,Sella + Eckart d=1,0.1,8.0
HIP,Sella + Eckart d=1,0.1,8.0
HIP,Sella + Eckart d=1,0.1,8.0
HIP,Sella + Eckart d=1,0.1,8.0
HIP,Sella + Eckart d=1,0.1,8.0
HIP,Sella + Eckart d=1,0.1,8.0
HIP,Sella + Eckart d=1,0.1,8.0
HIP,Sella + Eckart d=1,0.1,8.0
HIP,Sella + Eckart d=1,0.1,8.0
HIP,Sella + Eckart d=1,0.1,8.0
HIP,Sella + Eckart d=1,0.1,8.0
HIP,Sella + Eckart d=1,0.1,8.0
HIP,Sella + Eckart d=1,0.1,8.0
HIP,Sella + Eckart d=1,0.1,8.0
HIP,Sella + Eckart d=1,0.1,8.0
HIP,Sella + Eckart d=1,0.1,8.0
HIP,Sella + Eckart d=1,0.1,8.0
HIP,Sella + Eckart d=1,0.1,8.0
HIP,Sella + Eckart d=1,0.1,8.0
HIP,Sella + Eckart d=1,0.1,8.0
HIP,Sella + Eckart d=1,0.1,8.0
HIP,Sella + Eckart d=1,0.1,8.0
HIP,Sella + Eckart d=1,0.1,8.0
HIP,Sella + Eckart d=1,0.1,8.0
HIP,Sella + Eckart d=1,0.1,8.0
HIP,Sella + Eckart d=1,0.1,8.0
HIP,Sella + Eckart d=1,0.1,8.0
HIP,Sella + Eckart d=1,0.1,8.0
HIP,Sella + Eckart d=1,0.1,8.0
HIP,Sella + Eckart d=1,0.1,8.0
HIP,Sella + Eckart d=1,0.1,8.0
HIP,Sella + Eckart d=1,0.1,8.0
HIP,Sella + Eckart d=1,0.1,8.0
HIP,Sella + Eckart d=1,0.1,8.0
HIP,Sella + Eckart d=1,0.1,8.0
HIP,Sella + Eckart d=1,0.1,8.0
HIP,Sella + Eckart d=1,0.1,8.0
HIP,Sella + Eckart d=1,0.1,8.0
HIP,Sella + Eckart d=1,0.1,8.0
HIP,Sella + Eckart d=1,0.1,8.0
HIP,Sella + Eckart d=1,0.1,8.0
HIP,Sella + Eckart d=1,0.1,9.0
HIP,Sella + Eckart d=1,0.1,9.0
HIP,Sella + Eckart d=1,0.1,9.0
HIP,Sella + Eckart d=1,0.1,9.0
HIP,Sella + Eckart d=1,0.1,9.0
HIP,Sella + Eckart d=1,0.1,9.0
HIP,Sella + Eckart d=1,0.1,9.0
HIP,Sella + Eckart d=1,0.1,9.0
HIP,Sella + Eckart d=1,0.1,9.0
HIP,Sella + Eckart d=1,0.1,9.0
HIP,Sella + Eckart d=1,0.1,9.0
HIP,Sella + Eckart d=1,0.1,9.0
HIP,Sella + Eckart d=1,0.1,9.0
HIP,Sella + Eckart d=1,0.1,9.0
HIP,Sella + Eckart d=1,0.1,9.0
HIP,Sella + Eckart d=1,0.1,9.0
HIP,Sella + Eckart d=1,0.1,9.0
HIP,Sella + Eckart d=1,0.1,9.0
HIP,Sella + Eckart d=1,0.1,9.0
HIP,Sella + Eckart d=1,0.1,9.0
HIP,Sella + Eckart d=1,0.1,9.0
HIP,Sella + Eckart d=1,0.1,9.0
HIP,Sella + Eckart d=1,0.1,9.0
HIP,Sella + Eckart d=1,0.1,9.0
HIP,Sella + Eckart d=1,0.1,9.0
HIP,Sella + Eckart d=1,0.1,9.0
HIP,Sella + Eckart d=1,0.1,9.0
HIP,Sella + Eckart d=1,0.1,9.0
HIP,Sella + Eckart d=1,0.1,9.0
HIP,Sella + Eckart d=1,0.1,9.0
HIP,Sella + Eckart d=1,0.1,9.0
HIP,Sella + Eckart d=1,0.1,9.0
HIP,Sella + Eckart d=1,0.1,9.0
HIP,Sella + Eckart d=1,0.1,9.0
HIP,Sella + Eckart d=1,0.1,9.0
HIP,Sella + Eckart d=1,0.1,9.0
HIP,Sella + Eckart d=1,0.1,10.0
HIP,Sella + Eckart d=1,0.1,10.0
HIP,Sella + Eckart d=1,0.1,10.0
HIP,Sella + Eckart d=1,0.1,10.0
HIP,Sella + Eckart d=1,0.1,10.0
HIP,Sella + Eckart d=1,0.1,10.0
HIP,Sella + Eckart d=1,0.1,10.0
HIP,Sella + Eckart d=1,0.1,10.0
HIP,Sella + Eckart d=1,0.1,10.0
HIP,Sella + Eckart d=1,0.1,10.0
HIP,Sella + Eckart d=1,0.1,10.0
HIP,Sella + Eckart d=1,0.1,10.0
HIP,Sella + Eckart d=1,0.1,10.0
HIP,Sella + Eckart d=1,0.1,10.0
HIP,Sella + Eckart d=1,0.1,10.0
HIP,Sella + Eckart d=1,0.1,10.0
HIP,Sella + Eckart d=1,0.1,10.0
HIP,Sella + Eckart d=1,0.1,10.0
HIP,Sella + Eckart d=1,0.1,10.0
HIP,Sella + Eckart d=1,0.1,10.0
HIP,Sella + Eckart d=1,0.1,10.0
HIP,Sella + Eckart d=1,0.1,11.0
HIP,Sella + Eckart d=1,0.1,11.0
HIP,Sella + Eckart d=1,0.1,11.0
HIP,Sella + Eckart d=1,0.1,11.0
HIP,Sella + Eckart d=1,0.1,11.0
HIP,Sella + Eckart d=1,0.1,11.0
HIP,Sella + Eckart d=1,0.1,11.0
HIP,Sella + Eckart d=1,0.1,11.0
HIP,Sella + Eckart d=1,0.1,11.0
HIP,Sella + Eckart d=1,0.1,11.0
HIP,Sella + Eckart d=1,0.1,11.0
HIP,Sella + Eckart d=1,0.1,12.0
HIP,Sella + Eckart d=1,0.1,12.0
HIP,Sella + Eckart d=1,0.1,12.0
HIP,Sella + Eckart d=1,0.1,12.0
HIP,Sella + Eckart d=1,0.1,12.0
HIP,Sella + Eckart d=1,0.1,12.0
HIP,Sella + Eckart d=1,0.1,12.0
HIP,Sella + Eckart d=1,0.1,13.0
HIP,Sella + Eckart d=1,0.1,13.0
HIP,Sella + Eckart d=1,0.1,13.0
HIP,Sella + Eckart d=1,0.1,13.0
HIP,Sella + Eckart d=1,0.1,13.0
HIP,Sella + Eckart d=1,0.1,13.0
HIP,Sella + Eckart d=1,0.1,13.0
HIP,Sella + Eckart d=1,0.1,14.0
HIP,Sella + Eckart d=1,0.1,14.0
HIP,Sella + Eckart d=1,0.1,14.0
HIP,Sella + Eckart d=1,0.1,15.0
HIP,Sella + Eckart d=1,0.1,15.0
HIP,Sella + Eckart d=1,0.1,16.0
HIP,Sella + Eckart d=1,0.1,17.0
HIP,Sella + Eckart d=1,0.1,18.0
HIP,Sella + Eckart d=1,0.1,18.0
HIP,Sella + Eckart d=1,0.1,18.0
HIP,Sella + Eckart d=1,0.1,19.0
HIP,Sella + Eckart d=1,0.1,20.0
HIP,Sella + Eckart d=1,0.1,21.0
HIP,Sella + Eckart d=1,0.1,23.0
HIP,Sella + Eckart d=1,0.1,25.0
HIP,Sella + Eckart d=1,0.1,26.0
HIP,Sella + Eckart d=1,0.1,26.0
HIP,Sella + Eckart d=1,0.1,27.0
HIP,Sella + Eckart d=1,0.1,33.0
HIP,Sella + Eckart d=1,0.1,44.0
HIP,Sella + Eckart d=1,0.1,55.0
HIP,Sella + Eckart d=1,0.1,95.0
HIP,Sella + Eckart d=1,0.1,220.0
HIP,Sella + Eckart d=1,0.1,831.0
HIP,Sella + Eckart d=1,0.1,1120.0
HIP,Sella + Eckart d=1,0.1,2000.0
HIP,Sella + Eckart d=1,0.1,2000.0
HIP,Sella + Eckart d=1,0.1,2000.0
HIP,Sella + Eckart d=1,0.1,2000.0
HIP,Sella + Eckart d=1,0.15,6.0
HIP,Sella + Eckart d=1,0.15,7.0
HIP,Sella + Eckart d=1,0.15,7.0
HIP,Sella + Eckart d=1,0.15,7.0
HIP,Sella + Eckart d=1,0.15,8.0
HIP,Sella + Eckart d=1,0.15,8.0
HIP,Sella + Eckart d=1,0.15,8.0
HIP,Sella + Eckart d=1,0.15,8.0
HIP,Sella + Eckart d=1,0.15,8.0
HIP,Sella + Eckart d=1,0.15,8.0
HIP,Sella + Eckart d=1,0.15,8.0
HIP,Sella + Eckart d=1,0.15,8.0
HIP,Sella + Eckart d=1,0.15,8.0
HIP,Sella + Eckart d=1,0.15,8.0
HIP,Sella + Eckart d=1,0.15,8.0
HIP,Sella + Eckart d=1,0.15,8.0
HIP,Sella + Eckart d=1,0.15,8.0
HIP,Sella + Eckart d=1,0.15,8.0
HIP,Sella + Eckart d=1,0.15,8.0
HIP,Sella + Eckart d=1,0.15,8.0
HIP,Sella + Eckart d=1,0.15,8.0
HIP,Sella + Eckart d=1,0.15,8.0
HIP,Sella + Eckart d=1,0.15,8.0
HIP,Sella + Eckart d=1,0.15,8.0
HIP,Sella + Eckart d=1,0.15,8.0
HIP,Sella + Eckart d=1,0.15,8.0
HIP,Sella + Eckart d=1,0.15,9.0
HIP,Sella + Eckart d=1,0.15,9.0
HIP,Sella + Eckart d=1,0.15,9.0
HIP,Sella + Eckart d=1,0.15,9.0
HIP,Sella + Eckart d=1,0.15,9.0
HIP,Sella + Eckart d=1,0.15,9.0
HIP,Sella + Eckart d=1,0.15,9.0
HIP,Sella + Eckart d=1,0.15,9.0
HIP,Sella + Eckart d=1,0.15,9.0
HIP,Sella + Eckart d=1,0.15,9.0
HIP,Sella + Eckart d=1,0.15,9.0
HIP,Sella + Eckart d=1,0.15,9.0
HIP,Sella + Eckart d=1,0.15,9.0
HIP,Sella + Eckart d=1,0.15,9.0
HIP,Sella + Eckart d=1,0.15,9.0
HIP,Sella + Eckart d=1,0.15,9.0
HIP,Sella + Eckart d=1,0.15,9.0
HIP,Sella + Eckart d=1,0.15,9.0
HIP,Sella + Eckart d=1,0.15,9.0
HIP,Sella + Eckart d=1,0.15,9.0
HIP,Sella + Eckart d=1,0.15,10.0
HIP,Sella + Eckart d=1,0.15,10.0
HIP,Sella + Eckart d=1,0.15,10.0
HIP,Sella + Eckart d=1,0.15,10.0
HIP,Sella + Eckart d=1,0.15,10.0
HIP,Sella + Eckart d=1,0.15,10.0
HIP,Sella + Eckart d=1,0.15,10.0
HIP,Sella + Eckart d=1,0.15,10.0
HIP,Sella + Eckart d=1,0.15,10.0
HIP,Sella + Eckart d=1,0.15,10.0
HIP,Sella + Eckart d=1,0.15,10.0
HIP,Sella + Eckart d=1,0.15,10.0
HIP,Sella + Eckart d=1,0.15,10.0
HIP,Sella + Eckart d=1,0.15,10.0
HIP,Sella + Eckart d=1,0.15,10.0
HIP,Sella + Eckart d=1,0.15,10.0
HIP,Sella + Eckart d=1,0.15,10.0
HIP,Sella + Eckart d=1,0.15,10.0
HIP,Sella + Eckart d=1,0.15,10.0
HIP,Sella + Eckart d=1,0.15,10.0
HIP,Sella + Eckart d=1,0.15,10.0
HIP,Sella + Eckart d=1,0.15,10.0
HIP,Sella + Eckart d=1,0.15,11.0
HIP,Sella + Eckart d=1,0.15,11.0
HIP,Sella + Eckart d=1,0.15,11.0
HIP,Sella + Eckart d=1,0.15,11.0
HIP,Sella + Eckart d=1,0.15,11.0
HIP,Sella + Eckart d=1,0.15,11.0
HIP,Sella + Eckart d=1,0.15,11.0
HIP,Sella + Eckart d=1,0.15,11.0
HIP,Sella + Eckart d=1,0.15,11.0
HIP,Sella + Eckart d=1,0.15,11.0
HIP,Sella + Eckart d=1,0.15,11.0
HIP,Sella + Eckart d=1,0.15,11.0
HIP,Sella + Eckart d=1,0.15,12.0
HIP,Sella + Eckart d=1,0.15,12.0
HIP,Sella + Eckart d=1,0.15,12.0
HIP,Sella + Eckart d=1,0.15,12.0
HIP,Sella + Eckart d=1,0.15,12.0
HIP,Sella + Eckart d=1,0.15,12.0
HIP,Sella + Eckart d=1,0.15,12.0
HIP,Sella + Eckart d=1,0.15,12.0
HIP,Sella + Eckart d=1,0.15,12.0
HIP,Sella + Eckart d=1,0.15,12.0
HIP,Sella + Eckart d=1,0.15,12.0
HIP,Sella + Eckart d=1,0.15,13.0
HIP,Sella + Eckart d=1,0.15,13.0
HIP,Sella + Eckart d=1,0.15,13.0
HIP,Sella + Eckart d=1,0.15,13.0
HIP,Sella + Eckart d=1,0.15,13.0
HIP,Sella + Eckart d=1,0.15,13.0
HIP,Sella + Eckart d=1,0.15,13.0
HIP,Sella + Eckart d=1,0.15,13.0
HIP,Sella + Eckart d=1,0.15,13.0
HIP,Sella + Eckart d=1,0.15,13.0
HIP,Sella + Eckart d=1,0.15,13.0
HIP,Sella + Eckart d=1,0.15,14.0
HIP,Sella + Eckart d=1,0.15,14.0
HIP,Sella + Eckart d=1,0.15,14.0
HIP,Sella + Eckart d=1,0.15,14.0
HIP,Sella + Eckart d=1,0.15,14.0
HIP,Sella + Eckart d=1,0.15,14.0
HIP,Sella + Eckart d=1,0.15,14.0
HIP,Sella + Eckart d=1,0.15,14.0
HIP,Sella + Eckart d=1,0.15,14.0
HIP,Sella + Eckart d=1,0.15,15.0
HIP,Sella + Eckart d=1,0.15,15.0
HIP,Sella + Eckart d=1,0.15,15.0
HIP,Sella + Eckart d=1,0.15,15.0
HIP,Sella + Eckart d=1,0.15,15.0
HIP,Sella + Eckart d=1,0.15,15.0
HIP,Sella + Eckart d=1,0.15,15.0
HIP,Sella + Eckart d=1,0.15,15.0
HIP,Sella + Eckart d=1,0.15,16.0
HIP,Sella + Eckart d=1,0.15,16.0
HIP,Sella + Eckart d=1,0.15,16.0
HIP,Sella + Eckart d=1,0.15,17.0
HIP,Sella + Eckart d=1,0.15,17.0
HIP,Sella + Eckart d=1,0.15,17.0
HIP,Sella + Eckart d=1,0.15,17.0
HIP,Sella + Eckart d=1,0.15,18.0
HIP,Sella + Eckart d=1,0.15,19.0
HIP,Sella + Eckart d=1,0.15,20.0
HIP,Sella + Eckart d=1,0.15,20.0
HIP,Sella + Eckart d=1,0.15,20.0
HIP,Sella + Eckart d=1,0.15,23.0
HIP,Sella + Eckart d=1,0.15,23.0
HIP,Sella + Eckart d=1,0.15,23.0
HIP,Sella + Eckart d=1,0.15,25.0
HIP,Sella + Eckart d=1,0.15,27.0
HIP,Sella + Eckart d=1,0.15,27.0
HIP,Sella + Eckart d=1,0.15,28.0
HIP,Sella + Eckart d=1,0.15,28.0
HIP,Sella + Eckart d=1,0.15,29.0
HIP,Sella + Eckart d=1,0.15,35.0
HIP,Sella + Eckart d=1,0.15,37.0
HIP,Sella + Eckart d=1,0.15,37.0
HIP,Sella + Eckart d=1,0.15,40.0
HIP,Sella + Eckart d=1,0.15,44.0
HIP,Sella + Eckart d=1,0.15,88.0
HIP,Sella + Eckart d=1,0.15,135.0
HIP,Sella + Eckart d=1,0.15,997.0
HIP,Sella + Eckart d=1,0.15,1038.0
HIP,Sella + Eckart d=1,0.15,2000.0
HIP,Sella + Eckart d=1,0.15,2000.0
HIP,Sella + Eckart d=1,0.15,2000.0
HIP,Sella + Eckart d=1,0.15,2000.0
HIP,Sella + Eckart d=1,0.15,2000.0
HIP,Sella + Eckart d=1,0.15,2000.0
HIP,Sella + Eckart d=1,0.2,7.0
HIP,Sella + Eckart d=1,0.2,7.0
HIP,Sella + Eckart d=1,0.2,8.0
HIP,Sella + Eckart d=1,0.2,9.0
HIP,Sella + Eckart d=1,0.2,9.0
HIP,Sella + Eckart d=1,0.2,9.0
HIP,Sella + Eckart d=1,0.2,10.0
HIP,Sella + Eckart d=1,0.2,10.0
HIP,Sella + Eckart d=1,0.2,10.0
HIP,Sella + Eckart d=1,0.2,10.0
HIP,Sella + Eckart d=1,0.2,10.0
HIP,Sella + Eckart d=1,0.2,10.0
HIP,Sella + Eckart d=1,0.2,10.0
HIP,Sella + Eckart d=1,0.2,10.0
HIP,Sella + Eckart d=1,0.2,10.0
HIP,Sella + Eckart d=1,0.2,10.0
HIP,Sella + Eckart d=1,0.2,10.0
HIP,Sella + Eckart d=1,0.2,11.0
HIP,Sella + Eckart d=1,0.2,11.0
HIP,Sella + Eckart d=1,0.2,11.0
HIP,Sella + Eckart d=1,0.2,11.0
HIP,Sella + Eckart d=1,0.2,11.0
HIP,Sella + Eckart d=1,0.2,11.0
HIP,Sella + Eckart d=1,0.2,11.0
HIP,Sella + Eckart d=1,0.2,11.0
HIP,Sella + Eckart d=1,0.2,11.0
HIP,Sella + Eckart d=1,0.2,11.0
HIP,Sella + Eckart d=1,0.2,12.0
HIP,Sella + Eckart d=1,0.2,12.0
HIP,Sella + Eckart d=1,0.2,12.0
HIP,Sella + Eckart d=1,0.2,12.0
HIP,Sella + Eckart d=1,0.2,12.0
HIP,Sella + Eckart d=1,0.2,12.0
HIP,Sella + Eckart d=1,0.2,12.0
HIP,Sella + Eckart d=1,0.2,12.0
HIP,Sella + Eckart d=1,0.2,12.0
HIP,Sella + Eckart d=1,0.2,12.0
HIP,Sella + Eckart d=1,0.2,13.0
HIP,Sella + Eckart d=1,0.2,13.0
HIP,Sella + Eckart d=1,0.2,13.0
HIP,Sella + Eckart d=1,0.2,14.0
HIP,Sella + Eckart d=1,0.2,14.0
HIP,Sella + Eckart d=1,0.2,15.0
HIP,Sella + Eckart d=1,0.2,15.0
HIP,Sella + Eckart d=1,0.2,16.0
HIP,Sella + Eckart d=1,0.2,16.0
HIP,Sella + Eckart d=1,0.2,16.0
HIP,Sella + Eckart d=1,0.2,16.0
HIP,Sella + Eckart d=1,0.2,16.0
HIP,Sella + Eckart d=1,0.2,16.0
HIP,Sella + Eckart d=1,0.2,16.0
HIP,Sella + Eckart d=1,0.2,17.0
HIP,Sella + Eckart d=1,0.2,17.0
HIP,Sella + Eckart d=1,0.2,18.0
HIP,Sella + Eckart d=1,0.2,18.0
HIP,Sella + Eckart d=1,0.2,19.0
HIP,Sella + Eckart d=1,0.2,19.0
HIP,Sella + Eckart d=1,0.2,20.0
HIP,Sella + Eckart d=1,0.2,21.0
HIP,Sella + Eckart d=1,0.2,21.0
HIP,Sella + Eckart d=1,0.2,22.0
HIP,Sella + Eckart d=1,0.2,22.0
HIP,Sella + Eckart d=1,0.2,24.0
HIP,Sella + Eckart d=1,0.2,24.0
HIP,Sella + Eckart d=1,0.2,25.0
HIP,Sella + Eckart d=1,0.2,26.0
HIP,Sella + Eckart d=1,0.2,26.0
HIP,Sella + Eckart d=1,0.2,27.0
HIP,Sella + Eckart d=1,0.2,36.0
HIP,Sella + Eckart d=1,0.2,37.0
HIP,Sella + Eckart d=1,0.2,61.0
HIP,Sella + Eckart d=1,0.2,65.0
HIP,Sella + Eckart d=1,0.2,68.0
HIP,Sella + Eckart d=1,0.2,94.0
HIP,Sella + Eckart d=1,0.2,2000.0
HIP,Sella + Eckart d=1,0.2,2000.0
HIP,Sella + Eckart d=1,0.2,2000.0
HIP,Sella + Eckart d=1,0.2,2000.0
HIP,Sella Cartesian,0.01,2.0
HIP,Sella Cartesian,0.01,2.0
HIP,Sella Cartesian,0.01,2.0
HIP,Sella Cartesian,0.01,2.0
HIP,Sella Cartesian,0.01,2.0
HIP,Sella Cartesian,0.01,2.0
HIP,Sella Cartesian,0.01,2.0
HIP,Sella Cartesian,0.01,2.0
HIP,Sella Cartesian,0.01,2.0
HIP,Sella Cartesian,0.01,2.0
HIP,Sella Cartesian,0.01,2.0
HIP,Sella Cartesian,0.01,2.0
HIP,Sella Cartesian,0.01,2.0
HIP,Sella Cartesian,0.01,3.0
HIP,Sella Cartesian,0.01,3.0
HIP,Sella Cartesian,0.01,3.0
HIP,Sella Cartesian,0.01,3.0
HIP,Sella Cartesian,0.01,3.0
HIP,Sella Cartesian,0.01,3.0
HIP,Sella Cartesian,0.01,3.0
HIP,Sella Cartesian,0.01,3.0
HIP,Sella Cartesian,0.01,3.0
HIP,Sella Cartesian,0.01,3.0
HIP,Sella Cartesian,0.01,3.0
HIP,Sella Cartesian,0.01,3.0
HIP,Sella Cartesian,0.01,3.0
HIP,Sella Cartesian,0.01,3.0
HIP,Sella Cartesian,0.01,3.0
HIP,Sella Cartesian,0.01,3.0
HIP,Sella Cartesian,0.01,3.0
HIP,Sella Cartesian,0.01,3.0
HIP,Sella Cartesian,0.01,3.0
HIP,Sella Cartesian,0.01,3.0
HIP,Sella Cartesian,0.01,3.0
HIP,Sella Cartesian,0.01,3.0
HIP,Sella Cartesian,0.01,3.0
HIP,Sella Cartesian,0.01,3.0
HIP,Sella Cartesian,0.01,3.0
HIP,Sella Cartesian,0.01,3.0
HIP,Sella Cartesian,0.01,3.0
HIP,Sella Cartesian,0.01,3.0
HIP,Sella Cartesian,0.01,3.0
HIP,Sella Cartesian,0.01,3.0
HIP,Sella Cartesian,0.01,3.0
HIP,Sella Cartesian,0.01,3.0
HIP,Sella Cartesian,0.01,3.0
HIP,Sella Cartesian,0.01,3.0
HIP,Sella Cartesian,0.01,3.0
HIP,Sella Cartesian,0.01,3.0
HIP,Sella Cartesian,0.01,3.0
HIP,Sella Cartesian,0.01,3.0
HIP,Sella Cartesian,0.01,3.0
HIP,Sella Cartesian,0.01,3.0
HIP,Sella Cartesian,0.01,3.0
HIP,Sella Cartesian,0.01,4.0
HIP,Sella Cartesian,0.01,4.0
HIP,Sella Cartesian,0.01,4.0
HIP,Sella Cartesian,0.01,4.0
HIP,Sella Cartesian,0.01,4.0
HIP,Sella Cartesian,0.01,4.0
HIP,Sella Cartesian,0.01,4.0
HIP,Sella Cartesian,0.01,4.0
HIP,Sella Cartesian,0.01,4.0
HIP,Sella Cartesian,0.01,4.0
HIP,Sella Cartesian,0.01,4.0
HIP,Sella Cartesian,0.01,4.0
HIP,Sella Cartesian,0.01,4.0
HIP,Sella Cartesian,0.01,4.0
HIP,Sella Cartesian,0.01,4.0
HIP,Sella Cartesian,0.01,4.0
HIP,Sella Cartesian,0.01,4.0
HIP,Sella Cartesian,0.01,4.0
HIP,Sella Cartesian,0.01,4.0
HIP,Sella Cartesian,0.01,4.0
HIP,Sella Cartesian,0.01,4.0
HIP,Sella Cartesian,0.01,4.0
HIP,Sella Cartesian,0.01,4.0
HIP,Sella Cartesian,0.01,4.0
HIP,Sella Cartesian,0.01,4.0
HIP,Sella Cartesian,0.01,4.0
HIP,Sella Cartesian,0.01,4.0
HIP,Sella Cartesian,0.01,4.0
HIP,Sella Cartesian,0.01,4.0
HIP,Sella Cartesian,0.01,4.0
HIP,Sella Cartesian,0.01,4.0
HIP,Sella Cartesian,0.01,4.0
HIP,Sella Cartesian,0.01,4.0
HIP,Sella Cartesian,0.01,4.0
HIP,Sella Cartesian,0.01,4.0
HIP,Sella Cartesian,0.01,4.0
HIP,Sella Cartesian,0.01,4.0
HIP,Sella Cartesian,0.01,4.0
HIP,Sella Cartesian,0.01,4.0
HIP,Sella Cartesian,0.01,4.0
HIP,Sella Cartesian,0.01,4.0
HIP,Sella Cartesian,0.01,4.0
HIP,Sella Cartesian,0.01,4.0
HIP,Sella Cartesian,0.01,4.0
HIP,Sella Cartesian,0.01,4.0
HIP,Sella Cartesian,0.01,4.0
HIP,Sella Cartesian,0.01,4.0
HIP,Sella Cartesian,0.01,4.0
HIP,Sella Cartesian,0.01,4.0
HIP,Sella Cartesian,0.01,4.0
HIP,Sella Cartesian,0.01,4.0
HIP,Sella Cartesian,0.01,4.0
HIP,Sella Cartesian,0.01,4.0
HIP,Sella Cartesian,0.01,4.0
HIP,Sella Cartesian,0.01,4.0
HIP,Sella Cartesian,0.01,4.0
HIP,Sella Cartesian,0.01,4.0
HIP,Sella Cartesian,0.01,4.0
HIP,Sella Cartesian,0.01,4.0
HIP,Sella Cartesian,0.01,4.0
HIP,Sella Cartesian,0.01,4.0
HIP,Sella Cartesian,0.01,4.0
HIP,Sella Cartesian,0.01,4.0
HIP,Sella Cartesian,0.01,4.0
HIP,Sella Cartesian,0.01,4.0
HIP,Sella Cartesian,0.01,4.0
HIP,Sella Cartesian,0.01,4.0
HIP,Sella Cartesian,0.01,4.0
HIP,Sella Cartesian,0.01,4.0
HIP,Sella Cartesian,0.01,4.0
HIP,Sella Cartesian,0.01,4.0
HIP,Sella Cartesian,0.01,4.0
HIP,Sella Cartesian,0.01,4.0
HIP,Sella Cartesian,0.01,4.0
HIP,Sella Cartesian,0.01,4.0
HIP,Sella Cartesian,0.01,4.0
HIP,Sella Cartesian,0.01,4.0
HIP,Sella Cartesian,0.01,4.0
HIP,Sella Cartesian,0.01,4.0
HIP,Sella Cartesian,0.01,4.0
HIP,Sella Cartesian,0.01,4.0
HIP,Sella Cartesian,0.01,4.0
HIP,Sella Cartesian,0.01,4.0
HIP,Sella Cartesian,0.01,4.0
HIP,Sella Cartesian,0.01,4.0
HIP,Sella Cartesian,0.01,4.0
HIP,Sella Cartesian,0.01,4.0
HIP,Sella Cartesian,0.01,4.0
HIP,Sella Cartesian,0.01,4.0
HIP,Sella Cartesian,0.01,4.0
HIP,Sella Cartesian,0.01,4.0
HIP,Sella Cartesian,0.01,4.0
HIP,Sella Cartesian,0.01,4.0
HIP,Sella Cartesian,0.01,4.0
HIP,Sella Cartesian,0.01,4.0
HIP,Sella Cartesian,0.01,4.0
HIP,Sella Cartesian,0.01,4.0
HIP,Sella Cartesian,0.01,4.0
HIP,Sella Cartesian,0.01,4.0
HIP,Sella Cartesian,0.01,4.0
HIP,Sella Cartesian,0.01,4.0
HIP,Sella Cartesian,0.01,4.0
HIP,Sella Cartesian,0.01,4.0
HIP,Sella Cartesian,0.01,5.0
HIP,Sella Cartesian,0.01,5.0
HIP,Sella Cartesian,0.01,5.0
HIP,Sella Cartesian,0.01,5.0
HIP,Sella Cartesian,0.01,5.0
HIP,Sella Cartesian,0.01,5.0
HIP,Sella Cartesian,0.01,5.0
HIP,Sella Cartesian,0.01,5.0
HIP,Sella Cartesian,0.01,5.0
HIP,Sella Cartesian,0.01,5.0
HIP,Sella Cartesian,0.01,5.0
HIP,Sella Cartesian,0.01,5.0
HIP,Sella Cartesian,0.01,5.0
HIP,Sella Cartesian,0.01,5.0
HIP,Sella Cartesian,0.01,5.0
HIP,Sella Cartesian,0.01,5.0
HIP,Sella Cartesian,0.01,5.0
HIP,Sella Cartesian,0.01,5.0
HIP,Sella Cartesian,0.01,5.0
HIP,Sella Cartesian,0.01,5.0
HIP,Sella Cartesian,0.01,5.0
HIP,Sella Cartesian,0.01,5.0
HIP,Sella Cartesian,0.01,5.0
HIP,Sella Cartesian,0.01,5.0
HIP,Sella Cartesian,0.01,5.0
HIP,Sella Cartesian,0.01,5.0
HIP,Sella Cartesian,0.01,5.0
HIP,Sella Cartesian,0.01,5.0
HIP,Sella Cartesian,0.01,5.0
HIP,Sella Cartesian,0.01,5.0
HIP,Sella Cartesian,0.01,5.0
HIP,Sella Cartesian,0.01,5.0
HIP,Sella Cartesian,0.01,5.0
HIP,Sella Cartesian,0.01,5.0
HIP,Sella Cartesian,0.01,5.0
HIP,Sella Cartesian,0.01,5.0
HIP,Sella Cartesian,0.01,5.0
HIP,Sella Cartesian,0.01,5.0
HIP,Sella Cartesian,0.01,5.0
HIP,Sella Cartesian,0.01,5.0
HIP,Sella Cartesian,0.01,5.0
HIP,Sella Cartesian,0.01,5.0
HIP,Sella Cartesian,0.01,5.0
HIP,Sella Cartesian,0.01,5.0
HIP,Sella Cartesian,0.01,5.0
HIP,Sella Cartesian,0.01,5.0
HIP,Sella Cartesian,0.01,5.0
HIP,Sella Cartesian,0.01,5.0
HIP,Sella Cartesian,0.01,5.0
HIP,Sella Cartesian,0.01,5.0
HIP,Sella Cartesian,0.01,5.0
HIP,Sella Cartesian,0.01,5.0
HIP,Sella Cartesian,0.01,5.0
HIP,Sella Cartesian,0.01,5.0
HIP,Sella Cartesian,0.01,6.0
HIP,Sella Cartesian,0.01,6.0
HIP,Sella Cartesian,0.01,6.0
HIP,Sella Cartesian,0.01,6.0
HIP,Sella Cartesian,0.01,6.0
HIP,Sella Cartesian,0.01,6.0
HIP,Sella Cartesian,0.01,6.0
HIP,Sella Cartesian,0.01,6.0
HIP,Sella Cartesian,0.01,6.0
HIP,Sella Cartesian,0.01,6.0
HIP,Sella Cartesian,0.01,6.0
HIP,Sella Cartesian,0.01,6.0
HIP,Sella Cartesian,0.01,6.0
HIP,Sella Cartesian,0.01,6.0
HIP,Sella Cartesian,0.01,6.0
HIP,Sella Cartesian,0.01,6.0
HIP,Sella Cartesian,0.01,6.0
HIP,Sella Cartesian,0.01,6.0
HIP,Sella Cartesian,0.01,6.0
HIP,Sella Cartesian,0.01,6.0
HIP,Sella Cartesian,0.01,6.0
HIP,Sella Cartesian,0.01,6.0
HIP,Sella Cartesian,0.01,6.0
HIP,Sella Cartesian,0.01,6.0
HIP,Sella Cartesian,0.01,6.0
HIP,Sella Cartesian,0.01,6.0
HIP,Sella Cartesian,0.01,6.0
HIP,Sella Cartesian,0.01,6.0
HIP,Sella Cartesian,0.01,7.0
HIP,Sella Cartesian,0.01,7.0
HIP,Sella Cartesian,0.01,7.0
HIP,Sella Cartesian,0.01,7.0
HIP,Sella Cartesian,0.01,7.0
HIP,Sella Cartesian,0.01,7.0
HIP,Sella Cartesian,0.01,8.0
HIP,Sella Cartesian,0.01,8.0
HIP,Sella Cartesian,0.01,8.0
HIP,Sella Cartesian,0.01,8.0
HIP,Sella Cartesian,0.01,8.0
HIP,Sella Cartesian,0.01,9.0
HIP,Sella Cartesian,0.01,10.0
HIP,Sella Cartesian,0.01,10.0
HIP,Sella Cartesian,0.01,15.0
HIP,Sella Cartesian,0.01,19.0
HIP,Sella Cartesian,0.01,22.0
HIP,Sella Cartesian,0.01,24.0
HIP,Sella Cartesian,0.01,27.0
HIP,Sella Cartesian,0.01,40.0
HIP,Sella Cartesian,0.01,47.0
HIP,Sella Cartesian,0.01,577.0
HIP,Sella Cartesian,0.01,2000.0
HIP,Sella Cartesian,0.01,2000.0
HIP,Sella Cartesian,0.01,2000.0
HIP,Sella Cartesian,0.03,3.0
HIP,Sella Cartesian,0.03,4.0
HIP,Sella Cartesian,0.03,4.0
HIP,Sella Cartesian,0.03,4.0
HIP,Sella Cartesian,0.03,4.0
HIP,Sella Cartesian,0.03,4.0
HIP,Sella Cartesian,0.03,4.0
HIP,Sella Cartesian,0.03,4.0
HIP,Sella Cartesian,0.03,4.0
HIP,Sella Cartesian,0.03,4.0
HIP,Sella Cartesian,0.03,4.0
HIP,Sella Cartesian,0.03,4.0
HIP,Sella Cartesian,0.03,4.0
HIP,Sella Cartesian,0.03,4.0
HIP,Sella Cartesian,0.03,4.0
HIP,Sella Cartesian,0.03,4.0
HIP,Sella Cartesian,0.03,4.0
HIP,Sella Cartesian,0.03,4.0
HIP,Sella Cartesian,0.03,4.0
HIP,Sella Cartesian,0.03,4.0
HIP,Sella Cartesian,0.03,4.0
HIP,Sella Cartesian,0.03,4.0
HIP,Sella Cartesian,0.03,4.0
HIP,Sella Cartesian,0.03,5.0
HIP,Sella Cartesian,0.03,5.0
HIP,Sella Cartesian,0.03,5.0
HIP,Sella Cartesian,0.03,5.0
HIP,Sella Cartesian,0.03,5.0
HIP,Sella Cartesian,0.03,5.0
HIP,Sella Cartesian,0.03,5.0
HIP,Sella Cartesian,0.03,5.0
HIP,Sella Cartesian,0.03,5.0
HIP,Sella Cartesian,0.03,5.0
HIP,Sella Cartesian,0.03,5.0
HIP,Sella Cartesian,0.03,5.0
HIP,Sella Cartesian,0.03,5.0
HIP,Sella Cartesian,0.03,5.0
HIP,Sella Cartesian,0.03,5.0
HIP,Sella Cartesian,0.03,5.0
HIP,Sella Cartesian,0.03,5.0
HIP,Sella Cartesian,0.03,5.0
HIP,Sella Cartesian,0.03,5.0
HIP,Sella Cartesian,0.03,5.0
HIP,Sella Cartesian,0.03,5.0
HIP,Sella Cartesian,0.03,5.0
HIP,Sella Cartesian,0.03,5.0
HIP,Sella Cartesian,0.03,5.0
HIP,Sella Cartesian,0.03,5.0
HIP,Sella Cartesian,0.03,5.0
HIP,Sella Cartesian,0.03,5.0
HIP,Sella Cartesian,0.03,5.0
HIP,Sella Cartesian,0.03,5.0
HIP,Sella Cartesian,0.03,5.0
HIP,Sella Cartesian,0.03,5.0
HIP,Sella Cartesian,0.03,5.0
HIP,Sella Cartesian,0.03,5.0
HIP,Sella Cartesian,0.03,5.0
HIP,Sella Cartesian,0.03,5.0
HIP,Sella Cartesian,0.03,5.0
HIP,Sella Cartesian,0.03,5.0
HIP,Sella Cartesian,0.03,5.0
HIP,Sella Cartesian,0.03,5.0
HIP,Sella Cartesian,0.03,5.0
HIP,Sella Cartesian,0.03,5.0
HIP,Sella Cartesian,0.03,5.0
HIP,Sella Cartesian,0.03,5.0
HIP,Sella Cartesian,0.03,5.0
HIP,Sella Cartesian,0.03,5.0
HIP,Sella Cartesian,0.03,5.0
HIP,Sella Cartesian,0.03,5.0
HIP,Sella Cartesian,0.03,5.0
HIP,Sella Cartesian,0.03,5.0
HIP,Sella Cartesian,0.03,5.0
HIP,Sella Cartesian,0.03,5.0
HIP,Sella Cartesian,0.03,5.0
HIP,Sella Cartesian,0.03,5.0
HIP,Sella Cartesian,0.03,5.0
HIP,Sella Cartesian,0.03,5.0
HIP,Sella Cartesian,0.03,5.0
HIP,Sella Cartesian,0.03,5.0
HIP,Sella Cartesian,0.03,5.0
HIP,Sella Cartesian,0.03,5.0
HIP,Sella Cartesian,0.03,5.0
HIP,Sella Cartesian,0.03,5.0
HIP,Sella Cartesian,0.03,5.0
HIP,Sella Cartesian,0.03,5.0
HIP,Sella Cartesian,0.03,5.0
HIP,Sella Cartesian,0.03,5.0
HIP,Sella Cartesian,0.03,5.0
HIP,Sella Cartesian,0.03,5.0
HIP,Sella Cartesian,0.03,5.0
HIP,Sella Cartesian,0.03,5.0
HIP,Sella Cartesian,0.03,5.0
HIP,Sella Cartesian,0.03,5.0
HIP,Sella Cartesian,0.03,5.0
HIP,Sella Cartesian,0.03,5.0
HIP,Sella Cartesian,0.03,5.0
HIP,Sella Cartesian,0.03,5.0
HIP,Sella Cartesian,0.03,5.0
HIP,Sella Cartesian,0.03,6.0
HIP,Sella Cartesian,0.03,6.0
HIP,Sella Cartesian,0.03,6.0
HIP,Sella Cartesian,0.03,6.0
HIP,Sella Cartesian,0.03,6.0
HIP,Sella Cartesian,0.03,6.0
HIP,Sella Cartesian,0.03,6.0
HIP,Sella Cartesian,0.03,6.0
HIP,Sella Cartesian,0.03,6.0
HIP,Sella Cartesian,0.03,6.0
HIP,Sella Cartesian,0.03,6.0
HIP,Sella Cartesian,0.03,6.0
HIP,Sella Cartesian,0.03,6.0
HIP,Sella Cartesian,0.03,6.0
HIP,Sella Cartesian,0.03,6.0
HIP,Sella Cartesian,0.03,6.0
HIP,Sella Cartesian,0.03,6.0
HIP,Sella Cartesian,0.03,6.0
HIP,Sella Cartesian,0.03,6.0
HIP,Sella Cartesian,0.03,6.0
HIP,Sella Cartesian,0.03,6.0
HIP,Sella Cartesian,0.03,6.0
HIP,Sella Cartesian,0.03,6.0
HIP,Sella Cartesian,0.03,6.0
HIP,Sella Cartesian,0.03,6.0
HIP,Sella Cartesian,0.03,6.0
HIP,Sella Cartesian,0.03,6.0
HIP,Sella Cartesian,0.03,6.0
HIP,Sella Cartesian,0.03,6.0
HIP,Sella Cartesian,0.03,6.0
HIP,Sella Cartesian,0.03,6.0
HIP,Sella Cartesian,0.03,6.0
HIP,Sella Cartesian,0.03,6.0
HIP,Sella Cartesian,0.03,6.0
HIP,Sella Cartesian,0.03,6.0
HIP,Sella Cartesian,0.03,6.0
HIP,Sella Cartesian,0.03,6.0
HIP,Sella Cartesian,0.03,6.0
HIP,Sella Cartesian,0.03,6.0
HIP,Sella Cartesian,0.03,6.0
HIP,Sella Cartesian,0.03,6.0
HIP,Sella Cartesian,0.03,6.0
HIP,Sella Cartesian,0.03,6.0
HIP,Sella Cartesian,0.03,6.0
HIP,Sella Cartesian,0.03,6.0
HIP,Sella Cartesian,0.03,6.0
HIP,Sella Cartesian,0.03,6.0
HIP,Sella Cartesian,0.03,6.0
HIP,Sella Cartesian,0.03,6.0
HIP,Sella Cartesian,0.03,6.0
HIP,Sella Cartesian,0.03,6.0
HIP,Sella Cartesian,0.03,6.0
HIP,Sella Cartesian,0.03,6.0
HIP,Sella Cartesian,0.03,6.0
HIP,Sella Cartesian,0.03,6.0
HIP,Sella Cartesian,0.03,6.0
HIP,Sella Cartesian,0.03,6.0
HIP,Sella Cartesian,0.03,6.0
HIP,Sella Cartesian,0.03,6.0
HIP,Sella Cartesian,0.03,6.0
HIP,Sella Cartesian,0.03,6.0
HIP,Sella Cartesian,0.03,6.0
HIP,Sella Cartesian,0.03,6.0
HIP,Sella Cartesian,0.03,6.0
HIP,Sella Cartesian,0.03,6.0
HIP,Sella Cartesian,0.03,6.0
HIP,Sella Cartesian,0.03,6.0
HIP,Sella Cartesian,0.03,6.0
HIP,Sella Cartesian,0.03,6.0
HIP,Sella Cartesian,0.03,6.0
HIP,Sella Cartesian,0.03,6.0
HIP,Sella Cartesian,0.03,6.0
HIP,Sella Cartesian,0.03,6.0
HIP,Sella Cartesian,0.03,6.0
HIP,Sella Cartesian,0.03,6.0
HIP,Sella Cartesian,0.03,6.0
HIP,Sella Cartesian,0.03,6.0
HIP,Sella Cartesian,0.03,6.0
HIP,Sella Cartesian,0.03,6.0
HIP,Sella Cartesian,0.03,6.0
HIP,Sella Cartesian,0.03,6.0
HIP,Sella Cartesian,0.03,6.0
HIP,Sella Cartesian,0.03,6.0
HIP,Sella Cartesian,0.03,6.0
HIP,Sella Cartesian,0.03,6.0
HIP,Sella Cartesian,0.03,6.0
HIP,Sella Cartesian,0.03,6.0
HIP,Sella Cartesian,0.03,6.0
HIP,Sella Cartesian,0.03,6.0
HIP,Sella Cartesian,0.03,7.0
HIP,Sella Cartesian,0.03,7.0
HIP,Sella Cartesian,0.03,7.0
HIP,Sella Cartesian,0.03,7.0
HIP,Sella Cartesian,0.03,7.0
HIP,Sella Cartesian,0.03,7.0
HIP,Sella Cartesian,0.03,7.0
HIP,Sella Cartesian,0.03,7.0
HIP,Sella Cartesian,0.03,7.0
HIP,Sella Cartesian,0.03,7.0
HIP,Sella Cartesian,0.03,7.0
HIP,Sella Cartesian,0.03,7.0
HIP,Sella Cartesian,0.03,7.0
HIP,Sella Cartesian,0.03,7.0
HIP,Sella Cartesian,0.03,7.0
HIP,Sella Cartesian,0.03,7.0
HIP,Sella Cartesian,0.03,7.0
HIP,Sella Cartesian,0.03,7.0
HIP,Sella Cartesian,0.03,7.0
HIP,Sella Cartesian,0.03,7.0
HIP,Sella Cartesian,0.03,7.0
HIP,Sella Cartesian,0.03,7.0
HIP,Sella Cartesian,0.03,7.0
HIP,Sella Cartesian,0.03,7.0
HIP,Sella Cartesian,0.03,7.0
HIP,Sella Cartesian,0.03,7.0
HIP,Sella Cartesian,0.03,7.0
HIP,Sella Cartesian,0.03,7.0
HIP,Sella Cartesian,0.03,7.0
HIP,Sella Cartesian,0.03,7.0
HIP,Sella Cartesian,0.03,7.0
HIP,Sella Cartesian,0.03,7.0
HIP,Sella Cartesian,0.03,8.0
HIP,Sella Cartesian,0.03,8.0
HIP,Sella Cartesian,0.03,8.0
HIP,Sella Cartesian,0.03,8.0
HIP,Sella Cartesian,0.03,8.0
HIP,Sella Cartesian,0.03,8.0
HIP,Sella Cartesian,0.03,8.0
HIP,Sella Cartesian,0.03,8.0
HIP,Sella Cartesian,0.03,8.0
HIP,Sella Cartesian,0.03,8.0
HIP,Sella Cartesian,0.03,8.0
HIP,Sella Cartesian,0.03,8.0
HIP,Sella Cartesian,0.03,8.0
HIP,Sella Cartesian,0.03,8.0
HIP,Sella Cartesian,0.03,8.0
HIP,Sella Cartesian,0.03,8.0
HIP,Sella Cartesian,0.03,8.0
HIP,Sella Cartesian,0.03,8.0
HIP,Sella Cartesian,0.03,8.0
HIP,Sella Cartesian,0.03,8.0
HIP,Sella Cartesian,0.03,8.0
HIP,Sella Cartesian,0.03,9.0
HIP,Sella Cartesian,0.03,9.0
HIP,Sella Cartesian,0.03,9.0
HIP,Sella Cartesian,0.03,9.0
HIP,Sella Cartesian,0.03,9.0
HIP,Sella Cartesian,0.03,9.0
HIP,Sella Cartesian,0.03,9.0
HIP,Sella Cartesian,0.03,9.0
HIP,Sella Cartesian,0.03,9.0
HIP,Sella Cartesian,0.03,11.0
HIP,Sella Cartesian,0.03,12.0
HIP,Sella Cartesian,0.03,12.0
HIP,Sella Cartesian,0.03,12.0
HIP,Sella Cartesian,0.03,17.0
HIP,Sella Cartesian,0.03,24.0
HIP,Sella Cartesian,0.03,45.0
HIP,Sella Cartesian,0.03,537.0
HIP,Sella Cartesian,0.03,2000.0
HIP,Sella Cartesian,0.03,2000.0
HIP,Sella Cartesian,0.03,2000.0
HIP,Sella Cartesian,0.03,2000.0
HIP,Sella Cartesian,0.05,5.0
HIP,Sella Cartesian,0.05,5.0
HIP,Sella Cartesian,0.05,5.0
HIP,Sella Cartesian,0.05,5.0
HIP,Sella Cartesian,0.05,5.0
HIP,Sella Cartesian,0.05,5.0
HIP,Sella Cartesian,0.05,5.0
HIP,Sella Cartesian,0.05,5.0
HIP,Sella Cartesian,0.05,5.0
HIP,Sella Cartesian,0.05,5.0
HIP,Sella Cartesian,0.05,5.0
HIP,Sella Cartesian,0.05,5.0
HIP,Sella Cartesian,0.05,5.0
HIP,Sella Cartesian,0.05,5.0
HIP,Sella Cartesian,0.05,5.0
HIP,Sella Cartesian,0.05,5.0
HIP,Sella Cartesian,0.05,5.0
HIP,Sella Cartesian,0.05,5.0
HIP,Sella Cartesian,0.05,5.0
HIP,Sella Cartesian,0.05,5.0
HIP,Sella Cartesian,0.05,5.0
HIP,Sella Cartesian,0.05,5.0
HIP,Sella Cartesian,0.05,5.0
HIP,Sella Cartesian,0.05,5.0
HIP,Sella Cartesian,0.05,5.0
HIP,Sella Cartesian,0.05,5.0
HIP,Sella Cartesian,0.05,5.0
HIP,Sella Cartesian,0.05,5.0
HIP,Sella Cartesian,0.05,6.0
HIP,Sella Cartesian,0.05,6.0
HIP,Sella Cartesian,0.05,6.0
HIP,Sella Cartesian,0.05,6.0
HIP,Sella Cartesian,0.05,6.0
HIP,Sella Cartesian,0.05,6.0
HIP,Sella Cartesian,0.05,6.0
HIP,Sella Cartesian,0.05,6.0
HIP,Sella Cartesian,0.05,6.0
HIP,Sella Cartesian,0.05,6.0
HIP,Sella Cartesian,0.05,6.0
HIP,Sella Cartesian,0.05,6.0
HIP,Sella Cartesian,0.05,6.0
HIP,Sella Cartesian,0.05,6.0
HIP,Sella Cartesian,0.05,6.0
HIP,Sella Cartesian,0.05,6.0
HIP,Sella Cartesian,0.05,6.0
HIP,Sella Cartesian,0.05,6.0
HIP,Sella Cartesian,0.05,6.0
HIP,Sella Cartesian,0.05,6.0
HIP,Sella Cartesian,0.05,6.0
HIP,Sella Cartesian,0.05,6.0
HIP,Sella Cartesian,0.05,6.0
HIP,Sella Cartesian,0.05,6.0
HIP,Sella Cartesian,0.05,6.0
HIP,Sella Cartesian,0.05,6.0
HIP,Sella Cartesian,0.05,6.0
HIP,Sella Cartesian,0.05,6.0
HIP,Sella Cartesian,0.05,6.0
HIP,Sella Cartesian,0.05,6.0
HIP,Sella Cartesian,0.05,6.0
HIP,Sella Cartesian,0.05,6.0
HIP,Sella Cartesian,0.05,6.0
HIP,Sella Cartesian,0.05,6.0
HIP,Sella Cartesian,0.05,6.0
HIP,Sella Cartesian,0.05,6.0
HIP,Sella Cartesian,0.05,6.0
HIP,Sella Cartesian,0.05,6.0
HIP,Sella Cartesian,0.05,6.0
HIP,Sella Cartesian,0.05,6.0
HIP,Sella Cartesian,0.05,6.0
HIP,Sella Cartesian,0.05,6.0
HIP,Sella Cartesian,0.05,6.0
HIP,Sella Cartesian,0.05,6.0
HIP,Sella Cartesian,0.05,6.0
HIP,Sella Cartesian,0.05,6.0
HIP,Sella Cartesian,0.05,6.0
HIP,Sella Cartesian,0.05,6.0
HIP,Sella Cartesian,0.05,6.0
HIP,Sella Cartesian,0.05,6.0
HIP,Sella Cartesian,0.05,6.0
HIP,Sella Cartesian,0.05,6.0
HIP,Sella Cartesian,0.05,6.0
HIP,Sella Cartesian,0.05,6.0
HIP,Sella Cartesian,0.05,6.0
HIP,Sella Cartesian,0.05,6.0
HIP,Sella Cartesian,0.05,6.0
HIP,Sella Cartesian,0.05,6.0
HIP,Sella Cartesian,0.05,6.0
HIP,Sella Cartesian,0.05,6.0
HIP,Sella Cartesian,0.05,6.0
HIP,Sella Cartesian,0.05,6.0
HIP,Sella Cartesian,0.05,6.0
HIP,Sella Cartesian,0.05,6.0
HIP,Sella Cartesian,0.05,6.0
HIP,Sella Cartesian,0.05,6.0
HIP,Sella Cartesian,0.05,6.0
HIP,Sella Cartesian,0.05,6.0
HIP,Sella Cartesian,0.05,6.0
HIP,Sella Cartesian,0.05,6.0
HIP,Sella Cartesian,0.05,6.0
HIP,Sella Cartesian,0.05,6.0
HIP,Sella Cartesian,0.05,6.0
HIP,Sella Cartesian,0.05,6.0
HIP,Sella Cartesian,0.05,6.0
HIP,Sella Cartesian,0.05,6.0
HIP,Sella Cartesian,0.05,6.0
HIP,Sella Cartesian,0.05,6.0
HIP,Sella Cartesian,0.05,6.0
HIP,Sella Cartesian,0.05,6.0
HIP,Sella Cartesian,0.05,7.0
HIP,Sella Cartesian,0.05,7.0
HIP,Sella Cartesian,0.05,7.0
HIP,Sella Cartesian,0.05,7.0
HIP,Sella Cartesian,0.05,7.0
HIP,Sella Cartesian,0.05,7.0
HIP,Sella Cartesian,0.05,7.0
HIP,Sella Cartesian,0.05,7.0
HIP,Sella Cartesian,0.05,7.0
HIP,Sella Cartesian,0.05,7.0
HIP,Sella Cartesian,0.05,7.0
HIP,Sella Cartesian,0.05,7.0
HIP,Sella Cartesian,0.05,7.0
HIP,Sella Cartesian,0.05,7.0
HIP,Sella Cartesian,0.05,7.0
HIP,Sella Cartesian,0.05,7.0
HIP,Sella Cartesian,0.05,7.0
HIP,Sella Cartesian,0.05,7.0
HIP,Sella Cartesian,0.05,7.0
HIP,Sella Cartesian,0.05,7.0
HIP,Sella Cartesian,0.05,7.0
HIP,Sella Cartesian,0.05,7.0
HIP,Sella Cartesian,0.05,7.0
HIP,Sella Cartesian,0.05,7.0
HIP,Sella Cartesian,0.05,7.0
HIP,Sella Cartesian,0.05,7.0
HIP,Sella Cartesian,0.05,7.0
HIP,Sella Cartesian,0.05,7.0
HIP,Sella Cartesian,0.05,7.0
HIP,Sella Cartesian,0.05,7.0
HIP,Sella Cartesian,0.05,7.0
HIP,Sella Cartesian,0.05,7.0
HIP,Sella Cartesian,0.05,7.0
HIP,Sella Cartesian,0.05,7.0
HIP,Sella Cartesian,0.05,7.0
HIP,Sella Cartesian,0.05,7.0
HIP,Sella Cartesian,0.05,7.0
HIP,Sella Cartesian,0.05,7.0
HIP,Sella Cartesian,0.05,7.0
HIP,Sella Cartesian,0.05,7.0
HIP,Sella Cartesian,0.05,7.0
HIP,Sella Cartesian,0.05,7.0
HIP,Sella Cartesian,0.05,7.0
HIP,Sella Cartesian,0.05,7.0
HIP,Sella Cartesian,0.05,7.0
HIP,Sella Cartesian,0.05,7.0
HIP,Sella Cartesian,0.05,7.0
HIP,Sella Cartesian,0.05,7.0
HIP,Sella Cartesian,0.05,7.0
HIP,Sella Cartesian,0.05,7.0
HIP,Sella Cartesian,0.05,7.0
HIP,Sella Cartesian,0.05,7.0
HIP,Sella Cartesian,0.05,7.0
HIP,Sella Cartesian,0.05,7.0
HIP,Sella Cartesian,0.05,7.0
HIP,Sella Cartesian,0.05,7.0
HIP,Sella Cartesian,0.05,7.0
HIP,Sella Cartesian,0.05,7.0
HIP,Sella Cartesian,0.05,7.0
HIP,Sella Cartesian,0.05,7.0
HIP,Sella Cartesian,0.05,7.0
HIP,Sella Cartesian,0.05,7.0
HIP,Sella Cartesian,0.05,7.0
HIP,Sella Cartesian,0.05,7.0
HIP,Sella Cartesian,0.05,7.0
HIP,Sella Cartesian,0.05,7.0
HIP,Sella Cartesian,0.05,8.0
HIP,Sella Cartesian,0.05,8.0
HIP,Sella Cartesian,0.05,8.0
HIP,Sella Cartesian,0.05,8.0
HIP,Sella Cartesian,0.05,8.0
HIP,Sella Cartesian,0.05,8.0
HIP,Sella Cartesian,0.05,8.0
HIP,Sella Cartesian,0.05,8.0
HIP,Sella Cartesian,0.05,8.0
HIP,Sella Cartesian,0.05,8.0
HIP,Sella Cartesian,0.05,8.0
HIP,Sella Cartesian,0.05,8.0
HIP,Sella Cartesian,0.05,8.0
HIP,Sella Cartesian,0.05,8.0
HIP,Sella Cartesian,0.05,8.0
HIP,Sella Cartesian,0.05,8.0
HIP,Sella Cartesian,0.05,8.0
HIP,Sella Cartesian,0.05,8.0
HIP,Sella Cartesian,0.05,8.0
HIP,Sella Cartesian,0.05,8.0
HIP,Sella Cartesian,0.05,8.0
HIP,Sella Cartesian,0.05,8.0
HIP,Sella Cartesian,0.05,8.0
HIP,Sella Cartesian,0.05,8.0
HIP,Sella Cartesian,0.05,8.0
HIP,Sella Cartesian,0.05,8.0
HIP,Sella Cartesian,0.05,8.0
HIP,Sella Cartesian,0.05,8.0
HIP,Sella Cartesian,0.05,8.0
HIP,Sella Cartesian,0.05,8.0
HIP,Sella Cartesian,0.05,8.0
HIP,Sella Cartesian,0.05,8.0
HIP,Sella Cartesian,0.05,8.0
HIP,Sella Cartesian,0.05,8.0
HIP,Sella Cartesian,0.05,8.0
HIP,Sella Cartesian,0.05,8.0
HIP,Sella Cartesian,0.05,8.0
HIP,Sella Cartesian,0.05,9.0
HIP,Sella Cartesian,0.05,9.0
HIP,Sella Cartesian,0.05,9.0
HIP,Sella Cartesian,0.05,9.0
HIP,Sella Cartesian,0.05,9.0
HIP,Sella Cartesian,0.05,9.0
HIP,Sella Cartesian,0.05,9.0
HIP,Sella Cartesian,0.05,9.0
HIP,Sella Cartesian,0.05,9.0
HIP,Sella Cartesian,0.05,9.0
HIP,Sella Cartesian,0.05,9.0
HIP,Sella Cartesian,0.05,9.0
HIP,Sella Cartesian,0.05,9.0
HIP,Sella Cartesian,0.05,9.0
HIP,Sella Cartesian,0.05,9.0
HIP,Sella Cartesian,0.05,9.0
HIP,Sella Cartesian,0.05,10.0
HIP,Sella Cartesian,0.05,10.0
HIP,Sella Cartesian,0.05,10.0
HIP,Sella Cartesian,0.05,10.0
HIP,Sella Cartesian,0.05,10.0
HIP,Sella Cartesian,0.05,10.0
HIP,Sella Cartesian,0.05,11.0
HIP,Sella Cartesian,0.05,12.0
HIP,Sella Cartesian,0.05,13.0
HIP,Sella Cartesian,0.05,13.0
HIP,Sella Cartesian,0.05,13.0
HIP,Sella Cartesian,0.05,14.0
HIP,Sella Cartesian,0.05,14.0
HIP,Sella Cartesian,0.05,14.0
HIP,Sella Cartesian,0.05,24.0
HIP,Sella Cartesian,0.05,25.0
HIP,Sella Cartesian,0.05,26.0
HIP,Sella Cartesian,0.05,38.0
HIP,Sella Cartesian,0.05,43.0
HIP,Sella Cartesian,0.05,153.0
HIP,Sella Cartesian,0.05,1258.0
HIP,Sella Cartesian,0.05,2000.0
HIP,Sella Cartesian,0.05,2000.0
HIP,Sella Cartesian,0.05,2000.0
HIP,Sella Cartesian,0.1,6.0
HIP,Sella Cartesian,0.1,7.0
HIP,Sella Cartesian,0.1,7.0
HIP,Sella Cartesian,0.1,7.0
HIP,Sella Cartesian,0.1,8.0
HIP,Sella Cartesian,0.1,8.0
HIP,Sella Cartesian,0.1,8.0
HIP,Sella Cartesian,0.1,8.0
HIP,Sella Cartesian,0.1,8.0
HIP,Sella Cartesian,0.1,8.0
HIP,Sella Cartesian,0.1,8.0
HIP,Sella Cartesian,0.1,8.0
HIP,Sella Cartesian,0.1,8.0
HIP,Sella Cartesian,0.1,8.0
HIP,Sella Cartesian,0.1,8.0
HIP,Sella Cartesian,0.1,8.0
HIP,Sella Cartesian,0.1,8.0
HIP,Sella Cartesian,0.1,8.0
HIP,Sella Cartesian,0.1,8.0
HIP,Sella Cartesian,0.1,8.0
HIP,Sella Cartesian,0.1,8.0
HIP,Sella Cartesian,0.1,8.0
HIP,Sella Cartesian,0.1,8.0
HIP,Sella Cartesian,0.1,8.0
HIP,Sella Cartesian,0.1,8.0
HIP,Sella Cartesian,0.1,8.0
HIP,Sella Cartesian,0.1,8.0
HIP,Sella Cartesian,0.1,8.0
HIP,Sella Cartesian,0.1,8.0
HIP,Sella Cartesian,0.1,8.0
HIP,Sella Cartesian,0.1,8.0
HIP,Sella Cartesian,0.1,8.0
HIP,Sella Cartesian,0.1,9.0
HIP,Sella Cartesian,0.1,9.0
HIP,Sella Cartesian,0.1,9.0
HIP,Sella Cartesian,0.1,9.0
HIP,Sella Cartesian,0.1,9.0
HIP,Sella Cartesian,0.1,9.0
HIP,Sella Cartesian,0.1,9.0
HIP,Sella Cartesian,0.1,9.0
HIP,Sella Cartesian,0.1,9.0
HIP,Sella Cartesian,0.1,9.0
HIP,Sella Cartesian,0.1,9.0
HIP,Sella Cartesian,0.1,9.0
HIP,Sella Cartesian,0.1,9.0
HIP,Sella Cartesian,0.1,9.0
HIP,Sella Cartesian,0.1,9.0
HIP,Sella Cartesian,0.1,9.0
HIP,Sella Cartesian,0.1,9.0
HIP,Sella Cartesian,0.1,9.0
HIP,Sella Cartesian,0.1,9.0
HIP,Sella Cartesian,0.1,9.0
HIP,Sella Cartesian,0.1,9.0
HIP,Sella Cartesian,0.1,9.0
HIP,Sella Cartesian,0.1,9.0
HIP,Sella Cartesian,0.1,9.0
HIP,Sella Cartesian,0.1,10.0
HIP,Sella Cartesian,0.1,10.0
HIP,Sella Cartesian,0.1,10.0
HIP,Sella Cartesian,0.1,10.0
HIP,Sella Cartesian,0.1,10.0
HIP,Sella Cartesian,0.1,10.0
HIP,Sella Cartesian,0.1,10.0
HIP,Sella Cartesian,0.1,10.0
HIP,Sella Cartesian,0.1,10.0
HIP,Sella Cartesian,0.1,10.0
HIP,Sella Cartesian,0.1,10.0
HIP,Sella Cartesian,0.1,10.0
HIP,Sella Cartesian,0.1,10.0
HIP,Sella Cartesian,0.1,10.0
HIP,Sella Cartesian,0.1,10.0
HIP,Sella Cartesian,0.1,10.0
HIP,Sella Cartesian,0.1,10.0
HIP,Sella Cartesian,0.1,10.0
HIP,Sella Cartesian,0.1,10.0
HIP,Sella Cartesian,0.1,10.0
HIP,Sella Cartesian,0.1,10.0
HIP,Sella Cartesian,0.1,10.0
HIP,Sella Cartesian,0.1,10.0
HIP,Sella Cartesian,0.1,10.0
HIP,Sella Cartesian,0.1,10.0
HIP,Sella Cartesian,0.1,10.0
HIP,Sella Cartesian,0.1,10.0
HIP,Sella Cartesian,0.1,10.0
HIP,Sella Cartesian,0.1,10.0
HIP,Sella Cartesian,0.1,10.0
HIP,Sella Cartesian,0.1,10.0
HIP,Sella Cartesian,0.1,10.0
HIP,Sella Cartesian,0.1,10.0
HIP,Sella Cartesian,0.1,10.0
HIP,Sella Cartesian,0.1,10.0
HIP,Sella Cartesian,0.1,10.0
HIP,Sella Cartesian,0.1,10.0
HIP,Sella Cartesian,0.1,10.0
HIP,Sella Cartesian,0.1,11.0
HIP,Sella Cartesian,0.1,11.0
HIP,Sella Cartesian,0.1,11.0
HIP,Sella Cartesian,0.1,11.0
HIP,Sella Cartesian,0.1,11.0
HIP,Sella Cartesian,0.1,11.0
HIP,Sella Cartesian,0.1,11.0
HIP,Sella Cartesian,0.1,11.0
HIP,Sella Cartesian,0.1,11.0
HIP,Sella Cartesian,0.1,11.0
HIP,Sella Cartesian,0.1,11.0
HIP,Sella Cartesian,0.1,11.0
HIP,Sella Cartesian,0.1,11.0
HIP,Sella Cartesian,0.1,11.0
HIP,Sella Cartesian,0.1,11.0
HIP,Sella Cartesian,0.1,11.0
HIP,Sella Cartesian,0.1,11.0
HIP,Sella Cartesian,0.1,11.0
HIP,Sella Cartesian,0.1,11.0
HIP,Sella Cartesian,0.1,11.0
HIP,Sella Cartesian,0.1,12.0
HIP,Sella Cartesian,0.1,12.0
HIP,Sella Cartesian,0.1,12.0
HIP,Sella Cartesian,0.1,12.0
HIP,Sella Cartesian,0.1,12.0
HIP,Sella Cartesian,0.1,12.0
HIP,Sella Cartesian,0.1,12.0
HIP,Sella Cartesian,0.1,12.0
HIP,Sella Cartesian,0.1,12.0
HIP,Sella Cartesian,0.1,12.0
HIP,Sella Cartesian,0.1,12.0
HIP,Sella Cartesian,0.1,12.0
HIP,Sella Cartesian,0.1,12.0
HIP,Sella Cartesian,0.1,12.0
HIP,Sella Cartesian,0.1,12.0
HIP,Sella Cartesian,0.1,12.0
HIP,Sella Cartesian,0.1,12.0
HIP,Sella Cartesian,0.1,12.0
HIP,Sella Cartesian,0.1,12.0
HIP,Sella Cartesian,0.1,12.0
HIP,Sella Cartesian,0.1,12.0
HIP,Sella Cartesian,0.1,12.0
HIP,Sella Cartesian,0.1,12.0
HIP,Sella Cartesian,0.1,12.0
HIP,Sella Cartesian,0.1,12.0
HIP,Sella Cartesian,0.1,12.0
HIP,Sella Cartesian,0.1,12.0
HIP,Sella Cartesian,0.1,13.0
HIP,Sella Cartesian,0.1,13.0
HIP,Sella Cartesian,0.1,13.0
HIP,Sella Cartesian,0.1,13.0
HIP,Sella Cartesian,0.1,13.0
HIP,Sella Cartesian,0.1,13.0
HIP,Sella Cartesian,0.1,13.0
HIP,Sella Cartesian,0.1,13.0
HIP,Sella Cartesian,0.1,13.0
HIP,Sella Cartesian,0.1,13.0
HIP,Sella Cartesian,0.1,14.0
HIP,Sella Cartesian,0.1,14.0
HIP,Sella Cartesian,0.1,14.0
HIP,Sella Cartesian,0.1,14.0
HIP,Sella Cartesian,0.1,14.0
HIP,Sella Cartesian,0.1,14.0
HIP,Sella Cartesian,0.1,14.0
HIP,Sella Cartesian,0.1,14.0
HIP,Sella Cartesian,0.1,15.0
HIP,Sella Cartesian,0.1,15.0
HIP,Sella Cartesian,0.1,15.0
HIP,Sella Cartesian,0.1,15.0
HIP,Sella Cartesian,0.1,16.0
HIP,Sella Cartesian,0.1,16.0
HIP,Sella Cartesian,0.1,17.0
HIP,Sella Cartesian,0.1,17.0
HIP,Sella Cartesian,0.1,17.0
HIP,Sella Cartesian,0.1,18.0
HIP,Sella Cartesian,0.1,18.0
HIP,Sella Cartesian,0.1,19.0
HIP,Sella Cartesian,0.1,19.0
HIP,Sella Cartesian,0.1,19.0
HIP,Sella Cartesian,0.1,20.0
HIP,Sella Cartesian,0.1,20.0
HIP,Sella Cartesian,0.1,21.0
HIP,Sella Cartesian,0.1,22.0
HIP,Sella Cartesian,0.1,24.0
HIP,Sella Cartesian,0.1,26.0
HIP,Sella Cartesian,0.1,30.0
HIP,Sella Cartesian,0.1,32.0
HIP,Sella Cartesian,0.1,62.0
HIP,Sella Cartesian,0.1,152.0
HIP,Sella Cartesian,0.1,831.0
HIP,Sella Cartesian,0.1,1590.0
HIP,Sella Cartesian,0.1,2000.0
HIP,Sella Cartesian,0.1,2000.0
HIP,Sella Cartesian,0.1,2000.0
HIP,Sella Cartesian,0.15,9.0
HIP,Sella Cartesian,0.15,9.0
HIP,Sella Cartesian,0.15,10.0
HIP,Sella Cartesian,0.15,10.0
HIP,Sella Cartesian,0.15,11.0
HIP,Sella Cartesian,0.15,11.0
HIP,Sella Cartesian,0.15,11.0
HIP,Sella Cartesian,0.15,11.0
HIP,Sella Cartesian,0.15,12.0
HIP,Sella Cartesian,0.15,12.0
HIP,Sella Cartesian,0.15,12.0
HIP,Sella Cartesian,0.15,12.0
HIP,Sella Cartesian,0.15,12.0
HIP,Sella Cartesian,0.15,12.0
HIP,Sella Cartesian,0.15,12.0
HIP,Sella Cartesian,0.15,12.0
HIP,Sella Cartesian,0.15,12.0
HIP,Sella Cartesian,0.15,12.0
HIP,Sella Cartesian,0.15,12.0
HIP,Sella Cartesian,0.15,12.0
HIP,Sella Cartesian,0.15,12.0
HIP,Sella Cartesian,0.15,13.0
HIP,Sella Cartesian,0.15,13.0
HIP,Sella Cartesian,0.15,13.0
HIP,Sella Cartesian,0.15,13.0
HIP,Sella Cartesian,0.15,13.0
HIP,Sella Cartesian,0.15,13.0
HIP,Sella Cartesian,0.15,13.0
HIP,Sella Cartesian,0.15,13.0
HIP,Sella Cartesian,0.15,13.0
HIP,Sella Cartesian,0.15,13.0
HIP,Sella Cartesian,0.15,13.0
HIP,Sella Cartesian,0.15,13.0
HIP,Sella Cartesian,0.15,13.0
HIP,Sella Cartesian,0.15,14.0
HIP,Sella Cartesian,0.15,14.0
HIP,Sella Cartesian,0.15,14.0
HIP,Sella Cartesian,0.15,14.0
HIP,Sella Cartesian,0.15,14.0
HIP,Sella Cartesian,0.15,14.0
HIP,Sella Cartesian,0.15,14.0
HIP,Sella Cartesian,0.15,14.0
HIP,Sella Cartesian,0.15,14.0
HIP,Sella Cartesian,0.15,14.0
HIP,Sella Cartesian,0.15,14.0
HIP,Sella Cartesian,0.15,14.0
HIP,Sella Cartesian,0.15,14.0
HIP,Sella Cartesian,0.15,14.0
HIP,Sella Cartesian,0.15,15.0
HIP,Sella Cartesian,0.15,15.0
HIP,Sella Cartesian,0.15,15.0
HIP,Sella Cartesian,0.15,15.0
HIP,Sella Cartesian,0.15,15.0
HIP,Sella Cartesian,0.15,15.0
HIP,Sella Cartesian,0.15,15.0
HIP,Sella Cartesian,0.15,15.0
HIP,Sella Cartesian,0.15,15.0
HIP,Sella Cartesian,0.15,15.0
HIP,Sella Cartesian,0.15,16.0
HIP,Sella Cartesian,0.15,16.0
HIP,Sella Cartesian,0.15,16.0
HIP,Sella Cartesian,0.15,16.0
HIP,Sella Cartesian,0.15,16.0
HIP,Sella Cartesian,0.15,16.0
HIP,Sella Cartesian,0.15,16.0
HIP,Sella Cartesian,0.15,16.0
HIP,Sella Cartesian,0.15,16.0
HIP,Sella Cartesian,0.15,17.0
HIP,Sella Cartesian,0.15,17.0
HIP,Sella Cartesian,0.15,17.0
HIP,Sella Cartesian,0.15,17.0
HIP,Sella Cartesian,0.15,17.0
HIP,Sella Cartesian,0.15,18.0
HIP,Sella Cartesian,0.15,18.0
HIP,Sella Cartesian,0.15,18.0
HIP,Sella Cartesian,0.15,18.0
HIP,Sella Cartesian,0.15,18.0
HIP,Sella Cartesian,0.15,18.0
HIP,Sella Cartesian,0.15,19.0
HIP,Sella Cartesian,0.15,19.0
HIP,Sella Cartesian,0.15,19.0
HIP,Sella Cartesian,0.15,19.0
HIP,Sella Cartesian,0.15,20.0
HIP,Sella Cartesian,0.15,20.0
HIP,Sella Cartesian,0.15,20.0
HIP,Sella Cartesian,0.15,21.0
HIP,Sella Cartesian,0.15,21.0
HIP,Sella Cartesian,0.15,22.0
HIP,Sella Cartesian,0.15,22.0
HIP,Sella Cartesian,0.15,23.0
HIP,Sella Cartesian,0.15,23.0
HIP,Sella Cartesian,0.15,23.0
HIP,Sella Cartesian,0.15,23.0
HIP,Sella Cartesian,0.15,23.0
HIP,Sella Cartesian,0.15,24.0
HIP,Sella Cartesian,0.15,25.0
HIP,Sella Cartesian,0.15,29.0
HIP,Sella Cartesian,0.15,29.0
HIP,Sella Cartesian,0.15,31.0
HIP,Sella Cartesian,0.15,32.0
HIP,Sella Cartesian,0.15,32.0
HIP,Sella Cartesian,0.15,32.0
HIP,Sella Cartesian,0.15,34.0
HIP,Sella Cartesian,0.15,38.0
HIP,Sella Cartesian,0.15,39.0
HIP,Sella Cartesian,0.15,40.0
HIP,Sella Cartesian,0.15,43.0
HIP,Sella Cartesian,0.15,44.0
HIP,Sella Cartesian,0.15,58.0
HIP,Sella Cartesian,0.15,70.0
HIP,Sella Cartesian,0.15,88.0
HIP,Sella Cartesian,0.15,154.0
HIP,Sella Cartesian,0.15,434.0
HIP,Sella Cartesian,0.15,521.0
HIP,Sella Cartesian,0.15,753.0
HIP,Sella Cartesian,0.15,2000.0
HIP,Sella Cartesian,0.15,2000.0
HIP,Sella Cartesian,0.15,2000.0
HIP,Sella Cartesian,0.15,2000.0
HIP,Sella Cartesian,0.15,2000.0
HIP,Sella Cartesian,0.15,2000.0
HIP,Sella Cartesian,0.15,2000.0
HIP,Sella Cartesian,0.15,2000.0
HIP,Sella Cartesian,0.2,11.0
HIP,Sella Cartesian,0.2,12.0
HIP,Sella Cartesian,0.2,12.0
HIP,Sella Cartesian,0.2,14.0
HIP,Sella Cartesian,0.2,14.0
HIP,Sella Cartesian,0.2,14.0
HIP,Sella Cartesian,0.2,14.0
HIP,Sella Cartesian,0.2,14.0
HIP,Sella Cartesian,0.2,15.0
HIP,Sella Cartesian,0.2,16.0
HIP,Sella Cartesian,0.2,16.0
HIP,Sella Cartesian,0.2,16.0
HIP,Sella Cartesian,0.2,17.0
HIP,Sella Cartesian,0.2,17.0
HIP,Sella Cartesian,0.2,17.0
HIP,Sella Cartesian,0.2,17.0
HIP,Sella Cartesian,0.2,18.0
HIP,Sella Cartesian,0.2,18.0
HIP,Sella Cartesian,0.2,18.0
HIP,Sella Cartesian,0.2,19.0
HIP,Sella Cartesian,0.2,19.0
HIP,Sella Cartesian,0.2,20.0
HIP,Sella Cartesian,0.2,20.0
HIP,Sella Cartesian,0.2,20.0
HIP,Sella Cartesian,0.2,20.0
HIP,Sella Cartesian,0.2,20.0
HIP,Sella Cartesian,0.2,20.0
HIP,Sella Cartesian,0.2,20.0
HIP,Sella Cartesian,0.2,21.0
HIP,Sella Cartesian,0.2,21.0
HIP,Sella Cartesian,0.2,21.0
HIP,Sella Cartesian,0.2,21.0
HIP,Sella Cartesian,0.2,21.0
HIP,Sella Cartesian,0.2,22.0
HIP,Sella Cartesian,0.2,22.0
HIP,Sella Cartesian,0.2,24.0
HIP,Sella Cartesian,0.2,24.0
HIP,Sella Cartesian,0.2,26.0
HIP,Sella Cartesian,0.2,28.0
HIP,Sella Cartesian,0.2,29.0
HIP,Sella Cartesian,0.2,31.0
HIP,Sella Cartesian,0.2,35.0
HIP,Sella Cartesian,0.2,35.0
HIP,Sella Cartesian,0.2,42.0
HIP,Sella Cartesian,0.2,52.0
HIP,Sella Cartesian,0.2,53.0
HIP,Sella Cartesian,0.2,53.0
HIP,Sella Cartesian,0.2,60.0
HIP,Sella Cartesian,0.2,66.0
HIP,Sella Cartesian,0.2,68.0
HIP,Sella Cartesian,0.2,74.0
HIP,Sella Cartesian,0.2,1732.0
HIP,Sella Cartesian,0.2,2000.0
HIP,Sella Cartesian,0.2,2000.0
HIP,Sella internal,0.01,2.0
HIP,Sella internal,0.01,2.0
HIP,Sella internal,0.01,2.0
HIP,Sella internal,0.01,2.0
HIP,Sella internal,0.01,2.0
HIP,Sella internal,0.01,2.0
HIP,Sella internal,0.01,2.0
HIP,Sella internal,0.01,2.0
HIP,Sella internal,0.01,2.0
HIP,Sella internal,0.01,2.0
HIP,Sella internal,0.01,2.0
HIP,Sella internal,0.01,2.0
HIP,Sella internal,0.01,2.0
HIP,Sella internal,0.01,2.0
HIP,Sella internal,0.01,2.0
HIP,Sella internal,0.01,2.0
HIP,Sella internal,0.01,2.0
HIP,Sella internal,0.01,2.0
HIP,Sella internal,0.01,2.0
HIP,Sella internal,0.01,3.0
HIP,Sella internal,0.01,3.0
HIP,Sella internal,0.01,3.0
HIP,Sella internal,0.01,3.0
HIP,Sella internal,0.01,3.0
HIP,Sella internal,0.01,3.0
HIP,Sella internal,0.01,3.0
HIP,Sella internal,0.01,3.0
HIP,Sella internal,0.01,3.0
HIP,Sella internal,0.01,3.0
HIP,Sella internal,0.01,3.0
HIP,Sella internal,0.01,3.0
HIP,Sella internal,0.01,3.0
HIP,Sella internal,0.01,3.0
HIP,Sella internal,0.01,3.0
HIP,Sella internal,0.01,3.0
HIP,Sella internal,0.01,3.0
HIP,Sella internal,0.01,3.0
HIP,Sella internal,0.01,3.0
HIP,Sella internal,0.01,3.0
HIP,Sella internal,0.01,3.0
HIP,Sella internal,0.01,3.0
HIP,Sella internal,0.01,3.0
HIP,Sella internal,0.01,3.0
HIP,Sella internal,0.01,3.0
HIP,Sella internal,0.01,3.0
HIP,Sella internal,0.01,3.0
HIP,Sella internal,0.01,3.0
HIP,Sella internal,0.01,3.0
HIP,Sella internal,0.01,3.0
HIP,Sella internal,0.01,3.0
HIP,Sella internal,0.01,3.0
HIP,Sella internal,0.01,3.0
HIP,Sella internal,0.01,3.0
HIP,Sella internal,0.01,3.0
HIP,Sella internal,0.01,3.0
HIP,Sella internal,0.01,3.0
HIP,Sella internal,0.01,3.0
HIP,Sella internal,0.01,3.0
HIP,Sella internal,0.01,3.0
HIP,Sella internal,0.01,3.0
HIP,Sella internal,0.01,3.0
HIP,Sella internal,0.01,3.0
HIP,Sella internal,0.01,3.0
HIP,Sella internal,0.01,3.0
HIP,Sella internal,0.01,3.0
HIP,Sella internal,0.01,3.0
HIP,Sella internal,0.01,3.0
HIP,Sella internal,0.01,3.0
HIP,Sella internal,0.01,3.0
HIP,Sella internal,0.01,3.0
HIP,Sella internal,0.01,3.0
HIP,Sella internal,0.01,3.0
HIP,Sella internal,0.01,3.0
HIP,Sella internal,0.01,3.0
HIP,Sella internal,0.01,3.0
HIP,Sella internal,0.01,3.0
HIP,Sella internal,0.01,3.0
HIP,Sella internal,0.01,3.0
HIP,Sella internal,0.01,3.0
HIP,Sella internal,0.01,3.0
HIP,Sella internal,0.01,3.0
HIP,Sella internal,0.01,3.0
HIP,Sella internal,0.01,3.0
HIP,Sella internal,0.01,3.0
HIP,Sella internal,0.01,3.0
HIP,Sella internal,0.01,3.0
HIP,Sella internal,0.01,3.0
HIP,Sella internal,0.01,3.0
HIP,Sella internal,0.01,3.0
HIP,Sella internal,0.01,3.0
HIP,Sella internal,0.01,3.0
HIP,Sella internal,0.01,3.0
HIP,Sella internal,0.01,3.0
HIP,Sella internal,0.01,3.0
HIP,Sella internal,0.01,3.0
HIP,Sella internal,0.01,3.0
HIP,Sella internal,0.01,3.0
HIP,Sella internal,0.01,3.0
HIP,Sella internal,0.01,3.0
HIP,Sella internal,0.01,3.0
HIP,Sella internal,0.01,3.0
HIP,Sella internal,0.01,3.0
HIP,Sella internal,0.01,3.0
HIP,Sella internal,0.01,3.0
HIP,Sella internal,0.01,3.0
HIP,Sella internal,0.01,4.0
HIP,Sella internal,0.01,4.0
HIP,Sella internal,0.01,4.0
HIP,Sella internal,0.01,4.0
HIP,Sella internal,0.01,4.0
HIP,Sella internal,0.01,4.0
HIP,Sella internal,0.01,4.0
HIP,Sella internal,0.01,4.0
HIP,Sella internal,0.01,4.0
HIP,Sella internal,0.01,4.0
HIP,Sella internal,0.01,4.0
HIP,Sella internal,0.01,4.0
HIP,Sella internal,0.01,4.0
HIP,Sella internal,0.01,4.0
HIP,Sella internal,0.01,4.0
HIP,Sella internal,0.01,4.0
HIP,Sella internal,0.01,4.0
HIP,Sella internal,0.01,4.0
HIP,Sella internal,0.01,4.0
HIP,Sella internal,0.01,4.0
HIP,Sella internal,0.01,4.0
HIP,Sella internal,0.01,4.0
HIP,Sella internal,0.01,4.0
HIP,Sella internal,0.01,4.0
HIP,Sella internal,0.01,4.0
HIP,Sella internal,0.01,4.0
HIP,Sella internal,0.01,4.0
HIP,Sella internal,0.01,4.0
HIP,Sella internal,0.01,4.0
HIP,Sella internal,0.01,4.0
HIP,Sella internal,0.01,4.0
HIP,Sella internal,0.01,4.0
HIP,Sella internal,0.01,4.0
HIP,Sella internal,0.01,4.0
HIP,Sella internal,0.01,4.0
HIP,Sella internal,0.01,4.0
HIP,Sella internal,0.01,4.0
HIP,Sella internal,0.01,4.0
HIP,Sella internal,0.01,4.0
HIP,Sella internal,0.01,4.0
HIP,Sella internal,0.01,4.0
HIP,Sella internal,0.01,4.0
HIP,Sella internal,0.01,4.0
HIP,Sella internal,0.01,4.0
HIP,Sella internal,0.01,4.0
HIP,Sella internal,0.01,4.0
HIP,Sella internal,0.01,4.0
HIP,Sella internal,0.01,4.0
HIP,Sella internal,0.01,4.0
HIP,Sella internal,0.01,4.0
HIP,Sella internal,0.01,4.0
HIP,Sella internal,0.01,4.0
HIP,Sella internal,0.01,4.0
HIP,Sella internal,0.01,4.0
HIP,Sella internal,0.01,4.0
HIP,Sella internal,0.01,4.0
HIP,Sella internal,0.01,4.0
HIP,Sella internal,0.01,4.0
HIP,Sella internal,0.01,4.0
HIP,Sella internal,0.01,4.0
HIP,Sella internal,0.01,4.0
HIP,Sella internal,0.01,4.0
HIP,Sella internal,0.01,4.0
HIP,Sella internal,0.01,4.0
HIP,Sella internal,0.01,4.0
HIP,Sella internal,0.01,4.0
HIP,Sella internal,0.01,4.0
HIP,Sella internal,0.01,4.0
HIP,Sella internal,0.01,5.0
HIP,Sella internal,0.01,5.0
HIP,Sella internal,0.01,5.0
HIP,Sella internal,0.01,5.0
HIP,Sella internal,0.01,5.0
HIP,Sella internal,0.01,5.0
HIP,Sella internal,0.01,5.0
HIP,Sella internal,0.01,5.0
HIP,Sella internal,0.01,5.0
HIP,Sella internal,0.01,5.0
HIP,Sella internal,0.01,5.0
HIP,Sella internal,0.01,5.0
HIP,Sella internal,0.01,5.0
HIP,Sella internal,0.01,5.0
HIP,Sella internal,0.01,5.0
HIP,Sella internal,0.01,5.0
HIP,Sella internal,0.01,5.0
HIP,Sella internal,0.01,5.0
HIP,Sella internal,0.01,5.0
HIP,Sella internal,0.01,5.0
HIP,Sella internal,0.01,5.0
HIP,Sella internal,0.01,5.0
HIP,Sella internal,0.01,5.0
HIP,Sella internal,0.01,5.0
HIP,Sella internal,0.01,6.0
HIP,Sella internal,0.01,6.0
HIP,Sella internal,0.01,6.0
HIP,Sella internal,0.01,6.0
HIP,Sella internal,0.01,6.0
HIP,Sella internal,0.01,6.0
HIP,Sella internal,0.01,6.0
HIP,Sella internal,0.01,6.0
HIP,Sella internal,0.01,6.0
HIP,Sella internal,0.01,7.0
HIP,Sella internal,0.01,7.0
HIP,Sella internal,0.01,7.0
HIP,Sella internal,0.01,7.0
HIP,Sella internal,0.01,7.0
HIP,Sella internal,0.01,7.0
HIP,Sella internal,0.01,7.0
HIP,Sella internal,0.01,7.0
HIP,Sella internal,0.01,7.0
HIP,Sella internal,0.01,8.0
HIP,Sella internal,0.01,9.0
HIP,Sella internal,0.01,9.0
HIP,Sella internal,0.01,10.0
HIP,Sella internal,0.01,11.0
HIP,Sella internal,0.01,12.0
HIP,Sella internal,0.01,1287.0
HIP,Sella internal,0.01,1359.0
HIP,Sella internal,0.01,2000.0
HIP,Sella internal,0.01,2000.0
HIP,Sella internal,0.01,2000.0
HIP,Sella internal,0.01,2000.0
HIP,Sella internal,0.03,3.0
HIP,Sella internal,0.03,3.0
HIP,Sella internal,0.03,4.0
HIP,Sella internal,0.03,4.0
HIP,Sella internal,0.03,4.0
HIP,Sella internal,0.03,4.0
HIP,Sella internal,0.03,4.0
HIP,Sella internal,0.03,4.0
HIP,Sella internal,0.03,4.0
HIP,Sella internal,0.03,4.0
HIP,Sella internal,0.03,4.0
HIP,Sella internal,0.03,4.0
HIP,Sella internal,0.03,4.0
HIP,Sella internal,0.03,4.0
HIP,Sella internal,0.03,4.0
HIP,Sella internal,0.03,4.0
HIP,Sella internal,0.03,4.0
HIP,Sella internal,0.03,4.0
HIP,Sella internal,0.03,4.0
HIP,Sella internal,0.03,4.0
HIP,Sella internal,0.03,4.0
HIP,Sella internal,0.03,4.0
HIP,Sella internal,0.03,5.0
HIP,Sella internal,0.03,5.0
HIP,Sella internal,0.03,5.0
HIP,Sella internal,0.03,5.0
HIP,Sella internal,0.03,5.0
HIP,Sella internal,0.03,5.0
HIP,Sella internal,0.03,5.0
HIP,Sella internal,0.03,5.0
HIP,Sella internal,0.03,5.0
HIP,Sella internal,0.03,5.0
HIP,Sella internal,0.03,5.0
HIP,Sella internal,0.03,5.0
HIP,Sella internal,0.03,5.0
HIP,Sella internal,0.03,5.0
HIP,Sella internal,0.03,5.0
HIP,Sella internal,0.03,5.0
HIP,Sella internal,0.03,5.0
HIP,Sella internal,0.03,5.0
HIP,Sella internal,0.03,5.0
HIP,Sella internal,0.03,5.0
HIP,Sella internal,0.03,5.0
HIP,Sella internal,0.03,5.0
HIP,Sella internal,0.03,5.0
HIP,Sella internal,0.03,5.0
HIP,Sella internal,0.03,5.0
HIP,Sella internal,0.03,5.0
HIP,Sella internal,0.03,5.0
HIP,Sella internal,0.03,5.0
HIP,Sella internal,0.03,5.0
HIP,Sella internal,0.03,5.0
HIP,Sella internal,0.03,5.0
HIP,Sella internal,0.03,5.0
HIP,Sella internal,0.03,5.0
HIP,Sella internal,0.03,5.0
HIP,Sella internal,0.03,5.0
HIP,Sella internal,0.03,5.0
HIP,Sella internal,0.03,5.0
HIP,Sella internal,0.03,5.0
HIP,Sella internal,0.03,5.0
HIP,Sella internal,0.03,5.0
HIP,Sella internal,0.03,5.0
HIP,Sella internal,0.03,5.0
HIP,Sella internal,0.03,5.0
HIP,Sella internal,0.03,5.0
HIP,Sella internal,0.03,5.0
HIP,Sella internal,0.03,5.0
HIP,Sella internal,0.03,5.0
HIP,Sella internal,0.03,5.0
HIP,Sella internal,0.03,5.0
HIP,Sella internal,0.03,5.0
HIP,Sella internal,0.03,5.0
HIP,Sella internal,0.03,5.0
HIP,Sella internal,0.03,5.0
HIP,Sella internal,0.03,5.0
HIP,Sella internal,0.03,5.0
HIP,Sella internal,0.03,5.0
HIP,Sella internal,0.03,5.0
HIP,Sella internal,0.03,5.0
HIP,Sella internal,0.03,5.0
HIP,Sella internal,0.03,5.0
HIP,Sella internal,0.03,5.0
HIP,Sella internal,0.03,6.0
HIP,Sella internal,0.03,6.0
HIP,Sella internal,0.03,6.0
HIP,Sella internal,0.03,6.0
HIP,Sella internal,0.03,6.0
HIP,Sella internal,0.03,6.0
HIP,Sella internal,0.03,6.0
HIP,Sella internal,0.03,6.0
HIP,Sella internal,0.03,6.0
HIP,Sella internal,0.03,6.0
HIP,Sella internal,0.03,6.0
HIP,Sella internal,0.03,6.0
HIP,Sella internal,0.03,6.0
HIP,Sella internal,0.03,6.0
HIP,Sella internal,0.03,6.0
HIP,Sella internal,0.03,6.0
HIP,Sella internal,0.03,6.0
HIP,Sella internal,0.03,6.0
HIP,Sella internal,0.03,6.0
HIP,Sella internal,0.03,6.0
HIP,Sella internal,0.03,6.0
HIP,Sella internal,0.03,6.0
HIP,Sella internal,0.03,6.0
HIP,Sella internal,0.03,6.0
HIP,Sella internal,0.03,6.0
HIP,Sella internal,0.03,6.0
HIP,Sella internal,0.03,6.0
HIP,Sella internal,0.03,6.0
HIP,Sella internal,0.03,6.0
HIP,Sella internal,0.03,6.0
HIP,Sella internal,0.03,6.0
HIP,Sella internal,0.03,6.0
HIP,Sella internal,0.03,6.0
HIP,Sella internal,0.03,6.0
HIP,Sella internal,0.03,6.0
HIP,Sella internal,0.03,6.0
HIP,Sella internal,0.03,6.0
HIP,Sella internal,0.03,6.0
HIP,Sella internal,0.03,6.0
HIP,Sella internal,0.03,6.0
HIP,Sella internal,0.03,6.0
HIP,Sella internal,0.03,6.0
HIP,Sella internal,0.03,7.0
HIP,Sella internal,0.03,7.0
HIP,Sella internal,0.03,7.0
HIP,Sella internal,0.03,7.0
HIP,Sella internal,0.03,7.0
HIP,Sella internal,0.03,7.0
HIP,Sella internal,0.03,7.0
HIP,Sella internal,0.03,7.0
HIP,Sella internal,0.03,7.0
HIP,Sella internal,0.03,7.0
HIP,Sella internal,0.03,7.0
HIP,Sella internal,0.03,7.0
HIP,Sella internal,0.03,7.0
HIP,Sella internal,0.03,7.0
HIP,Sella internal,0.03,7.0
HIP,Sella internal,0.03,7.0
HIP,Sella internal,0.03,7.0
HIP,Sella internal,0.03,7.0
HIP,Sella internal,0.03,7.0
HIP,Sella internal,0.03,7.0
HIP,Sella internal,0.03,7.0
HIP,Sella internal,0.03,7.0
HIP,Sella internal,0.03,7.0
HIP,Sella internal,0.03,7.0
HIP,Sella internal,0.03,7.0
HIP,Sella internal,0.03,7.0
HIP,Sella internal,0.03,7.0
HIP,Sella internal,0.03,7.0
HIP,Sella internal,0.03,7.0
HIP,Sella internal,0.03,7.0
HIP,Sella internal,0.03,7.0
HIP,Sella internal,0.03,7.0
HIP,Sella internal,0.03,7.0
HIP,Sella internal,0.03,7.0
HIP,Sella internal,0.03,7.0
HIP,Sella internal,0.03,7.0
HIP,Sella internal,0.03,7.0
HIP,Sella internal,0.03,7.0
HIP,Sella internal,0.03,7.0
HIP,Sella internal,0.03,7.0
HIP,Sella internal,0.03,7.0
HIP,Sella internal,0.03,7.0
HIP,Sella internal,0.03,7.0
HIP,Sella internal,0.03,7.0
HIP,Sella internal,0.03,7.0
HIP,Sella internal,0.03,7.0
HIP,Sella internal,0.03,7.0
HIP,Sella internal,0.03,7.0
HIP,Sella internal,0.03,7.0
HIP,Sella internal,0.03,8.0
HIP,Sella internal,0.03,8.0
HIP,Sella internal,0.03,8.0
HIP,Sella internal,0.03,8.0
HIP,Sella internal,0.03,8.0
HIP,Sella internal,0.03,8.0
HIP,Sella internal,0.03,8.0
HIP,Sella internal,0.03,8.0
HIP,Sella internal,0.03,8.0
HIP,Sella internal,0.03,8.0
HIP,Sella internal,0.03,8.0
HIP,Sella internal,0.03,8.0
HIP,Sella internal,0.03,8.0
HIP,Sella internal,0.03,8.0
HIP,Sella internal,0.03,8.0
HIP,Sella internal,0.03,8.0
HIP,Sella internal,0.03,8.0
HIP,Sella internal,0.03,8.0
HIP,Sella internal,0.03,8.0
HIP,Sella internal,0.03,9.0
HIP,Sella internal,0.03,9.0
HIP,Sella internal,0.03,9.0
HIP,Sella internal,0.03,9.0
HIP,Sella internal,0.03,9.0
HIP,Sella internal,0.03,9.0
HIP,Sella internal,0.03,9.0
HIP,Sella internal,0.03,9.0
HIP,Sella internal,0.03,9.0
HIP,Sella internal,0.03,9.0
HIP,Sella internal,0.03,9.0
HIP,Sella internal,0.03,9.0
HIP,Sella internal,0.03,10.0
HIP,Sella internal,0.03,11.0
HIP,Sella internal,0.03,11.0
HIP,Sella internal,0.03,11.0
HIP,Sella internal,0.03,12.0
HIP,Sella internal,0.03,12.0
HIP,Sella internal,0.03,12.0
HIP,Sella internal,0.03,14.0
HIP,Sella internal,0.03,18.0
HIP,Sella internal,0.03,263.0
HIP,Sella internal,0.03,561.0
HIP,Sella internal,0.03,1023.0
HIP,Sella internal,0.03,1289.0
HIP,Sella internal,0.03,1339.0
HIP,Sella internal,0.03,1879.0
HIP,Sella internal,0.03,2000.0
HIP,Sella internal,0.03,2000.0
HIP,Sella internal,0.05,5.0
HIP,Sella internal,0.05,5.0
HIP,Sella internal,0.05,5.0
HIP,Sella internal,0.05,5.0
HIP,Sella internal,0.05,5.0
HIP,Sella internal,0.05,5.0
HIP,Sella internal,0.05,6.0
HIP,Sella internal,0.05,6.0
HIP,Sella internal,0.05,6.0
HIP,Sella internal,0.05,6.0
HIP,Sella internal,0.05,6.0
HIP,Sella internal,0.05,6.0
HIP,Sella internal,0.05,6.0
HIP,Sella internal,0.05,6.0
HIP,Sella internal,0.05,6.0
HIP,Sella internal,0.05,6.0
HIP,Sella internal,0.05,6.0
HIP,Sella internal,0.05,6.0
HIP,Sella internal,0.05,6.0
HIP,Sella internal,0.05,7.0
HIP,Sella internal,0.05,7.0
HIP,Sella internal,0.05,7.0
HIP,Sella internal,0.05,7.0
HIP,Sella internal,0.05,7.0
HIP,Sella internal,0.05,7.0
HIP,Sella internal,0.05,7.0
HIP,Sella internal,0.05,7.0
HIP,Sella internal,0.05,7.0
HIP,Sella internal,0.05,7.0
HIP,Sella internal,0.05,7.0
HIP,Sella internal,0.05,7.0
HIP,Sella internal,0.05,7.0
HIP,Sella internal,0.05,7.0
HIP,Sella internal,0.05,7.0
HIP,Sella internal,0.05,7.0
HIP,Sella internal,0.05,7.0
HIP,Sella internal,0.05,7.0
HIP,Sella internal,0.05,7.0
HIP,Sella internal,0.05,7.0
HIP,Sella internal,0.05,7.0
HIP,Sella internal,0.05,7.0
HIP,Sella internal,0.05,7.0
HIP,Sella internal,0.05,7.0
HIP,Sella internal,0.05,7.0
HIP,Sella internal,0.05,7.0
HIP,Sella internal,0.05,7.0
HIP,Sella internal,0.05,7.0
HIP,Sella internal,0.05,7.0
HIP,Sella internal,0.05,7.0
HIP,Sella internal,0.05,7.0
HIP,Sella internal,0.05,7.0
HIP,Sella internal,0.05,7.0
HIP,Sella internal,0.05,7.0
HIP,Sella internal,0.05,8.0
HIP,Sella internal,0.05,8.0
HIP,Sella internal,0.05,8.0
HIP,Sella internal,0.05,8.0
HIP,Sella internal,0.05,8.0
HIP,Sella internal,0.05,8.0
HIP,Sella internal,0.05,8.0
HIP,Sella internal,0.05,8.0
HIP,Sella internal,0.05,8.0
HIP,Sella internal,0.05,8.0
HIP,Sella internal,0.05,8.0
HIP,Sella internal,0.05,8.0
HIP,Sella internal,0.05,8.0
HIP,Sella internal,0.05,8.0
HIP,Sella internal,0.05,8.0
HIP,Sella internal,0.05,8.0
HIP,Sella internal,0.05,8.0
HIP,Sella internal,0.05,8.0
HIP,Sella internal,0.05,8.0
HIP,Sella internal,0.05,8.0
HIP,Sella internal,0.05,8.0
HIP,Sella internal,0.05,8.0
HIP,Sella internal,0.05,8.0
HIP,Sella internal,0.05,8.0
HIP,Sella internal,0.05,8.0
HIP,Sella internal,0.05,8.0
HIP,Sella internal,0.05,8.0
HIP,Sella internal,0.05,8.0
HIP,Sella internal,0.05,8.0
HIP,Sella internal,0.05,8.0
HIP,Sella internal,0.05,8.0
HIP,Sella internal,0.05,8.0
HIP,Sella internal,0.05,8.0
HIP,Sella internal,0.05,8.0
HIP,Sella internal,0.05,9.0
HIP,Sella internal,0.05,9.0
HIP,Sella internal,0.05,9.0
HIP,Sella internal,0.05,9.0
HIP,Sella internal,0.05,9.0
HIP,Sella internal,0.05,9.0
HIP,Sella internal,0.05,9.0
HIP,Sella internal,0.05,9.0
HIP,Sella internal,0.05,9.0
HIP,Sella internal,0.05,9.0
HIP,Sella internal,0.05,9.0
HIP,Sella internal,0.05,9.0
HIP,Sella internal,0.05,9.0
HIP,Sella internal,0.05,9.0
HIP,Sella internal,0.05,9.0
HIP,Sella internal,0.05,9.0
HIP,Sella internal,0.05,9.0
HIP,Sella internal,0.05,9.0
HIP,Sella internal,0.05,9.0
HIP,Sella internal,0.05,9.0
HIP,Sella internal,0.05,9.0
HIP,Sella internal,0.05,9.0
HIP,Sella internal,0.05,9.0
HIP,Sella internal,0.05,9.0
HIP,Sella internal,0.05,9.0
HIP,Sella internal,0.05,9.0
HIP,Sella internal,0.05,9.0
HIP,Sella internal,0.05,9.0
HIP,Sella internal,0.05,9.0
HIP,Sella internal,0.05,9.0
HIP,Sella internal,0.05,9.0
HIP,Sella internal,0.05,10.0
HIP,Sella internal,0.05,10.0
HIP,Sella internal,0.05,10.0
HIP,Sella internal,0.05,10.0
HIP,Sella internal,0.05,10.0
HIP,Sella internal,0.05,10.0
HIP,Sella internal,0.05,10.0
HIP,Sella internal,0.05,10.0
HIP,Sella internal,0.05,10.0
HIP,Sella internal,0.05,10.0
HIP,Sella internal,0.05,10.0
HIP,Sella internal,0.05,10.0
HIP,Sella internal,0.05,10.0
HIP,Sella internal,0.05,10.0
HIP,Sella internal,0.05,10.0
HIP,Sella internal,0.05,10.0
HIP,Sella internal,0.05,10.0
HIP,Sella internal,0.05,10.0
HIP,Sella internal,0.05,10.0
HIP,Sella internal,0.05,10.0
HIP,Sella internal,0.05,10.0
HIP,Sella internal,0.05,11.0
HIP,Sella internal,0.05,11.0
HIP,Sella internal,0.05,11.0
HIP,Sella internal,0.05,11.0
HIP,Sella internal,0.05,11.0
HIP,Sella internal,0.05,11.0
HIP,Sella internal,0.05,11.0
HIP,Sella internal,0.05,11.0
HIP,Sella internal,0.05,11.0
HIP,Sella internal,0.05,11.0
HIP,Sella internal,0.05,11.0
HIP,Sella internal,0.05,11.0
HIP,Sella internal,0.05,11.0
HIP,Sella internal,0.05,11.0
HIP,Sella internal,0.05,11.0
HIP,Sella internal,0.05,11.0
HIP,Sella internal,0.05,11.0
HIP,Sella internal,0.05,11.0
HIP,Sella internal,0.05,11.0
HIP,Sella internal,0.05,11.0
HIP,Sella internal,0.05,11.0
HIP,Sella internal,0.05,11.0
HIP,Sella internal,0.05,11.0
HIP,Sella internal,0.05,11.0
HIP,Sella internal,0.05,11.0
HIP,Sella internal,0.05,11.0
HIP,Sella internal,0.05,12.0
HIP,Sella internal,0.05,12.0
HIP,Sella internal,0.05,12.0
HIP,Sella internal,0.05,12.0
HIP,Sella internal,0.05,12.0
HIP,Sella internal,0.05,12.0
HIP,Sella internal,0.05,12.0
HIP,Sella internal,0.05,12.0
HIP,Sella internal,0.05,12.0
HIP,Sella internal,0.05,12.0
HIP,Sella internal,0.05,13.0
HIP,Sella internal,0.05,13.0
HIP,Sella internal,0.05,13.0
HIP,Sella internal,0.05,13.0
HIP,Sella internal,0.05,13.0
HIP,Sella internal,0.05,13.0
HIP,Sella internal,0.05,14.0
HIP,Sella internal,0.05,14.0
HIP,Sella internal,0.05,14.0
HIP,Sella internal,0.05,14.0
HIP,Sella internal,0.05,14.0
HIP,Sella internal,0.05,14.0
HIP,Sella internal,0.05,14.0
HIP,Sella internal,0.05,15.0
HIP,Sella internal,0.05,15.0
HIP,Sella internal,0.05,16.0
HIP,Sella internal,0.05,17.0
HIP,Sella internal,0.05,17.0
HIP,Sella internal,0.05,20.0
HIP,Sella internal,0.05,21.0
HIP,Sella internal,0.05,26.0
HIP,Sella internal,0.05,26.0
HIP,Sella internal,0.05,91.0
HIP,Sella internal,0.05,466.0
HIP,Sella internal,0.05,480.0
HIP,Sella internal,0.05,677.0
HIP,Sella internal,0.05,873.0
HIP,Sella internal,0.05,1408.0
HIP,Sella internal,0.05,2000.0
HIP,Sella internal,0.05,2000.0
HIP,Sella internal,0.05,2000.0
HIP,Sella internal,0.1,9.0
HIP,Sella internal,0.1,10.0
HIP,Sella internal,0.1,10.0
HIP,Sella internal,0.1,10.0
HIP,Sella internal,0.1,10.0
HIP,Sella internal,0.1,11.0
HIP,Sella internal,0.1,11.0
HIP,Sella internal,0.1,11.0
HIP,Sella internal,0.1,11.0
HIP,Sella internal,0.1,11.0
HIP,Sella internal,0.1,12.0
HIP,Sella internal,0.1,12.0
HIP,Sella internal,0.1,12.0
HIP,Sella internal,0.1,12.0
HIP,Sella internal,0.1,12.0
HIP,Sella internal,0.1,13.0
HIP,Sella internal,0.1,13.0
HIP,Sella internal,0.1,13.0
HIP,Sella internal,0.1,13.0
HIP,Sella internal,0.1,13.0
HIP,Sella internal,0.1,13.0
HIP,Sella internal,0.1,13.0
HIP,Sella internal,0.1,13.0
HIP,Sella internal,0.1,13.0
HIP,Sella internal,0.1,13.0
HIP,Sella internal,0.1,13.0
HIP,Sella internal,0.1,13.0
HIP,Sella internal,0.1,13.0
HIP,Sella internal,0.1,14.0
HIP,Sella internal,0.1,14.0
HIP,Sella internal,0.1,14.0
HIP,Sella internal,0.1,14.0
HIP,Sella internal,0.1,14.0
HIP,Sella internal,0.1,14.0
HIP,Sella internal,0.1,14.0
HIP,Sella internal,0.1,14.0
HIP,Sella internal,0.1,14.0
HIP,Sella internal,0.1,14.0
HIP,Sella internal,0.1,14.0
HIP,Sella internal,0.1,14.0
HIP,Sella internal,0.1,15.0
HIP,Sella internal,0.1,15.0
HIP,Sella internal,0.1,15.0
HIP,Sella internal,0.1,15.0
HIP,Sella internal,0.1,15.0
HIP,Sella internal,0.1,15.0
HIP,Sella internal,0.1,15.0
HIP,Sella internal,0.1,15.0
HIP,Sella internal,0.1,15.0
HIP,Sella internal,0.1,15.0
HIP,Sella internal,0.1,15.0
HIP,Sella internal,0.1,15.0
HIP,Sella internal,0.1,15.0
HIP,Sella internal,0.1,15.0
HIP,Sella internal,0.1,15.0
HIP,Sella internal,0.1,15.0
HIP,Sella internal,0.1,15.0
HIP,Sella internal,0.1,16.0
HIP,Sella internal,0.1,16.0
HIP,Sella internal,0.1,16.0
HIP,Sella internal,0.1,16.0
HIP,Sella internal,0.1,16.0
HIP,Sella internal,0.1,16.0
HIP,Sella internal,0.1,17.0
HIP,Sella internal,0.1,17.0
HIP,Sella internal,0.1,17.0
HIP,Sella internal,0.1,17.0
HIP,Sella internal,0.1,17.0
HIP,Sella internal,0.1,17.0
HIP,Sella internal,0.1,17.0
HIP,Sella internal,0.1,17.0
HIP,Sella internal,0.1,17.0
HIP,Sella internal,0.1,17.0
HIP,Sella internal,0.1,17.0
HIP,Sella internal,0.1,18.0
HIP,Sella internal,0.1,18.0
HIP,Sella internal,0.1,18.0
HIP,Sella internal,0.1,19.0
HIP,Sella internal,0.1,19.0
HIP,Sella internal,0.1,19.0
HIP,Sella internal,0.1,19.0
HIP,Sella internal,0.1,19.0
HIP,Sella internal,0.1,19.0
HIP,Sella internal,0.1,19.0
HIP,Sella internal,0.1,19.0
HIP,Sella internal,0.1,19.0
HIP,Sella internal,0.1,19.0
HIP,Sella internal,0.1,19.0
HIP,Sella internal,0.1,20.0
HIP,Sella internal,0.1,20.0
HIP,Sella internal,0.1,20.0
HIP,Sella internal,0.1,20.0
HIP,Sella internal,0.1,20.0
HIP,Sella internal,0.1,20.0
HIP,Sella internal,0.1,21.0
HIP,Sella internal,0.1,21.0
HIP,Sella internal,0.1,21.0
HIP,Sella internal,0.1,21.0
HIP,Sella internal,0.1,21.0
HIP,Sella internal,0.1,21.0
HIP,Sella internal,0.1,21.0
HIP,Sella internal,0.1,21.0
HIP,Sella internal,0.1,21.0
HIP,Sella internal,0.1,22.0
HIP,Sella internal,0.1,22.0
HIP,Sella internal,0.1,22.0
HIP,Sella internal,0.1,22.0
HIP,Sella internal,0.1,22.0
HIP,Sella internal,0.1,22.0
HIP,Sella internal,0.1,23.0
HIP,Sella internal,0.1,23.0
HIP,Sella internal,0.1,23.0
HIP,Sella internal,0.1,23.0
HIP,Sella internal,0.1,23.0
HIP,Sella internal,0.1,23.0
HIP,Sella internal,0.1,23.0
HIP,Sella internal,0.1,23.0
HIP,Sella internal,0.1,24.0
HIP,Sella internal,0.1,25.0
HIP,Sella internal,0.1,25.0
HIP,Sella internal,0.1,25.0
HIP,Sella internal,0.1,25.0
HIP,Sella internal,0.1,25.0
HIP,Sella internal,0.1,25.0
HIP,Sella internal,0.1,26.0
HIP,Sella internal,0.1,26.0
HIP,Sella internal,0.1,26.0
HIP,Sella internal,0.1,27.0
HIP,Sella internal,0.1,27.0
HIP,Sella internal,0.1,28.0
HIP,Sella internal,0.1,28.0
HIP,Sella internal,0.1,30.0
HIP,Sella internal,0.1,33.0
HIP,Sella internal,0.1,34.0
HIP,Sella internal,0.1,37.0
HIP,Sella internal,0.1,53.0
HIP,Sella internal,0.1,61.0
HIP,Sella internal,0.1,61.0
HIP,Sella internal,0.1,443.0
HIP,Sella internal,0.1,535.0
HIP,Sella internal,0.1,1064.0
HIP,Sella internal,0.1,1942.0
HIP,Sella internal,0.1,2000.0
HIP,Sella internal,0.1,2000.0
HIP,Sella internal,0.1,2000.0
HIP,Sella internal,0.1,2000.0
LJ13–75,CS²-GAD,0.1,14.0
LJ13–75,CS²-GAD,0.1,14.0
LJ13–75,CS²-GAD,0.1,14.0
LJ13–75,CS²-GAD,0.1,15.0
LJ13–75,CS²-GAD,0.1,15.0
LJ13–75,CS²-GAD,0.1,16.0
LJ13–75,CS²-GAD,0.1,16.0
LJ13–75,CS²-GAD,0.1,16.0
LJ13–75,CS²-GAD,0.1,16.0
LJ13–75,CS²-GAD,0.1,17.0
LJ13–75,CS²-GAD,0.1,17.0
LJ13–75,CS²-GAD,0.1,17.0
LJ13–75,CS²-GAD,0.1,18.0
LJ13–75,CS²-GAD,0.1,18.0
LJ13–75,CS²-GAD,0.1,18.0
LJ13–75,CS²-GAD,0.1,18.0
LJ13–75,CS²-GAD,0.1,19.0
LJ13–75,CS²-GAD,0.1,19.0
LJ13–75,CS²-GAD,0.1,19.0
LJ13–75,CS²-GAD,0.1,19.0
LJ13–75,CS²-GAD,0.1,19.0
LJ13–75,CS²-GAD,0.1,19.0
LJ13–75,CS²-GAD,0.1,20.0
LJ13–75,CS²-GAD,0.1,20.0
LJ13–75,CS²-GAD,0.1,20.0
LJ13–75,CS²-GAD,0.1,20.0
LJ13–75,CS²-GAD,0.1,20.0
LJ13–75,CS²-GAD,0.1,21.0
LJ13–75,CS²-GAD,0.1,21.0
LJ13–75,CS²-GAD,0.1,21.0
LJ13–75,CS²-GAD,0.1,21.0
LJ13–75,CS²-GAD,0.1,21.0
LJ13–75,CS²-GAD,0.1,21.0
LJ13–75,CS²-GAD,0.1,22.0
LJ13–75,CS²-GAD,0.1,22.0
LJ13–75,CS²-GAD,0.1,22.0
LJ13–75,CS²-GAD,0.1,22.0
LJ13–75,CS²-GAD,0.1,22.0
LJ13–75,CS²-GAD,0.1,22.0
LJ13–75,CS²-GAD,0.1,22.0
LJ13–75,CS²-GAD,0.1,22.0
LJ13–75,CS²-GAD,0.1,23.0
LJ13–75,CS²-GAD,0.1,23.0
LJ13–75,CS²-GAD,0.1,23.0
LJ13–75,CS²-GAD,0.1,23.0
LJ13–75,CS²-GAD,0.1,23.0
LJ13–75,CS²-GAD,0.1,23.0
LJ13–75,CS²-GAD,0.1,23.0
LJ13–75,CS²-GAD,0.1,23.0
LJ13–75,CS²-GAD,0.1,23.0
LJ13–75,CS²-GAD,0.1,23.0
LJ13–75,CS²-GAD,0.1,24.0
LJ13–75,CS²-GAD,0.1,24.0
LJ13–75,CS²-GAD,0.1,24.0
LJ13–75,CS²-GAD,0.1,24.0
LJ13–75,CS²-GAD,0.1,24.0
LJ13–75,CS²-GAD,0.1,24.0
LJ13–75,CS²-GAD,0.1,24.0
LJ13–75,CS²-GAD,0.1,24.0
LJ13–75,CS²-GAD,0.1,24.0
LJ13–75,CS²-GAD,0.1,24.0
LJ13–75,CS²-GAD,0.1,24.0
LJ13–75,CS²-GAD,0.1,24.0
LJ13–75,CS²-GAD,0.1,24.0
LJ13–75,CS²-GAD,0.1,25.0
LJ13–75,CS²-GAD,0.1,25.0
LJ13–75,CS²-GAD,0.1,25.0
LJ13–75,CS²-GAD,0.1,25.0
LJ13–75,CS²-GAD,0.1,25.0
LJ13–75,CS²-GAD,0.1,25.0
LJ13–75,CS²-GAD,0.1,25.0
LJ13–75,CS²-GAD,0.1,25.0
LJ13–75,CS²-GAD,0.1,25.0
LJ13–75,CS²-GAD,0.1,25.0
LJ13–75,CS²-GAD,0.1,26.0
LJ13–75,CS²-GAD,0.1,26.0
LJ13–75,CS²-GAD,0.1,26.0
LJ13–75,CS²-GAD,0.1,26.0
LJ13–75,CS²-GAD,0.1,26.0
LJ13–75,CS²-GAD,0.1,26.0
LJ13–75,CS²-GAD,0.1,26.0
LJ13–75,CS²-GAD,0.1,26.0
LJ13–75,CS²-GAD,0.1,26.0
LJ13–75,CS²-GAD,0.1,26.0
LJ13–75,CS²-GAD,0.1,26.0
LJ13–75,CS²-GAD,0.1,26.0
LJ13–75,CS²-GAD,0.1,26.0
LJ13–75,CS²-GAD,0.1,27.0
LJ13–75,CS²-GAD,0.1,27.0
LJ13–75,CS²-GAD,0.1,27.0
LJ13–75,CS²-GAD,0.1,27.0
LJ13–75,CS²-GAD,0.1,27.0
LJ13–75,CS²-GAD,0.1,27.0
LJ13–75,CS²-GAD,0.1,27.0
LJ13–75,CS²-GAD,0.1,27.0
LJ13–75,CS²-GAD,0.1,27.0
LJ13–75,CS²-GAD,0.1,27.0
LJ13–75,CS²-GAD,0.1,27.0
LJ13–75,CS²-GAD,0.1,27.0
LJ13–75,CS²-GAD,0.1,28.0
LJ13–75,CS²-GAD,0.1,28.0
LJ13–75,CS²-GAD,0.1,28.0
LJ13–75,CS²-GAD,0.1,28.0
LJ13–75,CS²-GAD,0.1,28.0
LJ13–75,CS²-GAD,0.1,28.0
LJ13–75,CS²-GAD,0.1,28.0
LJ13–75,CS²-GAD,0.1,29.0
LJ13–75,CS²-GAD,0.1,29.0
LJ13–75,CS²-GAD,0.1,29.0
LJ13–75,CS²-GAD,0.1,29.0
LJ13–75,CS²-GAD,0.1,29.0
LJ13–75,CS²-GAD,0.1,29.0
LJ13–75,CS²-GAD,0.1,29.0
LJ13–75,CS²-GAD,0.1,29.0
LJ13–75,CS²-GAD,0.1,29.0
LJ13–75,CS²-GAD,0.1,29.0
LJ13–75,CS²-GAD,0.1,29.0
LJ13–75,CS²-GAD,0.1,30.0
LJ13–75,CS²-GAD,0.1,30.0
LJ13–75,CS²-GAD,0.1,30.0
LJ13–75,CS²-GAD,0.1,30.0
LJ13–75,CS²-GAD,0.1,30.0
LJ13–75,CS²-GAD,0.1,30.0
LJ13–75,CS²-GAD,0.1,30.0
LJ13–75,CS²-GAD,0.1,30.0
LJ13–75,CS²-GAD,0.1,30.0
LJ13–75,CS²-GAD,0.1,30.0
LJ13–75,CS²-GAD,0.1,30.0
LJ13–75,CS²-GAD,0.1,30.0
LJ13–75,CS²-GAD,0.1,31.0
LJ13–75,CS²-GAD,0.1,31.0
LJ13–75,CS²-GAD,0.1,31.0
LJ13–75,CS²-GAD,0.1,31.0
LJ13–75,CS²-GAD,0.1,32.0
LJ13–75,CS²-GAD,0.1,32.0
LJ13–75,CS²-GAD,0.1,32.0
LJ13–75,CS²-GAD,0.1,32.0
LJ13–75,CS²-GAD,0.1,32.0
LJ13–75,CS²-GAD,0.1,32.0
LJ13–75,CS²-GAD,0.1,32.0
LJ13–75,CS²-GAD,0.1,33.0
LJ13–75,CS²-GAD,0.1,33.0
LJ13–75,CS²-GAD,0.1,33.0
LJ13–75,CS²-GAD,0.1,34.0
LJ13–75,CS²-GAD,0.1,34.0
LJ13–75,CS²-GAD,0.1,34.0
LJ13–75,CS²-GAD,0.1,34.0
LJ13–75,CS²-GAD,0.1,34.0
LJ13–75,CS²-GAD,0.1,34.0
LJ13–75,CS²-GAD,0.1,34.0
LJ13–75,CS²-GAD,0.1,34.0
LJ13–75,CS²-GAD,0.1,34.0
LJ13–75,CS²-GAD,0.1,34.0
LJ13–75,CS²-GAD,0.1,35.0
LJ13–75,CS²-GAD,0.1,35.0
LJ13–75,CS²-GAD,0.1,35.0
LJ13–75,CS²-GAD,0.1,35.0
LJ13–75,CS²-GAD,0.1,36.0
LJ13–75,CS²-GAD,0.1,36.0
LJ13–75,CS²-GAD,0.1,36.0
LJ13–75,CS²-GAD,0.1,36.0
LJ13–75,CS²-GAD,0.1,36.0
LJ13–75,CS²-GAD,0.1,36.0
LJ13–75,CS²-GAD,0.1,37.0
LJ13–75,CS²-GAD,0.1,37.0
LJ13–75,CS²-GAD,0.1,38.0
LJ13–75,CS²-GAD,0.1,38.0
LJ13–75,CS²-GAD,0.1,39.0
LJ13–75,CS²-GAD,0.1,40.0
LJ13–75,CS²-GAD,0.1,40.0
LJ13–75,CS²-GAD,0.1,41.0
LJ13–75,CS²-GAD,0.1,41.0
LJ13–75,CS²-GAD,0.1,41.0
LJ13–75,CS²-GAD,0.1,41.0
LJ13–75,CS²-GAD,0.1,42.0
LJ13–75,CS²-GAD,0.1,43.0
LJ13–75,CS²-GAD,0.1,44.0
LJ13–75,CS²-GAD,0.1,44.0
LJ13–75,CS²-GAD,0.1,44.0
LJ13–75,CS²-GAD,0.1,45.0
LJ13–75,CS²-GAD,0.1,45.0
LJ13–75,CS²-GAD,0.1,45.0
LJ13–75,CS²-GAD,0.1,45.0
LJ13–75,CS²-GAD,0.1,48.0
LJ13–75,CS²-GAD,0.1,49.0
LJ13–75,CS²-GAD,0.1,50.0
LJ13–75,CS²-GAD,0.1,51.0
LJ13–75,CS²-GAD,0.1,52.0
LJ13–75,CS²-GAD,0.1,53.0
LJ13–75,CS²-GAD,0.1,53.0
LJ13–75,CS²-GAD,0.1,54.0
LJ13–75,CS²-GAD,0.1,54.0
LJ13–75,CS²-GAD,0.1,55.0
LJ13–75,CS²-GAD,0.1,57.0
LJ13–75,CS²-GAD,0.1,58.0
LJ13–75,CS²-GAD,0.1,59.0
LJ13–75,CS²-GAD,0.1,60.0
LJ13–75,CS²-GAD,0.1,61.0
LJ13–75,CS²-GAD,0.1,63.0
LJ13–75,CS²-GAD,0.1,67.0
LJ13–75,CS²-GAD,0.1,75.0
LJ13–75,CS²-GAD,0.1,75.0
LJ13–75,CS²-GAD,0.1,77.0
LJ13–75,CS²-GAD,0.1,79.0
LJ13–75,CS²-GAD,0.1,82.0
LJ13–75,CS²-GAD,0.2,14.0
LJ13–75,CS²-GAD,0.2,15.0
LJ13–75,CS²-GAD,0.2,17.0
LJ13–75,CS²-GAD,0.2,17.0
LJ13–75,CS²-GAD,0.2,17.0
LJ13–75,CS²-GAD,0.2,18.0
LJ13–75,CS²-GAD,0.2,19.0
LJ13–75,CS²-GAD,0.2,19.0
LJ13–75,CS²-GAD,0.2,19.0
LJ13–75,CS²-GAD,0.2,20.0
LJ13–75,CS²-GAD,0.2,20.0
LJ13–75,CS²-GAD,0.2,20.0
LJ13–75,CS²-GAD,0.2,20.0
LJ13–75,CS²-GAD,0.2,21.0
LJ13–75,CS²-GAD,0.2,23.0
LJ13–75,CS²-GAD,0.2,23.0
LJ13–75,CS²-GAD,0.2,23.0
LJ13–75,CS²-GAD,0.2,24.0
LJ13–75,CS²-GAD,0.2,24.0
LJ13–75,CS²-GAD,0.2,25.0
LJ13–75,CS²-GAD,0.2,25.0
LJ13–75,CS²-GAD,0.2,25.0
LJ13–75,CS²-GAD,0.2,26.0
LJ13–75,CS²-GAD,0.2,26.0
LJ13–75,CS²-GAD,0.2,26.0
LJ13–75,CS²-GAD,0.2,26.0
LJ13–75,CS²-GAD,0.2,27.0
LJ13–75,CS²-GAD,0.2,27.0
LJ13–75,CS²-GAD,0.2,27.0
LJ13–75,CS²-GAD,0.2,27.0
LJ13–75,CS²-GAD,0.2,27.0
LJ13–75,CS²-GAD,0.2,28.0
LJ13–75,CS²-GAD,0.2,28.0
LJ13–75,CS²-GAD,0.2,28.0
LJ13–75,CS²-GAD,0.2,29.0
LJ13–75,CS²-GAD,0.2,29.0
LJ13–75,CS²-GAD,0.2,29.0
LJ13–75,CS²-GAD,0.2,29.0
LJ13–75,CS²-GAD,0.2,29.0
LJ13–75,CS²-GAD,0.2,29.0
LJ13–75,CS²-GAD,0.2,30.0
LJ13–75,CS²-GAD,0.2,30.0
LJ13–75,CS²-GAD,0.2,30.0
LJ13–75,CS²-GAD,0.2,30.0
LJ13–75,CS²-GAD,0.2,31.0
LJ13–75,CS²-GAD,0.2,31.0
LJ13–75,CS²-GAD,0.2,31.0
LJ13–75,CS²-GAD,0.2,31.0
LJ13–75,CS²-GAD,0.2,31.0
LJ13–75,CS²-GAD,0.2,31.0
LJ13–75,CS²-GAD,0.2,31.0
LJ13–75,CS²-GAD,0.2,31.0
LJ13–75,CS²-GAD,0.2,31.0
LJ13–75,CS²-GAD,0.2,31.0
LJ13–75,CS²-GAD,0.2,31.0
LJ13–75,CS²-GAD,0.2,31.0
LJ13–75,CS²-GAD,0.2,32.0
LJ13–75,CS²-GAD,0.2,32.0
LJ13–75,CS²-GAD,0.2,32.0
LJ13–75,CS²-GAD,0.2,32.0
LJ13–75,CS²-GAD,0.2,32.0
LJ13–75,CS²-GAD,0.2,32.0
LJ13–75,CS²-GAD,0.2,32.0
LJ13–75,CS²-GAD,0.2,33.0
LJ13–75,CS²-GAD,0.2,34.0
LJ13–75,CS²-GAD,0.2,34.0
LJ13–75,CS²-GAD,0.2,34.0
LJ13–75,CS²-GAD,0.2,34.0
LJ13–75,CS²-GAD,0.2,35.0
LJ13–75,CS²-GAD,0.2,35.0
LJ13–75,CS²-GAD,0.2,36.0
LJ13–75,CS²-GAD,0.2,37.0
LJ13–75,CS²-GAD,0.2,37.0
LJ13–75,CS²-GAD,0.2,37.0
LJ13–75,CS²-GAD,0.2,37.0
LJ13–75,CS²-GAD,0.2,38.0
LJ13–75,CS²-GAD,0.2,38.0
LJ13–75,CS²-GAD,0.2,38.0
LJ13–75,CS²-GAD,0.2,39.0
LJ13–75,CS²-GAD,0.2,40.0
LJ13–75,CS²-GAD,0.2,41.0
LJ13–75,CS²-GAD,0.2,41.0
LJ13–75,CS²-GAD,0.2,41.0
LJ13–75,CS²-GAD,0.2,42.0
LJ13–75,CS²-GAD,0.2,42.0
LJ13–75,CS²-GAD,0.2,42.0
LJ13–75,CS²-GAD,0.2,43.0
LJ13–75,CS²-GAD,0.2,43.0
LJ13–75,CS²-GAD,0.2,43.0
LJ13–75,CS²-GAD,0.2,43.0
LJ13–75,CS²-GAD,0.2,43.0
LJ13–75,CS²-GAD,0.2,43.0
LJ13–75,CS²-GAD,0.2,44.0
LJ13–75,CS²-GAD,0.2,44.0
LJ13–75,CS²-GAD,0.2,44.0
LJ13–75,CS²-GAD,0.2,44.0
LJ13–75,CS²-GAD,0.2,44.0
LJ13–75,CS²-GAD,0.2,45.0
LJ13–75,CS²-GAD,0.2,45.0
LJ13–75,CS²-GAD,0.2,45.0
LJ13–75,CS²-GAD,0.2,46.0
LJ13–75,CS²-GAD,0.2,46.0
LJ13–75,CS²-GAD,0.2,46.0
LJ13–75,CS²-GAD,0.2,46.0
LJ13–75,CS²-GAD,0.2,47.0
LJ13–75,CS²-GAD,0.2,47.0
LJ13–75,CS²-GAD,0.2,47.0
LJ13–75,CS²-GAD,0.2,47.0
LJ13–75,CS²-GAD,0.2,47.0
LJ13–75,CS²-GAD,0.2,48.0
LJ13–75,CS²-GAD,0.2,48.0
LJ13–75,CS²-GAD,0.2,48.0
LJ13–75,CS²-GAD,0.2,49.0
LJ13–75,CS²-GAD,0.2,49.0
LJ13–75,CS²-GAD,0.2,49.0
LJ13–75,CS²-GAD,0.2,49.0
LJ13–75,CS²-GAD,0.2,50.0
LJ13–75,CS²-GAD,0.2,51.0
LJ13–75,CS²-GAD,0.2,51.0
LJ13–75,CS²-GAD,0.2,51.0
LJ13–75,CS²-GAD,0.2,51.0
LJ13–75,CS²-GAD,0.2,51.0
LJ13–75,CS²-GAD,0.2,52.0
LJ13–75,CS²-GAD,0.2,52.0
LJ13–75,CS²-GAD,0.2,52.0
LJ13–75,CS²-GAD,0.2,52.0
LJ13–75,CS²-GAD,0.2,52.0
LJ13–75,CS²-GAD,0.2,53.0
LJ13–75,CS²-GAD,0.2,53.0
LJ13–75,CS²-GAD,0.2,53.0
LJ13–75,CS²-GAD,0.2,53.0
LJ13–75,CS²-GAD,0.2,53.0
LJ13–75,CS²-GAD,0.2,53.0
LJ13–75,CS²-GAD,0.2,54.0
LJ13–75,CS²-GAD,0.2,55.0
LJ13–75,CS²-GAD,0.2,55.0
LJ13–75,CS²-GAD,0.2,55.0
LJ13–75,CS²-GAD,0.2,56.0
LJ13–75,CS²-GAD,0.2,56.0
LJ13–75,CS²-GAD,0.2,56.0
LJ13–75,CS²-GAD,0.2,56.0
LJ13–75,CS²-GAD,0.2,56.0
LJ13–75,CS²-GAD,0.2,56.0
LJ13–75,CS²-GAD,0.2,57.0
LJ13–75,CS²-GAD,0.2,58.0
LJ13–75,CS²-GAD,0.2,58.0
LJ13–75,CS²-GAD,0.2,58.0
LJ13–75,CS²-GAD,0.2,59.0
LJ13–75,CS²-GAD,0.2,59.0
LJ13–75,CS²-GAD,0.2,59.0
LJ13–75,CS²-GAD,0.2,59.0
LJ13–75,CS²-GAD,0.2,60.0
LJ13–75,CS²-GAD,0.2,60.0
LJ13–75,CS²-GAD,0.2,60.0
LJ13–75,CS²-GAD,0.2,60.0
LJ13–75,CS²-GAD,0.2,61.0
LJ13–75,CS²-GAD,0.2,61.0
LJ13–75,CS²-GAD,0.2,61.0
LJ13–75,CS²-GAD,0.2,62.0
LJ13–75,CS²-GAD,0.2,62.0
LJ13–75,CS²-GAD,0.2,62.0
LJ13–75,CS²-GAD,0.2,63.0
LJ13–75,CS²-GAD,0.2,63.0
LJ13–75,CS²-GAD,0.2,63.0
LJ13–75,CS²-GAD,0.2,63.0
LJ13–75,CS²-GAD,0.2,63.0
LJ13–75,CS²-GAD,0.2,64.0
LJ13–75,CS²-GAD,0.2,64.0
LJ13–75,CS²-GAD,0.2,64.0
LJ13–75,CS²-GAD,0.2,65.0
LJ13–75,CS²-GAD,0.2,65.0
LJ13–75,CS²-GAD,0.2,66.0
LJ13–75,CS²-GAD,0.2,67.0
LJ13–75,CS²-GAD,0.2,68.0
LJ13–75,CS²-GAD,0.2,69.0
LJ13–75,CS²-GAD,0.2,69.0
LJ13–75,CS²-GAD,0.2,69.0
LJ13–75,CS²-GAD,0.2,70.0
LJ13–75,CS²-GAD,0.2,71.0
LJ13–75,CS²-GAD,0.2,76.0
LJ13–75,CS²-GAD,0.2,77.0
LJ13–75,CS²-GAD,0.2,84.0
LJ13–75,CS²-GAD,0.2,88.0
LJ13–75,CS²-GAD,0.2,88.0
LJ13–75,CS²-GAD,0.2,92.0
LJ13–75,CS²-GAD,0.2,94.0
LJ13–75,CS²-GAD,0.2,99.0
LJ13–75,CS²-GAD,0.2,102.0
LJ13–75,CS²-GAD,0.2,108.0
LJ13–75,CS²-GAD,0.2,115.0
LJ13–75,CS²-GAD,0.2,116.0
LJ13–75,CS²-GAD,0.2,116.0
LJ13–75,CS²-GAD,0.2,121.0
LJ13–75,CS²-GAD,0.2,226.0
LJ13–75,CS²-GAD,0.3,13.0
LJ13–75,CS²-GAD,0.3,13.0
LJ13–75,CS²-GAD,0.3,19.0
LJ13–75,CS²-GAD,0.3,19.0
LJ13–75,CS²-GAD,0.3,23.0
LJ13–75,CS²-GAD,0.3,23.0
LJ13–75,CS²-GAD,0.3,25.0
LJ13–75,CS²-GAD,0.3,26.0
LJ13–75,CS²-GAD,0.3,26.0
LJ13–75,CS²-GAD,0.3,26.0
LJ13–75,CS²-GAD,0.3,27.0
LJ13–75,CS²-GAD,0.3,28.0
LJ13–75,CS²-GAD,0.3,28.0
LJ13–75,CS²-GAD,0.3,28.0
LJ13–75,CS²-GAD,0.3,29.0
LJ13–75,CS²-GAD,0.3,29.0
LJ13–75,CS²-GAD,0.3,29.0
LJ13–75,CS²-GAD,0.3,30.0
LJ13–75,CS²-GAD,0.3,31.0
LJ13–75,CS²-GAD,0.3,32.0
LJ13–75,CS²-GAD,0.3,32.0
LJ13–75,CS²-GAD,0.3,33.0
LJ13–75,CS²-GAD,0.3,33.0
LJ13–75,CS²-GAD,0.3,34.0
LJ13–75,CS²-GAD,0.3,34.0
LJ13–75,CS²-GAD,0.3,34.0
LJ13–75,CS²-GAD,0.3,35.0
LJ13–75,CS²-GAD,0.3,35.0
LJ13–75,CS²-GAD,0.3,35.0
LJ13–75,CS²-GAD,0.3,35.0
LJ13–75,CS²-GAD,0.3,35.0
LJ13–75,CS²-GAD,0.3,36.0
LJ13–75,CS²-GAD,0.3,37.0
LJ13–75,CS²-GAD,0.3,37.0
LJ13–75,CS²-GAD,0.3,37.0
LJ13–75,CS²-GAD,0.3,37.0
LJ13–75,CS²-GAD,0.3,37.0
LJ13–75,CS²-GAD,0.3,37.0
LJ13–75,CS²-GAD,0.3,38.0
LJ13–75,CS²-GAD,0.3,38.0
LJ13–75,CS²-GAD,0.3,38.0
LJ13–75,CS²-GAD,0.3,38.0
LJ13–75,CS²-GAD,0.3,38.0
LJ13–75,CS²-GAD,0.3,38.0
LJ13–75,CS²-GAD,0.3,39.0
LJ13–75,CS²-GAD,0.3,39.0
LJ13–75,CS²-GAD,0.3,39.0
LJ13–75,CS²-GAD,0.3,39.0
LJ13–75,CS²-GAD,0.3,39.0
LJ13–75,CS²-GAD,0.3,40.0
LJ13–75,CS²-GAD,0.3,40.0
LJ13–75,CS²-GAD,0.3,40.0
LJ13–75,CS²-GAD,0.3,40.0
LJ13–75,CS²-GAD,0.3,40.0
LJ13–75,CS²-GAD,0.3,40.0
LJ13–75,CS²-GAD,0.3,41.0
LJ13–75,CS²-GAD,0.3,41.0
LJ13–75,CS²-GAD,0.3,42.0
LJ13–75,CS²-GAD,0.3,43.0
LJ13–75,CS²-GAD,0.3,44.0
LJ13–75,CS²-GAD,0.3,45.0
LJ13–75,CS²-GAD,0.3,46.0
LJ13–75,CS²-GAD,0.3,46.0
LJ13–75,CS²-GAD,0.3,47.0
LJ13–75,CS²-GAD,0.3,47.0
LJ13–75,CS²-GAD,0.3,48.0
LJ13–75,CS²-GAD,0.3,48.0
LJ13–75,CS²-GAD,0.3,48.0
LJ13–75,CS²-GAD,0.3,48.0
LJ13–75,CS²-GAD,0.3,48.0
LJ13–75,CS²-GAD,0.3,49.0
LJ13–75,CS²-GAD,0.3,49.0
LJ13–75,CS²-GAD,0.3,50.0
LJ13–75,CS²-GAD,0.3,50.0
LJ13–75,CS²-GAD,0.3,50.0
LJ13–75,CS²-GAD,0.3,52.0
LJ13–75,CS²-GAD,0.3,52.0
LJ13–75,CS²-GAD,0.3,53.0
LJ13–75,CS²-GAD,0.3,53.0
LJ13–75,CS²-GAD,0.3,54.0
LJ13–75,CS²-GAD,0.3,55.0
LJ13–75,CS²-GAD,0.3,55.0
LJ13–75,CS²-GAD,0.3,57.0
LJ13–75,CS²-GAD,0.3,57.0
LJ13–75,CS²-GAD,0.3,57.0
LJ13–75,CS²-GAD,0.3,59.0
LJ13–75,CS²-GAD,0.3,59.0
LJ13–75,CS²-GAD,0.3,60.0
LJ13–75,CS²-GAD,0.3,61.0
LJ13–75,CS²-GAD,0.3,63.0
LJ13–75,CS²-GAD,0.3,63.0
LJ13–75,CS²-GAD,0.3,64.0
LJ13–75,CS²-GAD,0.3,65.0
LJ13–75,CS²-GAD,0.3,65.0
LJ13–75,CS²-GAD,0.3,66.0
LJ13–75,CS²-GAD,0.3,66.0
LJ13–75,CS²-GAD,0.3,73.0
LJ13–75,CS²-GAD,0.3,73.0
LJ13–75,CS²-GAD,0.3,73.0
LJ13–75,CS²-GAD,0.3,74.0
LJ13–75,CS²-GAD,0.3,75.0
LJ13–75,CS²-GAD,0.3,76.0
LJ13–75,CS²-GAD,0.3,76.0
LJ13–75,CS²-GAD,0.3,76.0
LJ13–75,CS²-GAD,0.3,77.0
LJ13–75,CS²-GAD,0.3,77.0
LJ13–75,CS²-GAD,0.3,78.0
LJ13–75,CS²-GAD,0.3,78.0
LJ13–75,CS²-GAD,0.3,78.0
LJ13–75,CS²-GAD,0.3,82.0
LJ13–75,CS²-GAD,0.3,82.0
LJ13–75,CS²-GAD,0.3,82.0
LJ13–75,CS²-GAD,0.3,82.0
LJ13–75,CS²-GAD,0.3,83.0
LJ13–75,CS²-GAD,0.3,83.0
LJ13–75,CS²-GAD,0.3,84.0
LJ13–75,CS²-GAD,0.3,85.0
LJ13–75,CS²-GAD,0.3,86.0
LJ13–75,CS²-GAD,0.3,86.0
LJ13–75,CS²-GAD,0.3,86.0
LJ13–75,CS²-GAD,0.3,87.0
LJ13–75,CS²-GAD,0.3,88.0
LJ13–75,CS²-GAD,0.3,88.0
LJ13–75,CS²-GAD,0.3,88.0
LJ13–75,CS²-GAD,0.3,89.0
LJ13–75,CS²-GAD,0.3,90.0
LJ13–75,CS²-GAD,0.3,93.0
LJ13–75,CS²-GAD,0.3,93.0
LJ13–75,CS²-GAD,0.3,93.0
LJ13–75,CS²-GAD,0.3,94.0
LJ13–75,CS²-GAD,0.3,94.0
LJ13–75,CS²-GAD,0.3,95.0
LJ13–75,CS²-GAD,0.3,98.0
LJ13–75,CS²-GAD,0.3,98.0
LJ13–75,CS²-GAD,0.3,98.0
LJ13–75,CS²-GAD,0.3,99.0
LJ13–75,CS²-GAD,0.3,99.0
LJ13–75,CS²-GAD,0.3,99.0
LJ13–75,CS²-GAD,0.3,100.0
LJ13–75,CS²-GAD,0.3,102.0
LJ13–75,CS²-GAD,0.3,102.0
LJ13–75,CS²-GAD,0.3,103.0
LJ13–75,CS²-GAD,0.3,104.0
LJ13–75,CS²-GAD,0.3,104.0
LJ13–75,CS²-GAD,0.3,104.0
LJ13–75,CS²-GAD,0.3,104.0
LJ13–75,CS²-GAD,0.3,105.0
LJ13–75,CS²-GAD,0.3,106.0
LJ13–75,CS²-GAD,0.3,107.0
LJ13–75,CS²-GAD,0.3,107.0
LJ13–75,CS²-GAD,0.3,108.0
LJ13–75,CS²-GAD,0.3,109.0
LJ13–75,CS²-GAD,0.3,109.0
LJ13–75,CS²-GAD,0.3,110.0
LJ13–75,CS²-GAD,0.3,110.0
LJ13–75,CS²-GAD,0.3,112.0
LJ13–75,CS²-GAD,0.3,112.0
LJ13–75,CS²-GAD,0.3,114.0
LJ13–75,CS²-GAD,0.3,116.0
LJ13–75,CS²-GAD,0.3,118.0
LJ13–75,CS²-GAD,0.3,119.0
LJ13–75,CS²-GAD,0.3,121.0
LJ13–75,CS²-GAD,0.3,122.0
LJ13–75,CS²-GAD,0.3,124.0
LJ13–75,CS²-GAD,0.3,125.0
LJ13–75,CS²-GAD,0.3,125.0
LJ13–75,CS²-GAD,0.3,126.0
LJ13–75,CS²-GAD,0.3,127.0
LJ13–75,CS²-GAD,0.3,127.0
LJ13–75,CS²-GAD,0.3,127.0
LJ13–75,CS²-GAD,0.3,127.0
LJ13–75,CS²-GAD,0.3,128.0
LJ13–75,CS²-GAD,0.3,129.0
LJ13–75,CS²-GAD,0.3,130.0
LJ13–75,CS²-GAD,0.3,136.0
LJ13–75,CS²-GAD,0.3,137.0
LJ13–75,CS²-GAD,0.3,140.0
LJ13–75,CS²-GAD,0.3,143.0
LJ13–75,CS²-GAD,0.3,152.0
LJ13–75,CS²-GAD,0.3,159.0
LJ13–75,CS²-GAD,0.3,190.0
LJ13–75,CS²-GAD,0.4,20.0
LJ13–75,CS²-GAD,0.4,20.0
LJ13–75,CS²-GAD,0.4,29.0
LJ13–75,CS²-GAD,0.4,30.0
LJ13–75,CS²-GAD,0.4,31.0
LJ13–75,CS²-GAD,0.4,31.0
LJ13–75,CS²-GAD,0.4,32.0
LJ13–75,CS²-GAD,0.4,32.0
LJ13–75,CS²-GAD,0.4,32.0
LJ13–75,CS²-GAD,0.4,33.0
LJ13–75,CS²-GAD,0.4,33.0
LJ13–75,CS²-GAD,0.4,34.0
LJ13–75,CS²-GAD,0.4,36.0
LJ13–75,CS²-GAD,0.4,36.0
LJ13–75,CS²-GAD,0.4,36.0
LJ13–75,CS²-GAD,0.4,36.0
LJ13–75,CS²-GAD,0.4,37.0
LJ13–75,CS²-GAD,0.4,37.0
LJ13–75,CS²-GAD,0.4,37.0
LJ13–75,CS²-GAD,0.4,37.0
LJ13–75,CS²-GAD,0.4,37.0
LJ13–75,CS²-GAD,0.4,38.0
LJ13–75,CS²-GAD,0.4,39.0
LJ13–75,CS²-GAD,0.4,40.0
LJ13–75,CS²-GAD,0.4,42.0
LJ13–75,CS²-GAD,0.4,44.0
LJ13–75,CS²-GAD,0.4,44.0
LJ13–75,CS²-GAD,0.4,44.0
LJ13–75,CS²-GAD,0.4,45.0
LJ13–75,CS²-GAD,0.4,45.0
LJ13–75,CS²-GAD,0.4,45.0
LJ13–75,CS²-GAD,0.4,46.0
LJ13–75,CS²-GAD,0.4,46.0
LJ13–75,CS²-GAD,0.4,47.0
LJ13–75,CS²-GAD,0.4,47.0
LJ13–75,CS²-GAD,0.4,47.0
LJ13–75,CS²-GAD,0.4,47.0
LJ13–75,CS²-GAD,0.4,47.0
LJ13–75,CS²-GAD,0.4,48.0
LJ13–75,CS²-GAD,0.4,48.0
LJ13–75,CS²-GAD,0.4,49.0
LJ13–75,CS²-GAD,0.4,49.0
LJ13–75,CS²-GAD,0.4,49.0
LJ13–75,CS²-GAD,0.4,49.0
LJ13–75,CS²-GAD,0.4,49.0
LJ13–75,CS²-GAD,0.4,49.0
LJ13–75,CS²-GAD,0.4,50.0
LJ13–75,CS²-GAD,0.4,50.0
LJ13–75,CS²-GAD,0.4,51.0
LJ13–75,CS²-GAD,0.4,51.0
LJ13–75,CS²-GAD,0.4,51.0
LJ13–75,CS²-GAD,0.4,51.0
LJ13–75,CS²-GAD,0.4,52.0
LJ13–75,CS²-GAD,0.4,53.0
LJ13–75,CS²-GAD,0.4,54.0
LJ13–75,CS²-GAD,0.4,54.0
LJ13–75,CS²-GAD,0.4,55.0
LJ13–75,CS²-GAD,0.4,56.0
LJ13–75,CS²-GAD,0.4,56.0
LJ13–75,CS²-GAD,0.4,56.0
LJ13–75,CS²-GAD,0.4,58.0
LJ13–75,CS²-GAD,0.4,59.0
LJ13–75,CS²-GAD,0.4,59.0
LJ13–75,CS²-GAD,0.4,59.0
LJ13–75,CS²-GAD,0.4,61.0
LJ13–75,CS²-GAD,0.4,61.0
LJ13–75,CS²-GAD,0.4,61.0
LJ13–75,CS²-GAD,0.4,62.0
LJ13–75,CS²-GAD,0.4,63.0
LJ13–75,CS²-GAD,0.4,64.0
LJ13–75,CS²-GAD,0.4,64.0
LJ13–75,CS²-GAD,0.4,64.0
LJ13–75,CS²-GAD,0.4,65.0
LJ13–75,CS²-GAD,0.4,66.0
LJ13–75,CS²-GAD,0.4,66.0
LJ13–75,CS²-GAD,0.4,67.0
LJ13–75,CS²-GAD,0.4,67.0
LJ13–75,CS²-GAD,0.4,68.0
LJ13–75,CS²-GAD,0.4,68.0
LJ13–75,CS²-GAD,0.4,70.0
LJ13–75,CS²-GAD,0.4,73.0
LJ13–75,CS²-GAD,0.4,75.0
LJ13–75,CS²-GAD,0.4,75.0
LJ13–75,CS²-GAD,0.4,76.0
LJ13–75,CS²-GAD,0.4,77.0
LJ13–75,CS²-GAD,0.4,79.0
LJ13–75,CS²-GAD,0.4,79.0
LJ13–75,CS²-GAD,0.4,79.0
LJ13–75,CS²-GAD,0.4,79.0
LJ13–75,CS²-GAD,0.4,80.0
LJ13–75,CS²-GAD,0.4,81.0
LJ13–75,CS²-GAD,0.4,81.0
LJ13–75,CS²-GAD,0.4,81.0
LJ13–75,CS²-GAD,0.4,82.0
LJ13–75,CS²-GAD,0.4,83.0
LJ13–75,CS²-GAD,0.4,84.0
LJ13–75,CS²-GAD,0.4,85.0
LJ13–75,CS²-GAD,0.4,85.0
LJ13–75,CS²-GAD,0.4,85.0
LJ13–75,CS²-GAD,0.4,87.0
LJ13–75,CS²-GAD,0.4,88.0
LJ13–75,CS²-GAD,0.4,91.0
LJ13–75,CS²-GAD,0.4,92.0
LJ13–75,CS²-GAD,0.4,93.0
LJ13–75,CS²-GAD,0.4,94.0
LJ13–75,CS²-GAD,0.4,96.0
LJ13–75,CS²-GAD,0.4,96.0
LJ13–75,CS²-GAD,0.4,96.0
LJ13–75,CS²-GAD,0.4,96.0
LJ13–75,CS²-GAD,0.4,96.0
LJ13–75,CS²-GAD,0.4,97.0
LJ13–75,CS²-GAD,0.4,99.0
LJ13–75,CS²-GAD,0.4,99.0
LJ13–75,CS²-GAD,0.4,99.0
LJ13–75,CS²-GAD,0.4,100.0
LJ13–75,CS²-GAD,0.4,100.0
LJ13–75,CS²-GAD,0.4,102.0
LJ13–75,CS²-GAD,0.4,102.0
LJ13–75,CS²-GAD,0.4,102.0
LJ13–75,CS²-GAD,0.4,103.0
LJ13–75,CS²-GAD,0.4,104.0
LJ13–75,CS²-GAD,0.4,104.0
LJ13–75,CS²-GAD,0.4,105.0
LJ13–75,CS²-GAD,0.4,105.0
LJ13–75,CS²-GAD,0.4,105.0
LJ13–75,CS²-GAD,0.4,106.0
LJ13–75,CS²-GAD,0.4,106.0
LJ13–75,CS²-GAD,0.4,107.0
LJ13–75,CS²-GAD,0.4,110.0
LJ13–75,CS²-GAD,0.4,110.0
LJ13–75,CS²-GAD,0.4,111.0
LJ13–75,CS²-GAD,0.4,113.0
LJ13–75,CS²-GAD,0.4,113.0
LJ13–75,CS²-GAD,0.4,115.0
LJ13–75,CS²-GAD,0.4,115.0
LJ13–75,CS²-GAD,0.4,117.0
LJ13–75,CS²-GAD,0.4,118.0
LJ13–75,CS²-GAD,0.4,118.0
LJ13–75,CS²-GAD,0.4,119.0
LJ13–75,CS²-GAD,0.4,119.0
LJ13–75,CS²-GAD,0.4,119.0
LJ13–75,CS²-GAD,0.4,119.0
LJ13–75,CS²-GAD,0.4,119.0
LJ13–75,CS²-GAD,0.4,123.0
LJ13–75,CS²-GAD,0.4,123.0
LJ13–75,CS²-GAD,0.4,123.0
LJ13–75,CS²-GAD,0.4,123.0
LJ13–75,CS²-GAD,0.4,123.0
LJ13–75,CS²-GAD,0.4,123.0
LJ13–75,CS²-GAD,0.4,124.0
LJ13–75,CS²-GAD,0.4,124.0
LJ13–75,CS²-GAD,0.4,126.0
LJ13–75,CS²-GAD,0.4,126.0
LJ13–75,CS²-GAD,0.4,127.0
LJ13–75,CS²-GAD,0.4,127.0
LJ13–75,CS²-GAD,0.4,127.0
LJ13–75,CS²-GAD,0.4,127.0
LJ13–75,CS²-GAD,0.4,130.0
LJ13–75,CS²-GAD,0.4,132.0
LJ13–75,CS²-GAD,0.4,133.0
LJ13–75,CS²-GAD,0.4,134.0
LJ13–75,CS²-GAD,0.4,136.0
LJ13–75,CS²-GAD,0.4,138.0
LJ13–75,CS²-GAD,0.4,139.0
LJ13–75,CS²-GAD,0.4,140.0
LJ13–75,CS²-GAD,0.4,145.0
LJ13–75,CS²-GAD,0.4,147.0
LJ13–75,CS²-GAD,0.4,150.0
LJ13–75,CS²-GAD,0.4,151.0
LJ13–75,CS²-GAD,0.4,161.0
LJ13–75,CS²-GAD,0.4,161.0
LJ13–75,CS²-GAD,0.4,162.0
LJ13–75,CS²-GAD,0.4,166.0
LJ13–75,CS²-GAD,0.4,169.0
LJ13–75,CS²-GAD,0.4,170.0
LJ13–75,CS²-GAD,0.4,208.0
LJ13–75,Sella,0.1,7.0
LJ13–75,Sella,0.1,7.0
LJ13–75,Sella,0.1,8.0
LJ13–75,Sella,0.1,8.0
LJ13–75,Sella,0.1,9.0
LJ13–75,Sella,0.1,9.0
LJ13–75,Sella,0.1,9.0
LJ13–75,Sella,0.1,9.0
LJ13–75,Sella,0.1,9.0
LJ13–75,Sella,0.1,9.0
LJ13–75,Sella,0.1,9.0
LJ13–75,Sella,0.1,9.0
LJ13–75,Sella,0.1,9.0
LJ13–75,Sella,0.1,9.0
LJ13–75,Sella,0.1,10.0
LJ13–75,Sella,0.1,10.0
LJ13–75,Sella,0.1,10.0
LJ13–75,Sella,0.1,10.0
LJ13–75,Sella,0.1,10.0
LJ13–75,Sella,0.1,11.0
LJ13–75,Sella,0.1,11.0
LJ13–75,Sella,0.1,11.0
LJ13–75,Sella,0.1,11.0
LJ13–75,Sella,0.1,11.0
LJ13–75,Sella,0.1,11.0
LJ13–75,Sella,0.1,11.0
LJ13–75,Sella,0.1,12.0
LJ13–75,Sella,0.1,12.0
LJ13–75,Sella,0.1,12.0
LJ13–75,Sella,0.1,12.0
LJ13–75,Sella,0.1,12.0
LJ13–75,Sella,0.1,12.0
LJ13–75,Sella,0.1,12.0
LJ13–75,Sella,0.1,12.0
LJ13–75,Sella,0.1,12.0
LJ13–75,Sella,0.1,12.0
LJ13–75,Sella,0.1,12.0
LJ13–75,Sella,0.1,13.0
LJ13–75,Sella,0.1,13.0
LJ13–75,Sella,0.1,13.0
LJ13–75,Sella,0.1,13.0
LJ13–75,Sella,0.1,13.0
LJ13–75,Sella,0.1,13.0
LJ13–75,Sella,0.1,13.0
LJ13–75,Sella,0.1,13.0
LJ13–75,Sella,0.1,13.0
LJ13–75,Sella,0.1,14.0
LJ13–75,Sella,0.1,14.0
LJ13–75,Sella,0.1,14.0
LJ13–75,Sella,0.1,14.0
LJ13–75,Sella,0.1,14.0
LJ13–75,Sella,0.1,14.0
LJ13–75,Sella,0.1,14.0
LJ13–75,Sella,0.1,14.0
LJ13–75,Sella,0.1,14.0
LJ13–75,Sella,0.1,14.0
LJ13–75,Sella,0.1,15.0
LJ13–75,Sella,0.1,15.0
LJ13–75,Sella,0.1,15.0
LJ13–75,Sella,0.1,15.0
LJ13–75,Sella,0.1,15.0
LJ13–75,Sella,0.1,15.0
LJ13–75,Sella,0.1,15.0
LJ13–75,Sella,0.1,15.0
LJ13–75,Sella,0.1,15.0
LJ13–75,Sella,0.1,15.0
LJ13–75,Sella,0.1,15.0
LJ13–75,Sella,0.1,15.0
LJ13–75,Sella,0.1,15.0
LJ13–75,Sella,0.1,15.0
LJ13–75,Sella,0.1,16.0
LJ13–75,Sella,0.1,16.0
LJ13–75,Sella,0.1,16.0
LJ13–75,Sella,0.1,16.0
LJ13–75,Sella,0.1,16.0
LJ13–75,Sella,0.1,16.0
LJ13–75,Sella,0.1,16.0
LJ13–75,Sella,0.1,16.0
LJ13–75,Sella,0.1,16.0
LJ13–75,Sella,0.1,16.0
LJ13–75,Sella,0.1,16.0
LJ13–75,Sella,0.1,16.0
LJ13–75,Sella,0.1,16.0
LJ13–75,Sella,0.1,17.0
LJ13–75,Sella,0.1,17.0
LJ13–75,Sella,0.1,17.0
LJ13–75,Sella,0.1,17.0
LJ13–75,Sella,0.1,17.0
LJ13–75,Sella,0.1,17.0
LJ13–75,Sella,0.1,17.0
LJ13–75,Sella,0.1,17.0
LJ13–75,Sella,0.1,17.0
LJ13–75,Sella,0.1,17.0
LJ13–75,Sella,0.1,17.0
LJ13–75,Sella,0.1,17.0
LJ13–75,Sella,0.1,17.0
LJ13–75,Sella,0.1,17.0
LJ13–75,Sella,0.1,17.0
LJ13–75,Sella,0.1,17.0
LJ13–75,Sella,0.1,17.0
LJ13–75,Sella,0.1,17.0
LJ13–75,Sella,0.1,17.0
LJ13–75,Sella,0.1,17.0
LJ13–75,Sella,0.1,18.0
LJ13–75,Sella,0.1,18.0
LJ13–75,Sella,0.1,18.0
LJ13–75,Sella,0.1,18.0
LJ13–75,Sella,0.1,18.0
LJ13–75,Sella,0.1,18.0
LJ13–75,Sella,0.1,18.0
LJ13–75,Sella,0.1,18.0
LJ13–75,Sella,0.1,18.0
LJ13–75,Sella,0.1,18.0
LJ13–75,Sella,0.1,18.0
LJ13–75,Sella,0.1,18.0
LJ13–75,Sella,0.1,18.0
LJ13–75,Sella,0.1,18.0
LJ13–75,Sella,0.1,18.0
LJ13–75,Sella,0.1,18.0
LJ13–75,Sella,0.1,18.0
LJ13–75,Sella,0.1,18.0
LJ13–75,Sella,0.1,19.0
LJ13–75,Sella,0.1,19.0
LJ13–75,Sella,0.1,19.0
LJ13–75,Sella,0.1,19.0
LJ13–75,Sella,0.1,19.0
LJ13–75,Sella,0.1,19.0
LJ13–75,Sella,0.1,19.0
LJ13–75,Sella,0.1,19.0
LJ13–75,Sella,0.1,19.0
LJ13–75,Sella,0.1,20.0
LJ13–75,Sella,0.1,20.0
LJ13–75,Sella,0.1,20.0
LJ13–75,Sella,0.1,20.0
LJ13–75,Sella,0.1,20.0
LJ13–75,Sella,0.1,21.0
LJ13–75,Sella,0.1,21.0
LJ13–75,Sella,0.1,21.0
LJ13–75,Sella,0.1,21.0
LJ13–75,Sella,0.1,21.0
LJ13–75,Sella,0.1,21.0
LJ13–75,Sella,0.1,21.0
LJ13–75,Sella,0.1,21.0
LJ13–75,Sella,0.1,21.0
LJ13–75,Sella,0.1,22.0
LJ13–75,Sella,0.1,22.0
LJ13–75,Sella,0.1,22.0
LJ13–75,Sella,0.1,22.0
LJ13–75,Sella,0.1,22.0
LJ13–75,Sella,0.1,22.0
LJ13–75,Sella,0.1,22.0
LJ13–75,Sella,0.1,23.0
LJ13–75,Sella,0.1,23.0
LJ13–75,Sella,0.1,23.0
LJ13–75,Sella,0.1,23.0
LJ13–75,Sella,0.1,23.0
LJ13–75,Sella,0.1,23.0
LJ13–75,Sella,0.1,24.0
LJ13–75,Sella,0.1,24.0
LJ13–75,Sella,0.1,24.0
LJ13–75,Sella,0.1,24.0
LJ13–75,Sella,0.1,24.0
LJ13–75,Sella,0.1,24.0
LJ13–75,Sella,0.1,25.0
LJ13–75,Sella,0.1,25.0
LJ13–75,Sella,0.1,26.0
LJ13–75,Sella,0.1,26.0
LJ13–75,Sella,0.1,27.0
LJ13–75,Sella,0.1,27.0
LJ13–75,Sella,0.1,28.0
LJ13–75,Sella,0.1,28.0
LJ13–75,Sella,0.1,28.0
LJ13–75,Sella,0.1,28.0
LJ13–75,Sella,0.1,28.0
LJ13–75,Sella,0.1,29.0
LJ13–75,Sella,0.1,29.0
LJ13–75,Sella,0.1,29.0
LJ13–75,Sella,0.1,30.0
LJ13–75,Sella,0.1,30.0
LJ13–75,Sella,0.1,30.0
LJ13–75,Sella,0.1,31.0
LJ13–75,Sella,0.1,32.0
LJ13–75,Sella,0.1,32.0
LJ13–75,Sella,0.1,32.0
LJ13–75,Sella,0.1,32.0
LJ13–75,Sella,0.1,33.0
LJ13–75,Sella,0.1,33.0
LJ13–75,Sella,0.1,33.0
LJ13–75,Sella,0.1,33.0
LJ13–75,Sella,0.1,34.0
LJ13–75,Sella,0.1,34.0
LJ13–75,Sella,0.1,34.0
LJ13–75,Sella,0.1,34.0
LJ13–75,Sella,0.1,35.0
LJ13–75,Sella,0.1,35.0
LJ13–75,Sella,0.1,35.0
LJ13–75,Sella,0.1,36.0
LJ13–75,Sella,0.1,36.0
LJ13–75,Sella,0.1,37.0
LJ13–75,Sella,0.1,38.0
LJ13–75,Sella,0.1,38.0
LJ13–75,Sella,0.1,39.0
LJ13–75,Sella,0.1,39.0
LJ13–75,Sella,0.1,39.0
LJ13–75,Sella,0.1,40.0
LJ13–75,Sella,0.1,40.0
LJ13–75,Sella,0.1,41.0
LJ13–75,Sella,0.1,41.0
LJ13–75,Sella,0.1,43.0
LJ13–75,Sella,0.1,45.0
LJ13–75,Sella,0.1,47.0
LJ13–75,Sella,0.1,52.0
LJ13–75,Sella,0.1,58.0
LJ13–75,Sella,0.1,67.0
LJ13–75,Sella,0.1,113.0
LJ13–75,Sella,0.1,187.0
LJ13–75,Sella,0.2,7.0
LJ13–75,Sella,0.2,8.0
LJ13–75,Sella,0.2,8.0
LJ13–75,Sella,0.2,8.0
LJ13–75,Sella,0.2,9.0
LJ13–75,Sella,0.2,9.0
LJ13–75,Sella,0.2,9.0
LJ13–75,Sella,0.2,10.0
LJ13–75,Sella,0.2,10.0
LJ13–75,Sella,0.2,10.0
LJ13–75,Sella,0.2,10.0
LJ13–75,Sella,0.2,10.0
LJ13–75,Sella,0.2,10.0
LJ13–75,Sella,0.2,11.0
LJ13–75,Sella,0.2,11.0
LJ13–75,Sella,0.2,11.0
LJ13–75,Sella,0.2,11.0
LJ13–75,Sella,0.2,11.0
LJ13–75,Sella,0.2,11.0
LJ13–75,Sella,0.2,11.0
LJ13–75,Sella,0.2,11.0
LJ13–75,Sella,0.2,12.0
LJ13–75,Sella,0.2,12.0
LJ13–75,Sella,0.2,12.0
LJ13–75,Sella,0.2,12.0
LJ13–75,Sella,0.2,12.0
LJ13–75,Sella,0.2,13.0
LJ13–75,Sella,0.2,13.0
LJ13–75,Sella,0.2,13.0
LJ13–75,Sella,0.2,13.0
LJ13–75,Sella,0.2,13.0
LJ13–75,Sella,0.2,13.0
LJ13–75,Sella,0.2,14.0
LJ13–75,Sella,0.2,14.0
LJ13–75,Sella,0.2,14.0
LJ13–75,Sella,0.2,14.0
LJ13–75,Sella,0.2,15.0
LJ13–75,Sella,0.2,15.0
LJ13–75,Sella,0.2,15.0
LJ13–75,Sella,0.2,15.0
LJ13–75,Sella,0.2,15.0
LJ13–75,Sella,0.2,15.0
LJ13–75,Sella,0.2,15.0
LJ13–75,Sella,0.2,15.0
LJ13–75,Sella,0.2,16.0
LJ13–75,Sella,0.2,16.0
LJ13–75,Sella,0.2,16.0
LJ13–75,Sella,0.2,16.0
LJ13–75,Sella,0.2,16.0
LJ13–75,Sella,0.2,16.0
LJ13–75,Sella,0.2,16.0
LJ13–75,Sella,0.2,16.0
LJ13–75,Sella,0.2,16.0
LJ13–75,Sella,0.2,17.0
LJ13–75,Sella,0.2,17.0
LJ13–75,Sella,0.2,17.0
LJ13–75,Sella,0.2,17.0
LJ13–75,Sella,0.2,17.0
LJ13–75,Sella,0.2,17.0
LJ13–75,Sella,0.2,17.0
LJ13–75,Sella,0.2,17.0
LJ13–75,Sella,0.2,17.0
LJ13–75,Sella,0.2,18.0
LJ13–75,Sella,0.2,18.0
LJ13–75,Sella,0.2,18.0
LJ13–75,Sella,0.2,18.0
LJ13–75,Sella,0.2,18.0
LJ13–75,Sella,0.2,18.0
LJ13–75,Sella,0.2,19.0
LJ13–75,Sella,0.2,19.0
LJ13–75,Sella,0.2,20.0
LJ13–75,Sella,0.2,20.0
LJ13–75,Sella,0.2,20.0
LJ13–75,Sella,0.2,20.0
LJ13–75,Sella,0.2,20.0
LJ13–75,Sella,0.2,20.0
LJ13–75,Sella,0.2,21.0
LJ13–75,Sella,0.2,21.0
LJ13–75,Sella,0.2,21.0
LJ13–75,Sella,0.2,21.0
LJ13–75,Sella,0.2,22.0
LJ13–75,Sella,0.2,22.0
LJ13–75,Sella,0.2,22.0
LJ13–75,Sella,0.2,22.0
LJ13–75,Sella,0.2,22.0
LJ13–75,Sella,0.2,22.0
LJ13–75,Sella,0.2,22.0
LJ13–75,Sella,0.2,22.0
LJ13–75,Sella,0.2,22.0
LJ13–75,Sella,0.2,22.0
LJ13–75,Sella,0.2,23.0
LJ13–75,Sella,0.2,23.0
LJ13–75,Sella,0.2,23.0
LJ13–75,Sella,0.2,23.0
LJ13–75,Sella,0.2,23.0
LJ13–75,Sella,0.2,23.0
LJ13–75,Sella,0.2,24.0
LJ13–75,Sella,0.2,24.0
LJ13–75,Sella,0.2,24.0
LJ13–75,Sella,0.2,24.0
LJ13–75,Sella,0.2,24.0
LJ13–75,Sella,0.2,24.0
LJ13–75,Sella,0.2,24.0
LJ13–75,Sella,0.2,24.0
LJ13–75,Sella,0.2,24.0
LJ13–75,Sella,0.2,25.0
LJ13–75,Sella,0.2,25.0
LJ13–75,Sella,0.2,25.0
LJ13–75,Sella,0.2,25.0
LJ13–75,Sella,0.2,25.0
LJ13–75,Sella,0.2,25.0
LJ13–75,Sella,0.2,26.0
LJ13–75,Sella,0.2,26.0
LJ13–75,Sella,0.2,26.0
LJ13–75,Sella,0.2,26.0
LJ13–75,Sella,0.2,26.0
LJ13–75,Sella,0.2,26.0
LJ13–75,Sella,0.2,26.0
LJ13–75,Sella,0.2,26.0
LJ13–75,Sella,0.2,26.0
LJ13–75,Sella,0.2,27.0
LJ13–75,Sella,0.2,27.0
LJ13–75,Sella,0.2,27.0
LJ13–75,Sella,0.2,27.0
LJ13–75,Sella,0.2,27.0
LJ13–75,Sella,0.2,27.0
LJ13–75,Sella,0.2,27.0
LJ13–75,Sella,0.2,27.0
LJ13–75,Sella,0.2,28.0
LJ13–75,Sella,0.2,28.0
LJ13–75,Sella,0.2,28.0
LJ13–75,Sella,0.2,28.0
LJ13–75,Sella,0.2,28.0
LJ13–75,Sella,0.2,29.0
LJ13–75,Sella,0.2,29.0
LJ13–75,Sella,0.2,29.0
LJ13–75,Sella,0.2,29.0
LJ13–75,Sella,0.2,29.0
LJ13–75,Sella,0.2,29.0
LJ13–75,Sella,0.2,30.0
LJ13–75,Sella,0.2,30.0
LJ13–75,Sella,0.2,30.0
LJ13–75,Sella,0.2,30.0
LJ13–75,Sella,0.2,30.0
LJ13–75,Sella,0.2,30.0
LJ13–75,Sella,0.2,30.0
LJ13–75,Sella,0.2,31.0
LJ13–75,Sella,0.2,31.0
LJ13–75,Sella,0.2,32.0
LJ13–75,Sella,0.2,32.0
LJ13–75,Sella,0.2,33.0
LJ13–75,Sella,0.2,33.0
LJ13–75,Sella,0.2,33.0
LJ13–75,Sella,0.2,33.0
LJ13–75,Sella,0.2,34.0
LJ13–75,Sella,0.2,34.0
LJ13–75,Sella,0.2,34.0
LJ13–75,Sella,0.2,34.0
LJ13–75,Sella,0.2,34.0
LJ13–75,Sella,0.2,34.0
LJ13–75,Sella,0.2,35.0
LJ13–75,Sella,0.2,35.0
LJ13–75,Sella,0.2,35.0
LJ13–75,Sella,0.2,35.0
LJ13–75,Sella,0.2,36.0
LJ13–75,Sella,0.2,36.0
LJ13–75,Sella,0.2,37.0
LJ13–75,Sella,0.2,37.0
LJ13–75,Sella,0.2,38.0
LJ13–75,Sella,0.2,39.0
LJ13–75,Sella,0.2,40.0
LJ13–75,Sella,0.2,40.0
LJ13–75,Sella,0.2,41.0
LJ13–75,Sella,0.2,41.0
LJ13–75,Sella,0.2,41.0
LJ13–75,Sella,0.2,41.0
LJ13–75,Sella,0.2,42.0
LJ13–75,Sella,0.2,42.0
LJ13–75,Sella,0.2,42.0
LJ13–75,Sella,0.2,44.0
LJ13–75,Sella,0.2,44.0
LJ13–75,Sella,0.2,45.0
LJ13–75,Sella,0.2,45.0
LJ13–75,Sella,0.2,45.0
LJ13–75,Sella,0.2,46.0
LJ13–75,Sella,0.2,47.0
LJ13–75,Sella,0.2,47.0
LJ13–75,Sella,0.2,47.0
LJ13–75,Sella,0.2,47.0
LJ13–75,Sella,0.2,47.0
LJ13–75,Sella,0.2,48.0
LJ13–75,Sella,0.2,48.0
LJ13–75,Sella,0.2,49.0
LJ13–75,Sella,0.2,49.0
LJ13–75,Sella,0.2,50.0
LJ13–75,Sella,0.2,52.0
LJ13–75,Sella,0.2,57.0
LJ13–75,Sella,0.2,57.0
LJ13–75,Sella,0.2,61.0
LJ13–75,Sella,0.2,63.0
LJ13–75,Sella,0.2,66.0
LJ13–75,Sella,0.2,67.0
LJ13–75,Sella,0.2,81.0
LJ13–75,Sella,0.2,96.0
LJ13–75,Sella,0.2,129.0
LJ13–75,Sella,0.2,273.0
LJ13–75,Sella,0.3,7.0
LJ13–75,Sella,0.3,8.0
LJ13–75,Sella,0.3,9.0
LJ13–75,Sella,0.3,10.0
LJ13–75,Sella,0.3,11.0
LJ13–75,Sella,0.3,11.0
LJ13–75,Sella,0.3,11.0
LJ13–75,Sella,0.3,11.0
LJ13–75,Sella,0.3,12.0
LJ13–75,Sella,0.3,12.0
LJ13–75,Sella,0.3,13.0
LJ13–75,Sella,0.3,13.0
LJ13–75,Sella,0.3,13.0
LJ13–75,Sella,0.3,14.0
LJ13–75,Sella,0.3,14.0
LJ13–75,Sella,0.3,14.0
LJ13–75,Sella,0.3,14.0
LJ13–75,Sella,0.3,15.0
LJ13–75,Sella,0.3,15.0
LJ13–75,Sella,0.3,15.0
LJ13–75,Sella,0.3,15.0
LJ13–75,Sella,0.3,15.0
LJ13–75,Sella,0.3,15.0
LJ13–75,Sella,0.3,15.0
LJ13–75,Sella,0.3,15.0
LJ13–75,Sella,0.3,16.0
LJ13–75,Sella,0.3,16.0
LJ13–75,Sella,0.3,16.0
LJ13–75,Sella,0.3,16.0
LJ13–75,Sella,0.3,17.0
LJ13–75,Sella,0.3,17.0
LJ13–75,Sella,0.3,17.0
LJ13–75,Sella,0.3,17.0
LJ13–75,Sella,0.3,17.0
LJ13–75,Sella,0.3,17.0
LJ13–75,Sella,0.3,18.0
LJ13–75,Sella,0.3,18.0
LJ13–75,Sella,0.3,18.0
LJ13–75,Sella,0.3,18.0
LJ13–75,Sella,0.3,18.0
LJ13–75,Sella,0.3,18.0
LJ13–75,Sella,0.3,19.0
LJ13–75,Sella,0.3,19.0
LJ13–75,Sella,0.3,20.0
LJ13–75,Sella,0.3,20.0
LJ13–75,Sella,0.3,20.0
LJ13–75,Sella,0.3,20.0
LJ13–75,Sella,0.3,20.0
LJ13–75,Sella,0.3,21.0
LJ13–75,Sella,0.3,21.0
LJ13–75,Sella,0.3,21.0
LJ13–75,Sella,0.3,21.0
LJ13–75,Sella,0.3,21.0
LJ13–75,Sella,0.3,22.0
LJ13–75,Sella,0.3,22.0
LJ13–75,Sella,0.3,22.0
LJ13–75,Sella,0.3,22.0
LJ13–75,Sella,0.3,22.0
LJ13–75,Sella,0.3,23.0
LJ13–75,Sella,0.3,23.0
LJ13–75,Sella,0.3,23.0
LJ13–75,Sella,0.3,23.0
LJ13–75,Sella,0.3,23.0
LJ13–75,Sella,0.3,23.0
LJ13–75,Sella,0.3,24.0
LJ13–75,Sella,0.3,24.0
LJ13–75,Sella,0.3,24.0
LJ13–75,Sella,0.3,24.0
LJ13–75,Sella,0.3,24.0
LJ13–75,Sella,0.3,26.0
LJ13–75,Sella,0.3,26.0
LJ13–75,Sella,0.3,26.0
LJ13–75,Sella,0.3,26.0
LJ13–75,Sella,0.3,26.0
LJ13–75,Sella,0.3,27.0
LJ13–75,Sella,0.3,28.0
LJ13–75,Sella,0.3,28.0
LJ13–75,Sella,0.3,28.0
LJ13–75,Sella,0.3,28.0
LJ13–75,Sella,0.3,28.0
LJ13–75,Sella,0.3,29.0
LJ13–75,Sella,0.3,29.0
LJ13–75,Sella,0.3,29.0
LJ13–75,Sella,0.3,30.0
LJ13–75,Sella,0.3,30.0
LJ13–75,Sella,0.3,30.0
LJ13–75,Sella,0.3,31.0
LJ13–75,Sella,0.3,31.0
LJ13–75,Sella,0.3,31.0
LJ13–75,Sella,0.3,31.0
LJ13–75,Sella,0.3,31.0
LJ13–75,Sella,0.3,32.0
LJ13–75,Sella,0.3,32.0
LJ13–75,Sella,0.3,32.0
LJ13–75,Sella,0.3,32.0
LJ13–75,Sella,0.3,32.0
LJ13–75,Sella,0.3,33.0
LJ13–75,Sella,0.3,34.0
LJ13–75,Sella,0.3,34.0
LJ13–75,Sella,0.3,34.0
LJ13–75,Sella,0.3,35.0
LJ13–75,Sella,0.3,35.0
LJ13–75,Sella,0.3,35.0
LJ13–75,Sella,0.3,35.0
LJ13–75,Sella,0.3,36.0
LJ13–75,Sella,0.3,36.0
LJ13–75,Sella,0.3,36.0
LJ13–75,Sella,0.3,36.0
LJ13–75,Sella,0.3,37.0
LJ13–75,Sella,0.3,37.0
LJ13–75,Sella,0.3,37.0
LJ13–75,Sella,0.3,38.0
LJ13–75,Sella,0.3,38.0
LJ13–75,Sella,0.3,38.0
LJ13–75,Sella,0.3,38.0
LJ13–75,Sella,0.3,38.0
LJ13–75,Sella,0.3,39.0
LJ13–75,Sella,0.3,39.0
LJ13–75,Sella,0.3,39.0
LJ13–75,Sella,0.3,39.0
LJ13–75,Sella,0.3,39.0
LJ13–75,Sella,0.3,39.0
LJ13–75,Sella,0.3,39.0
LJ13–75,Sella,0.3,40.0
LJ13–75,Sella,0.3,40.0
LJ13–75,Sella,0.3,41.0
LJ13–75,Sella,0.3,41.0
LJ13–75,Sella,0.3,41.0
LJ13–75,Sella,0.3,42.0
LJ13–75,Sella,0.3,42.0
LJ13–75,Sella,0.3,43.0
LJ13–75,Sella,0.3,43.0
LJ13–75,Sella,0.3,44.0
LJ13–75,Sella,0.3,44.0
LJ13–75,Sella,0.3,44.0
LJ13–75,Sella,0.3,45.0
LJ13–75,Sella,0.3,46.0
LJ13–75,Sella,0.3,46.0
LJ13–75,Sella,0.3,47.0
LJ13–75,Sella,0.3,47.0
LJ13–75,Sella,0.3,47.0
LJ13–75,Sella,0.3,47.0
LJ13–75,Sella,0.3,48.0
LJ13–75,Sella,0.3,48.0
LJ13–75,Sella,0.3,49.0
LJ13–75,Sella,0.3,49.0
LJ13–75,Sella,0.3,49.0
LJ13–75,Sella,0.3,49.0
LJ13–75,Sella,0.3,50.0
LJ13–75,Sella,0.3,51.0
LJ13–75,Sella,0.3,51.0
LJ13–75,Sella,0.3,51.0
LJ13–75,Sella,0.3,51.0
LJ13–75,Sella,0.3,51.0
LJ13–75,Sella,0.3,52.0
LJ13–75,Sella,0.3,52.0
LJ13–75,Sella,0.3,53.0
LJ13–75,Sella,0.3,54.0
LJ13–75,Sella,0.3,54.0
LJ13–75,Sella,0.3,55.0
LJ13–75,Sella,0.3,55.0
LJ13–75,Sella,0.3,55.0
LJ13–75,Sella,0.3,55.0
LJ13–75,Sella,0.3,56.0
LJ13–75,Sella,0.3,56.0
LJ13–75,Sella,0.3,56.0
LJ13–75,Sella,0.3,57.0
LJ13–75,Sella,0.3,58.0
LJ13–75,Sella,0.3,58.0
LJ13–75,Sella,0.3,59.0
LJ13–75,Sella,0.3,60.0
LJ13–75,Sella,0.3,60.0
LJ13–75,Sella,0.3,61.0
LJ13–75,Sella,0.3,61.0
LJ13–75,Sella,0.3,63.0
LJ13–75,Sella,0.3,64.0
LJ13–75,Sella,0.3,65.0
LJ13–75,Sella,0.3,66.0
LJ13–75,Sella,0.3,67.0
LJ13–75,Sella,0.3,67.0
LJ13–75,Sella,0.3,68.0
LJ13–75,Sella,0.3,69.0
LJ13–75,Sella,0.3,71.0
LJ13–75,Sella,0.3,71.0
LJ13–75,Sella,0.3,71.0
LJ13–75,Sella,0.3,72.0
LJ13–75,Sella,0.3,72.0
LJ13–75,Sella,0.3,73.0
LJ13–75,Sella,0.3,73.0
LJ13–75,Sella,0.3,75.0
LJ13–75,Sella,0.3,76.0
LJ13–75,Sella,0.3,78.0
LJ13–75,Sella,0.3,79.0
LJ13–75,Sella,0.3,79.0
LJ13–75,Sella,0.3,82.0
LJ13–75,Sella,0.3,85.0
LJ13–75,Sella,0.3,88.0
LJ13–75,Sella,0.3,90.0
LJ13–75,Sella,0.3,90.0
LJ13–75,Sella,0.3,97.0
LJ13–75,Sella,0.3,100.0
LJ13–75,Sella,0.3,106.0
LJ13–75,Sella,0.3,107.0
LJ13–75,Sella,0.3,161.0
LJ13–75,Sella,0.3,302.0
LJ13–75,Sella,0.3,464.0
LJ13–75,Sella,0.4,7.0
LJ13–75,Sella,0.4,8.0
LJ13–75,Sella,0.4,12.0
LJ13–75,Sella,0.4,13.0
LJ13–75,Sella,0.4,14.0
LJ13–75,Sella,0.4,14.0
LJ13–75,Sella,0.4,14.0
LJ13–75,Sella,0.4,15.0
LJ13–75,Sella,0.4,15.0
LJ13–75,Sella,0.4,16.0
LJ13–75,Sella,0.4,16.0
LJ13–75,Sella,0.4,16.0
LJ13–75,Sella,0.4,16.0
LJ13–75,Sella,0.4,16.0
LJ13–75,Sella,0.4,16.0
LJ13–75,Sella,0.4,17.0
LJ13–75,Sella,0.4,18.0
LJ13–75,Sella,0.4,18.0
LJ13–75,Sella,0.4,18.0
LJ13–75,Sella,0.4,19.0
LJ13–75,Sella,0.4,19.0
LJ13–75,Sella,0.4,19.0
LJ13–75,Sella,0.4,20.0
LJ13–75,Sella,0.4,21.0
LJ13–75,Sella,0.4,21.0
LJ13–75,Sella,0.4,22.0
LJ13–75,Sella,0.4,22.0
LJ13–75,Sella,0.4,22.0
LJ13–75,Sella,0.4,23.0
LJ13–75,Sella,0.4,23.0
LJ13–75,Sella,0.4,23.0
LJ13–75,Sella,0.4,23.0
LJ13–75,Sella,0.4,23.0
LJ13–75,Sella,0.4,23.0
LJ13–75,Sella,0.4,23.0
LJ13–75,Sella,0.4,24.0
LJ13–75,Sella,0.4,24.0
LJ13–75,Sella,0.4,24.0
LJ13–75,Sella,0.4,25.0
LJ13–75,Sella,0.4,25.0
LJ13–75,Sella,0.4,25.0
LJ13–75,Sella,0.4,25.0
LJ13–75,Sella,0.4,25.0
LJ13–75,Sella,0.4,26.0
LJ13–75,Sella,0.4,26.0
LJ13–75,Sella,0.4,26.0
LJ13–75,Sella,0.4,26.0
LJ13–75,Sella,0.4,27.0
LJ13–75,Sella,0.4,27.0
LJ13–75,Sella,0.4,27.0
LJ13–75,Sella,0.4,28.0
LJ13–75,Sella,0.4,28.0
LJ13–75,Sella,0.4,28.0
LJ13–75,Sella,0.4,29.0
LJ13–75,Sella,0.4,29.0
LJ13–75,Sella,0.4,29.0
LJ13–75,Sella,0.4,29.0
LJ13–75,Sella,0.4,30.0
LJ13–75,Sella,0.4,30.0
LJ13–75,Sella,0.4,30.0
LJ13–75,Sella,0.4,30.0
LJ13–75,Sella,0.4,30.0
LJ13–75,Sella,0.4,30.0
LJ13–75,Sella,0.4,30.0
LJ13–75,Sella,0.4,30.0
LJ13–75,Sella,0.4,31.0
LJ13–75,Sella,0.4,31.0
LJ13–75,Sella,0.4,31.0
LJ13–75,Sella,0.4,31.0
LJ13–75,Sella,0.4,31.0
LJ13–75,Sella,0.4,32.0
LJ13–75,Sella,0.4,32.0
LJ13–75,Sella,0.4,32.0
LJ13–75,Sella,0.4,32.0
LJ13–75,Sella,0.4,32.0
LJ13–75,Sella,0.4,32.0
LJ13–75,Sella,0.4,33.0
LJ13–75,Sella,0.4,34.0
LJ13–75,Sella,0.4,34.0
LJ13–75,Sella,0.4,34.0
LJ13–75,Sella,0.4,35.0
LJ13–75,Sella,0.4,35.0
LJ13–75,Sella,0.4,35.0
LJ13–75,Sella,0.4,35.0
LJ13–75,Sella,0.4,35.0
LJ13–75,Sella,0.4,35.0
LJ13–75,Sella,0.4,35.0
LJ13–75,Sella,0.4,35.0
LJ13–75,Sella,0.4,36.0
LJ13–75,Sella,0.4,36.0
LJ13–75,Sella,0.4,36.0
LJ13–75,Sella,0.4,36.0
LJ13–75,Sella,0.4,36.0
LJ13–75,Sella,0.4,36.0
LJ13–75,Sella,0.4,37.0
LJ13–75,Sella,0.4,37.0
LJ13–75,Sella,0.4,37.0
LJ13–75,Sella,0.4,38.0
LJ13–75,Sella,0.4,39.0
LJ13–75,Sella,0.4,39.0
LJ13–75,Sella,0.4,39.0
LJ13–75,Sella,0.4,40.0
LJ13–75,Sella,0.4,40.0
LJ13–75,Sella,0.4,41.0
LJ13–75,Sella,0.4,41.0
LJ13–75,Sella,0.4,41.0
LJ13–75,Sella,0.4,41.0
LJ13–75,Sella,0.4,42.0
LJ13–75,Sella,0.4,42.0
LJ13–75,Sella,0.4,43.0
LJ13–75,Sella,0.4,44.0
LJ13–75,Sella,0.4,44.0
LJ13–75,Sella,0.4,45.0
LJ13–75,Sella,0.4,46.0
LJ13–75,Sella,0.4,46.0
LJ13–75,Sella,0.4,46.0
LJ13–75,Sella,0.4,47.0
LJ13–75,Sella,0.4,47.0
LJ13–75,Sella,0.4,47.0
LJ13–75,Sella,0.4,47.0
LJ13–75,Sella,0.4,47.0
LJ13–75,Sella,0.4,47.0
LJ13–75,Sella,0.4,47.0
LJ13–75,Sella,0.4,48.0
LJ13–75,Sella,0.4,48.0
LJ13–75,Sella,0.4,48.0
LJ13–75,Sella,0.4,48.0
LJ13–75,Sella,0.4,49.0
LJ13–75,Sella,0.4,49.0
LJ13–75,Sella,0.4,49.0
LJ13–75,Sella,0.4,50.0
LJ13–75,Sella,0.4,50.0
LJ13–75,Sella,0.4,50.0
LJ13–75,Sella,0.4,51.0
LJ13–75,Sella,0.4,51.0
LJ13–75,Sella,0.4,51.0
LJ13–75,Sella,0.4,52.0
LJ13–75,Sella,0.4,53.0
LJ13–75,Sella,0.4,53.0
LJ13–75,Sella,0.4,54.0
LJ13–75,Sella,0.4,54.0
LJ13–75,Sella,0.4,54.0
LJ13–75,Sella,0.4,54.0
LJ13–75,Sella,0.4,55.0
LJ13–75,Sella,0.4,57.0
LJ13–75,Sella,0.4,57.0
LJ13–75,Sella,0.4,58.0
LJ13–75,Sella,0.4,58.0
LJ13–75,Sella,0.4,58.0
LJ13–75,Sella,0.4,58.0
LJ13–75,Sella,0.4,58.0
LJ13–75,Sella,0.4,58.0
LJ13–75,Sella,0.4,58.0
LJ13–75,Sella,0.4,59.0
LJ13–75,Sella,0.4,61.0
LJ13–75,Sella,0.4,62.0
LJ13–75,Sella,0.4,63.0
LJ13–75,Sella,0.4,64.0
LJ13–75,Sella,0.4,64.0
LJ13–75,Sella,0.4,64.0
LJ13–75,Sella,0.4,64.0
LJ13–75,Sella,0.4,65.0
LJ13–75,Sella,0.4,65.0
LJ13–75,Sella,0.4,65.0
LJ13–75,Sella,0.4,65.0
LJ13–75,Sella,0.4,66.0
LJ13–75,Sella,0.4,66.0
LJ13–75,Sella,0.4,67.0
LJ13–75,Sella,0.4,67.0
LJ13–75,Sella,0.4,69.0
LJ13–75,Sella,0.4,70.0
LJ13–75,Sella,0.4,70.0
LJ13–75,Sella,0.4,71.0
LJ13–75,Sella,0.4,75.0
LJ13–75,Sella,0.4,77.0
LJ13–75,Sella,0.4,78.0
LJ13–75,Sella,0.4,79.0
LJ13–75,Sella,0.4,82.0
LJ13–75,Sella,0.4,83.0
LJ13–75,Sella,0.4,84.0
LJ13–75,Sella,0.4,86.0
LJ13–75,Sella,0.4,87.0
LJ13–75,Sella,0.4,88.0
LJ13–75,Sella,0.4,90.0
LJ13–75,Sella,0.4,96.0
LJ13–75,Sella,0.4,96.0
LJ13–75,Sella,0.4,97.0
LJ13–75,Sella,0.4,97.0
LJ13–75,Sella,0.4,98.0
LJ13–75,Sella,0.4,99.0
LJ13–75,Sella,0.4,99.0
LJ13–75,Sella,0.4,99.0
LJ13–75,Sella,0.4,103.0
LJ13–75,Sella,0.4,104.0
LJ13–75,Sella,0.4,105.0
LJ13–75,Sella,0.4,119.0
LJ13–75,Sella,0.4,120.0
LJ13–75,Sella,0.4,121.0
LJ13–75,Sella,0.4,124.0
LJ13–75,Sella,0.4,187.0
LJ13–75,Sella,0.4,419.0
LJ13–75,λ2 GAD,0.1,8.0
LJ13–75,λ2 GAD,0.1,8.0
LJ13–75,λ2 GAD,0.1,8.0
LJ13–75,λ2 GAD,0.1,8.0
LJ13–75,λ2 GAD,0.1,9.0
LJ13–75,λ2 GAD,0.1,10.0
LJ13–75,λ2 GAD,0.1,10.0
LJ13–75,λ2 GAD,0.1,10.0
LJ13–75,λ2 GAD,0.1,10.0
LJ13–75,λ2 GAD,0.1,10.0
LJ13–75,λ2 GAD,0.1,10.0
LJ13–75,λ2 GAD,0.1,10.0
LJ13–75,λ2 GAD,0.1,10.0
LJ13–75,λ2 GAD,0.1,11.0
LJ13–75,λ2 GAD,0.1,11.0
LJ13–75,λ2 GAD,0.1,11.0
LJ13–75,λ2 GAD,0.1,12.0
LJ13–75,λ2 GAD,0.1,12.0
LJ13–75,λ2 GAD,0.1,12.0
LJ13–75,λ2 GAD,0.1,13.0
LJ13–75,λ2 GAD,0.1,13.0
LJ13–75,λ2 GAD,0.1,13.0
LJ13–75,λ2 GAD,0.1,13.0
LJ13–75,λ2 GAD,0.1,13.0
LJ13–75,λ2 GAD,0.1,14.0
LJ13–75,λ2 GAD,0.1,14.0
LJ13–75,λ2 GAD,0.1,14.0
LJ13–75,λ2 GAD,0.1,14.0
LJ13–75,λ2 GAD,0.1,14.0
LJ13–75,λ2 GAD,0.1,14.0
LJ13–75,λ2 GAD,0.1,14.0
LJ13–75,λ2 GAD,0.1,14.0
LJ13–75,λ2 GAD,0.1,14.0
LJ13–75,λ2 GAD,0.1,14.0
LJ13–75,λ2 GAD,0.1,14.0
LJ13–75,λ2 GAD,0.1,14.0
LJ13–75,λ2 GAD,0.1,14.0
LJ13–75,λ2 GAD,0.1,15.0
LJ13–75,λ2 GAD,0.1,15.0
LJ13–75,λ2 GAD,0.1,15.0
LJ13–75,λ2 GAD,0.1,15.0
LJ13–75,λ2 GAD,0.1,15.0
LJ13–75,λ2 GAD,0.1,15.0
LJ13–75,λ2 GAD,0.1,15.0
LJ13–75,λ2 GAD,0.1,15.0
LJ13–75,λ2 GAD,0.1,15.0
LJ13–75,λ2 GAD,0.1,15.0
LJ13–75,λ2 GAD,0.1,15.0
LJ13–75,λ2 GAD,0.1,16.0
LJ13–75,λ2 GAD,0.1,16.0
LJ13–75,λ2 GAD,0.1,16.0
LJ13–75,λ2 GAD,0.1,16.0
LJ13–75,λ2 GAD,0.1,16.0
LJ13–75,λ2 GAD,0.1,16.0
LJ13–75,λ2 GAD,0.1,17.0
LJ13–75,λ2 GAD,0.1,17.0
LJ13–75,λ2 GAD,0.1,17.0
LJ13–75,λ2 GAD,0.1,17.0
LJ13–75,λ2 GAD,0.1,17.0
LJ13–75,λ2 GAD,0.1,17.0
LJ13–75,λ2 GAD,0.1,17.0
LJ13–75,λ2 GAD,0.1,17.0
LJ13–75,λ2 GAD,0.1,17.0
LJ13–75,λ2 GAD,0.1,17.0
LJ13–75,λ2 GAD,0.1,18.0
LJ13–75,λ2 GAD,0.1,18.0
LJ13–75,λ2 GAD,0.1,18.0
LJ13–75,λ2 GAD,0.1,18.0
LJ13–75,λ2 GAD,0.1,19.0
LJ13–75,λ2 GAD,0.1,19.0
LJ13–75,λ2 GAD,0.1,19.0
LJ13–75,λ2 GAD,0.1,19.0
LJ13–75,λ2 GAD,0.1,19.0
LJ13–75,λ2 GAD,0.1,19.0
LJ13–75,λ2 GAD,0.1,19.0
LJ13–75,λ2 GAD,0.1,19.0
LJ13–75,λ2 GAD,0.1,19.0
LJ13–75,λ2 GAD,0.1,19.0
LJ13–75,λ2 GAD,0.1,20.0
LJ13–75,λ2 GAD,0.1,20.0
LJ13–75,λ2 GAD,0.1,20.0
LJ13–75,λ2 GAD,0.1,20.0
LJ13–75,λ2 GAD,0.1,20.0
LJ13–75,λ2 GAD,0.1,20.0
LJ13–75,λ2 GAD,0.1,20.0
LJ13–75,λ2 GAD,0.1,20.0
LJ13–75,λ2 GAD,0.1,20.0
LJ13–75,λ2 GAD,0.1,20.0
LJ13–75,λ2 GAD,0.1,20.0
LJ13–75,λ2 GAD,0.1,20.0
LJ13–75,λ2 GAD,0.1,20.0
LJ13–75,λ2 GAD,0.1,20.0
LJ13–75,λ2 GAD,0.1,20.0
LJ13–75,λ2 GAD,0.1,21.0
LJ13–75,λ2 GAD,0.1,21.0
LJ13–75,λ2 GAD,0.1,21.0
LJ13–75,λ2 GAD,0.1,21.0
LJ13–75,λ2 GAD,0.1,21.0
LJ13–75,λ2 GAD,0.1,21.0
LJ13–75,λ2 GAD,0.1,21.0
LJ13–75,λ2 GAD,0.1,21.0
LJ13–75,λ2 GAD,0.1,22.0
LJ13–75,λ2 GAD,0.1,22.0
LJ13–75,λ2 GAD,0.1,22.0
LJ13–75,λ2 GAD,0.1,22.0
LJ13–75,λ2 GAD,0.1,22.0
LJ13–75,λ2 GAD,0.1,22.0
LJ13–75,λ2 GAD,0.1,22.0
LJ13–75,λ2 GAD,0.1,22.0
LJ13–75,λ2 GAD,0.1,22.0
LJ13–75,λ2 GAD,0.1,23.0
LJ13–75,λ2 GAD,0.1,23.0
LJ13–75,λ2 GAD,0.1,23.0
LJ13–75,λ2 GAD,0.1,24.0
LJ13–75,λ2 GAD,0.1,24.0
LJ13–75,λ2 GAD,0.1,24.0
LJ13–75,λ2 GAD,0.1,24.0
LJ13–75,λ2 GAD,0.1,25.0
LJ13–75,λ2 GAD,0.1,25.0
LJ13–75,λ2 GAD,0.1,25.0
LJ13–75,λ2 GAD,0.1,25.0
LJ13–75,λ2 GAD,0.1,25.0
LJ13–75,λ2 GAD,0.1,25.0
LJ13–75,λ2 GAD,0.1,25.0
LJ13–75,λ2 GAD,0.1,25.0
LJ13–75,λ2 GAD,0.1,25.0
LJ13–75,λ2 GAD,0.1,25.0
LJ13–75,λ2 GAD,0.1,26.0
LJ13–75,λ2 GAD,0.1,26.0
LJ13–75,λ2 GAD,0.1,26.0
LJ13–75,λ2 GAD,0.1,26.0
LJ13–75,λ2 GAD,0.1,26.0
LJ13–75,λ2 GAD,0.1,26.0
LJ13–75,λ2 GAD,0.1,26.0
LJ13–75,λ2 GAD,0.1,26.0
LJ13–75,λ2 GAD,0.1,26.0
LJ13–75,λ2 GAD,0.1,27.0
LJ13–75,λ2 GAD,0.1,27.0
LJ13–75,λ2 GAD,0.1,28.0
LJ13–75,λ2 GAD,0.1,28.0
LJ13–75,λ2 GAD,0.1,29.0
LJ13–75,λ2 GAD,0.1,29.0
LJ13–75,λ2 GAD,0.1,32.0
LJ13–75,λ2 GAD,0.1,34.0
LJ13–75,λ2 GAD,0.1,34.0
LJ13–75,λ2 GAD,0.1,35.0
LJ13–75,λ2 GAD,0.1,35.0
LJ13–75,λ2 GAD,0.1,36.0
LJ13–75,λ2 GAD,0.1,39.0
LJ13–75,λ2 GAD,0.1,44.0
LJ13–75,λ2 GAD,0.1,48.0
LJ13–75,λ2 GAD,0.1,48.0
LJ13–75,λ2 GAD,0.1,49.0
LJ13–75,λ2 GAD,0.1,50.0
LJ13–75,λ2 GAD,0.1,51.0
LJ13–75,λ2 GAD,0.1,52.0
LJ13–75,λ2 GAD,0.1,52.0
LJ13–75,λ2 GAD,0.1,54.0
LJ13–75,λ2 GAD,0.1,56.0
LJ13–75,λ2 GAD,0.1,58.0
LJ13–75,λ2 GAD,0.1,61.0
LJ13–75,λ2 GAD,0.1,62.0
LJ13–75,λ2 GAD,0.1,63.0
LJ13–75,λ2 GAD,0.1,63.0
LJ13–75,λ2 GAD,0.1,65.0
LJ13–75,λ2 GAD,0.1,66.0
LJ13–75,λ2 GAD,0.1,70.0
LJ13–75,λ2 GAD,0.1,71.0
LJ13–75,λ2 GAD,0.1,78.0
LJ13–75,λ2 GAD,0.1,79.0
LJ13–75,λ2 GAD,0.1,82.0
LJ13–75,λ2 GAD,0.1,84.0
LJ13–75,λ2 GAD,0.1,86.0
LJ13–75,λ2 GAD,0.1,88.0
LJ13–75,λ2 GAD,0.1,89.0
LJ13–75,λ2 GAD,0.1,90.0
LJ13–75,λ2 GAD,0.1,95.0
LJ13–75,λ2 GAD,0.1,100.0
LJ13–75,λ2 GAD,0.1,101.0
LJ13–75,λ2 GAD,0.1,104.0
LJ13–75,λ2 GAD,0.1,121.0
LJ13–75,λ2 GAD,0.1,122.0
LJ13–75,λ2 GAD,0.1,125.0
LJ13–75,λ2 GAD,0.1,143.0
LJ13–75,λ2 GAD,0.1,149.0
LJ13–75,λ2 GAD,0.1,172.0
LJ13–75,λ2 GAD,0.1,219.0
LJ13–75,λ2 GAD,0.1,234.0
LJ13–75,λ2 GAD,0.1,359.0
LJ13–75,λ2 GAD,0.1,492.0
LJ13–75,λ2 GAD,0.2,7.0
LJ13–75,λ2 GAD,0.2,8.0
LJ13–75,λ2 GAD,0.2,8.0
LJ13–75,λ2 GAD,0.2,9.0
LJ13–75,λ2 GAD,0.2,10.0
LJ13–75,λ2 GAD,0.2,10.0
LJ13–75,λ2 GAD,0.2,10.0
LJ13–75,λ2 GAD,0.2,11.0
LJ13–75,λ2 GAD,0.2,11.0
LJ13–75,λ2 GAD,0.2,12.0
LJ13–75,λ2 GAD,0.2,12.0
LJ13–75,λ2 GAD,0.2,12.0
LJ13–75,λ2 GAD,0.2,12.0
LJ13–75,λ2 GAD,0.2,12.0
LJ13–75,λ2 GAD,0.2,12.0
LJ13–75,λ2 GAD,0.2,12.0
LJ13–75,λ2 GAD,0.2,13.0
LJ13–75,λ2 GAD,0.2,13.0
LJ13–75,λ2 GAD,0.2,13.0
LJ13–75,λ2 GAD,0.2,13.0
LJ13–75,λ2 GAD,0.2,14.0
LJ13–75,λ2 GAD,0.2,14.0
LJ13–75,λ2 GAD,0.2,15.0
LJ13–75,λ2 GAD,0.2,15.0
LJ13–75,λ2 GAD,0.2,15.0
LJ13–75,λ2 GAD,0.2,15.0
LJ13–75,λ2 GAD,0.2,15.0
LJ13–75,λ2 GAD,0.2,15.0
LJ13–75,λ2 GAD,0.2,16.0
LJ13–75,λ2 GAD,0.2,16.0
LJ13–75,λ2 GAD,0.2,16.0
LJ13–75,λ2 GAD,0.2,16.0
LJ13–75,λ2 GAD,0.2,16.0
LJ13–75,λ2 GAD,0.2,17.0
LJ13–75,λ2 GAD,0.2,17.0
LJ13–75,λ2 GAD,0.2,18.0
LJ13–75,λ2 GAD,0.2,18.0
LJ13–75,λ2 GAD,0.2,18.0
LJ13–75,λ2 GAD,0.2,18.0
LJ13–75,λ2 GAD,0.2,18.0
LJ13–75,λ2 GAD,0.2,19.0
LJ13–75,λ2 GAD,0.2,19.0
LJ13–75,λ2 GAD,0.2,19.0
LJ13–75,λ2 GAD,0.2,19.0
LJ13–75,λ2 GAD,0.2,19.0
LJ13–75,λ2 GAD,0.2,19.0
LJ13–75,λ2 GAD,0.2,19.0
LJ13–75,λ2 GAD,0.2,20.0
LJ13–75,λ2 GAD,0.2,20.0
LJ13–75,λ2 GAD,0.2,20.0
LJ13–75,λ2 GAD,0.2,20.0
LJ13–75,λ2 GAD,0.2,20.0
LJ13–75,λ2 GAD,0.2,21.0
LJ13–75,λ2 GAD,0.2,21.0
LJ13–75,λ2 GAD,0.2,21.0
LJ13–75,λ2 GAD,0.2,21.0
LJ13–75,λ2 GAD,0.2,21.0
LJ13–75,λ2 GAD,0.2,21.0
LJ13–75,λ2 GAD,0.2,21.0
LJ13–75,λ2 GAD,0.2,22.0
LJ13–75,λ2 GAD,0.2,22.0
LJ13–75,λ2 GAD,0.2,22.0
LJ13–75,λ2 GAD,0.2,22.0
LJ13–75,λ2 GAD,0.2,22.0
LJ13–75,λ2 GAD,0.2,22.0
LJ13–75,λ2 GAD,0.2,22.0
LJ13–75,λ2 GAD,0.2,22.0
LJ13–75,λ2 GAD,0.2,22.0
LJ13–75,λ2 GAD,0.2,22.0
LJ13–75,λ2 GAD,0.2,22.0
LJ13–75,λ2 GAD,0.2,22.0
LJ13–75,λ2 GAD,0.2,22.0
LJ13–75,λ2 GAD,0.2,23.0
LJ13–75,λ2 GAD,0.2,23.0
LJ13–75,λ2 GAD,0.2,23.0
LJ13–75,λ2 GAD,0.2,23.0
LJ13–75,λ2 GAD,0.2,24.0
LJ13–75,λ2 GAD,0.2,24.0
LJ13–75,λ2 GAD,0.2,25.0
LJ13–75,λ2 GAD,0.2,25.0
LJ13–75,λ2 GAD,0.2,25.0
LJ13–75,λ2 GAD,0.2,25.0
LJ13–75,λ2 GAD,0.2,26.0
LJ13–75,λ2 GAD,0.2,26.0
LJ13–75,λ2 GAD,0.2,26.0
LJ13–75,λ2 GAD,0.2,26.0
LJ13–75,λ2 GAD,0.2,26.0
LJ13–75,λ2 GAD,0.2,26.0
LJ13–75,λ2 GAD,0.2,27.0
LJ13–75,λ2 GAD,0.2,27.0
LJ13–75,λ2 GAD,0.2,27.0
LJ13–75,λ2 GAD,0.2,27.0
LJ13–75,λ2 GAD,0.2,27.0
LJ13–75,λ2 GAD,0.2,27.0
LJ13–75,λ2 GAD,0.2,27.0
LJ13–75,λ2 GAD,0.2,28.0
LJ13–75,λ2 GAD,0.2,28.0
LJ13–75,λ2 GAD,0.2,28.0
LJ13–75,λ2 GAD,0.2,28.0
LJ13–75,λ2 GAD,0.2,28.0
LJ13–75,λ2 GAD,0.2,29.0
LJ13–75,λ2 GAD,0.2,29.0
LJ13–75,λ2 GAD,0.2,29.0
LJ13–75,λ2 GAD,0.2,29.0
LJ13–75,λ2 GAD,0.2,29.0
LJ13–75,λ2 GAD,0.2,29.0
LJ13–75,λ2 GAD,0.2,29.0
LJ13–75,λ2 GAD,0.2,30.0
LJ13–75,λ2 GAD,0.2,30.0
LJ13–75,λ2 GAD,0.2,30.0
LJ13–75,λ2 GAD,0.2,30.0
LJ13–75,λ2 GAD,0.2,31.0
LJ13–75,λ2 GAD,0.2,31.0
LJ13–75,λ2 GAD,0.2,31.0
LJ13–75,λ2 GAD,0.2,31.0
LJ13–75,λ2 GAD,0.2,31.0
LJ13–75,λ2 GAD,0.2,32.0
LJ13–75,λ2 GAD,0.2,32.0
LJ13–75,λ2 GAD,0.2,32.0
LJ13–75,λ2 GAD,0.2,32.0
LJ13–75,λ2 GAD,0.2,32.0
LJ13–75,λ2 GAD,0.2,32.0
LJ13–75,λ2 GAD,0.2,33.0
LJ13–75,λ2 GAD,0.2,33.0
LJ13–75,λ2 GAD,0.2,33.0
LJ13–75,λ2 GAD,0.2,33.0
LJ13–75,λ2 GAD,0.2,34.0
LJ13–75,λ2 GAD,0.2,34.0
LJ13–75,λ2 GAD,0.2,34.0
LJ13–75,λ2 GAD,0.2,34.0
LJ13–75,λ2 GAD,0.2,34.0
LJ13–75,λ2 GAD,0.2,35.0
LJ13–75,λ2 GAD,0.2,35.0
LJ13–75,λ2 GAD,0.2,35.0
LJ13–75,λ2 GAD,0.2,35.0
LJ13–75,λ2 GAD,0.2,36.0
LJ13–75,λ2 GAD,0.2,36.0
LJ13–75,λ2 GAD,0.2,36.0
LJ13–75,λ2 GAD,0.2,37.0
LJ13–75,λ2 GAD,0.2,37.0
LJ13–75,λ2 GAD,0.2,37.0
LJ13–75,λ2 GAD,0.2,38.0
LJ13–75,λ2 GAD,0.2,38.0
LJ13–75,λ2 GAD,0.2,39.0
LJ13–75,λ2 GAD,0.2,39.0
LJ13–75,λ2 GAD,0.2,39.0
LJ13–75,λ2 GAD,0.2,39.0
LJ13–75,λ2 GAD,0.2,40.0
LJ13–75,λ2 GAD,0.2,40.0
LJ13–75,λ2 GAD,0.2,40.0
LJ13–75,λ2 GAD,0.2,41.0
LJ13–75,λ2 GAD,0.2,41.0
LJ13–75,λ2 GAD,0.2,41.0
LJ13–75,λ2 GAD,0.2,42.0
LJ13–75,λ2 GAD,0.2,43.0
LJ13–75,λ2 GAD,0.2,43.0
LJ13–75,λ2 GAD,0.2,43.0
LJ13–75,λ2 GAD,0.2,43.0
LJ13–75,λ2 GAD,0.2,43.0
LJ13–75,λ2 GAD,0.2,44.0
LJ13–75,λ2 GAD,0.2,44.0
LJ13–75,λ2 GAD,0.2,44.0
LJ13–75,λ2 GAD,0.2,44.0
LJ13–75,λ2 GAD,0.2,45.0
LJ13–75,λ2 GAD,0.2,45.0
LJ13–75,λ2 GAD,0.2,47.0
LJ13–75,λ2 GAD,0.2,49.0
LJ13–75,λ2 GAD,0.2,50.0
LJ13–75,λ2 GAD,0.2,51.0
LJ13–75,λ2 GAD,0.2,51.0
LJ13–75,λ2 GAD,0.2,51.0
LJ13–75,λ2 GAD,0.2,52.0
LJ13–75,λ2 GAD,0.2,53.0
LJ13–75,λ2 GAD,0.2,54.0
LJ13–75,λ2 GAD,0.2,55.0
LJ13–75,λ2 GAD,0.2,56.0
LJ13–75,λ2 GAD,0.2,57.0
LJ13–75,λ2 GAD,0.2,57.0
LJ13–75,λ2 GAD,0.2,58.0
LJ13–75,λ2 GAD,0.2,59.0
LJ13–75,λ2 GAD,0.2,59.0
LJ13–75,λ2 GAD,0.2,59.0
LJ13–75,λ2 GAD,0.2,61.0
LJ13–75,λ2 GAD,0.2,69.0
LJ13–75,λ2 GAD,0.2,70.0
LJ13–75,λ2 GAD,0.2,71.0
LJ13–75,λ2 GAD,0.2,72.0
LJ13–75,λ2 GAD,0.2,73.0
LJ13–75,λ2 GAD,0.2,73.0
LJ13–75,λ2 GAD,0.2,73.0
LJ13–75,λ2 GAD,0.2,77.0
LJ13–75,λ2 GAD,0.2,81.0
LJ13–75,λ2 GAD,0.2,90.0
LJ13–75,λ2 GAD,0.2,92.0
LJ13–75,λ2 GAD,0.2,94.0
LJ13–75,λ2 GAD,0.2,101.0
LJ13–75,λ2 GAD,0.2,104.0
LJ13–75,λ2 GAD,0.2,108.0
LJ13–75,λ2 GAD,0.2,109.0
LJ13–75,λ2 GAD,0.2,114.0
LJ13–75,λ2 GAD,0.2,119.0
LJ13–75,λ2 GAD,0.2,167.0
LJ13–75,λ2 GAD,0.2,181.0
LJ13–75,λ2 GAD,0.2,203.0
LJ13–75,λ2 GAD,0.2,439.0
LJ13–75,λ2 GAD,0.3,7.0
LJ13–75,λ2 GAD,0.3,7.0
LJ13–75,λ2 GAD,0.3,9.0
LJ13–75,λ2 GAD,0.3,10.0
LJ13–75,λ2 GAD,0.3,14.0
LJ13–75,λ2 GAD,0.3,14.0
LJ13–75,λ2 GAD,0.3,15.0
LJ13–75,λ2 GAD,0.3,15.0
LJ13–75,λ2 GAD,0.3,15.0
LJ13–75,λ2 GAD,0.3,15.0
LJ13–75,λ2 GAD,0.3,15.0
LJ13–75,λ2 GAD,0.3,15.0
LJ13–75,λ2 GAD,0.3,15.0
LJ13–75,λ2 GAD,0.3,15.0
LJ13–75,λ2 GAD,0.3,15.0
LJ13–75,λ2 GAD,0.3,16.0
LJ13–75,λ2 GAD,0.3,16.0
LJ13–75,λ2 GAD,0.3,17.0
LJ13–75,λ2 GAD,0.3,17.0
LJ13–75,λ2 GAD,0.3,18.0
LJ13–75,λ2 GAD,0.3,18.0
LJ13–75,λ2 GAD,0.3,18.0
LJ13–75,λ2 GAD,0.3,18.0
LJ13–75,λ2 GAD,0.3,18.0
LJ13–75,λ2 GAD,0.3,19.0
LJ13–75,λ2 GAD,0.3,19.0
LJ13–75,λ2 GAD,0.3,19.0
LJ13–75,λ2 GAD,0.3,20.0
LJ13–75,λ2 GAD,0.3,20.0
LJ13–75,λ2 GAD,0.3,20.0
LJ13–75,λ2 GAD,0.3,20.0
LJ13–75,λ2 GAD,0.3,21.0
LJ13–75,λ2 GAD,0.3,21.0
LJ13–75,λ2 GAD,0.3,21.0
LJ13–75,λ2 GAD,0.3,22.0
LJ13–75,λ2 GAD,0.3,22.0
LJ13–75,λ2 GAD,0.3,22.0
LJ13–75,λ2 GAD,0.3,22.0
LJ13–75,λ2 GAD,0.3,22.0
LJ13–75,λ2 GAD,0.3,22.0
LJ13–75,λ2 GAD,0.3,23.0
LJ13–75,λ2 GAD,0.3,23.0
LJ13–75,λ2 GAD,0.3,23.0
LJ13–75,λ2 GAD,0.3,23.0
LJ13–75,λ2 GAD,0.3,23.0
LJ13–75,λ2 GAD,0.3,23.0
LJ13–75,λ2 GAD,0.3,24.0
LJ13–75,λ2 GAD,0.3,24.0
LJ13–75,λ2 GAD,0.3,24.0
LJ13–75,λ2 GAD,0.3,24.0
LJ13–75,λ2 GAD,0.3,24.0
LJ13–75,λ2 GAD,0.3,25.0
LJ13–75,λ2 GAD,0.3,25.0
LJ13–75,λ2 GAD,0.3,25.0
LJ13–75,λ2 GAD,0.3,25.0
LJ13–75,λ2 GAD,0.3,25.0
LJ13–75,λ2 GAD,0.3,26.0
LJ13–75,λ2 GAD,0.3,26.0
LJ13–75,λ2 GAD,0.3,26.0
LJ13–75,λ2 GAD,0.3,27.0
LJ13–75,λ2 GAD,0.3,27.0
LJ13–75,λ2 GAD,0.3,28.0
LJ13–75,λ2 GAD,0.3,28.0
LJ13–75,λ2 GAD,0.3,28.0
LJ13–75,λ2 GAD,0.3,28.0
LJ13–75,λ2 GAD,0.3,28.0
LJ13–75,λ2 GAD,0.3,29.0
LJ13–75,λ2 GAD,0.3,29.0
LJ13–75,λ2 GAD,0.3,30.0
LJ13–75,λ2 GAD,0.3,31.0
LJ13–75,λ2 GAD,0.3,31.0
LJ13–75,λ2 GAD,0.3,31.0
LJ13–75,λ2 GAD,0.3,31.0
LJ13–75,λ2 GAD,0.3,32.0
LJ13–75,λ2 GAD,0.3,32.0
LJ13–75,λ2 GAD,0.3,33.0
LJ13–75,λ2 GAD,0.3,33.0
LJ13–75,λ2 GAD,0.3,34.0
LJ13–75,λ2 GAD,0.3,35.0
LJ13–75,λ2 GAD,0.3,36.0
LJ13–75,λ2 GAD,0.3,36.0
LJ13–75,λ2 GAD,0.3,36.0
LJ13–75,λ2 GAD,0.3,37.0
LJ13–75,λ2 GAD,0.3,37.0
LJ13–75,λ2 GAD,0.3,39.0
LJ13–75,λ2 GAD,0.3,40.0
LJ13–75,λ2 GAD,0.3,40.0
LJ13–75,λ2 GAD,0.3,40.0
LJ13–75,λ2 GAD,0.3,41.0
LJ13–75,λ2 GAD,0.3,41.0
LJ13–75,λ2 GAD,0.3,43.0
LJ13–75,λ2 GAD,0.3,43.0
LJ13–75,λ2 GAD,0.3,43.0
LJ13–75,λ2 GAD,0.3,43.0
LJ13–75,λ2 GAD,0.3,43.0
LJ13–75,λ2 GAD,0.3,45.0
LJ13–75,λ2 GAD,0.3,46.0
LJ13–75,λ2 GAD,0.3,46.0
LJ13–75,λ2 GAD,0.3,46.0
LJ13–75,λ2 GAD,0.3,47.0
LJ13–75,λ2 GAD,0.3,48.0
LJ13–75,λ2 GAD,0.3,48.0
LJ13–75,λ2 GAD,0.3,48.0
LJ13–75,λ2 GAD,0.3,49.0
LJ13–75,λ2 GAD,0.3,49.0
LJ13–75,λ2 GAD,0.3,49.0
LJ13–75,λ2 GAD,0.3,50.0
LJ13–75,λ2 GAD,0.3,50.0
LJ13–75,λ2 GAD,0.3,51.0
LJ13–75,λ2 GAD,0.3,52.0
LJ13–75,λ2 GAD,0.3,52.0
LJ13–75,λ2 GAD,0.3,53.0
LJ13–75,λ2 GAD,0.3,53.0
LJ13–75,λ2 GAD,0.3,54.0
LJ13–75,λ2 GAD,0.3,54.0
LJ13–75,λ2 GAD,0.3,56.0
LJ13–75,λ2 GAD,0.3,56.0
LJ13–75,λ2 GAD,0.3,57.0
LJ13–75,λ2 GAD,0.3,57.0
LJ13–75,λ2 GAD,0.3,58.0
LJ13–75,λ2 GAD,0.3,60.0
LJ13–75,λ2 GAD,0.3,60.0
LJ13–75,λ2 GAD,0.3,60.0
LJ13–75,λ2 GAD,0.3,60.0
LJ13–75,λ2 GAD,0.3,61.0
LJ13–75,λ2 GAD,0.3,61.0
LJ13–75,λ2 GAD,0.3,62.0
LJ13–75,λ2 GAD,0.3,62.0
LJ13–75,λ2 GAD,0.3,63.0
LJ13–75,λ2 GAD,0.3,63.0
LJ13–75,λ2 GAD,0.3,64.0
LJ13–75,λ2 GAD,0.3,65.0
LJ13–75,λ2 GAD,0.3,65.0
LJ13–75,λ2 GAD,0.3,65.0
LJ13–75,λ2 GAD,0.3,66.0
LJ13–75,λ2 GAD,0.3,67.0
LJ13–75,λ2 GAD,0.3,67.0
LJ13–75,λ2 GAD,0.3,68.0
LJ13–75,λ2 GAD,0.3,68.0
LJ13–75,λ2 GAD,0.3,71.0
LJ13–75,λ2 GAD,0.3,71.0
LJ13–75,λ2 GAD,0.3,72.0
LJ13–75,λ2 GAD,0.3,74.0
LJ13–75,λ2 GAD,0.3,76.0
LJ13–75,λ2 GAD,0.3,83.0
LJ13–75,λ2 GAD,0.3,84.0
LJ13–75,λ2 GAD,0.3,84.0
LJ13–75,λ2 GAD,0.3,87.0
LJ13–75,λ2 GAD,0.3,90.0
LJ13–75,λ2 GAD,0.3,96.0
LJ13–75,λ2 GAD,0.3,99.0
LJ13–75,λ2 GAD,0.3,101.0
LJ13–75,λ2 GAD,0.3,103.0
LJ13–75,λ2 GAD,0.3,106.0
LJ13–75,λ2 GAD,0.3,150.0
LJ13–75,λ2 GAD,0.3,192.0
LJ13–75,λ2 GAD,0.3,304.0
LJ13–75,λ2 GAD,0.4,8.0
LJ13–75,λ2 GAD,0.4,9.0
LJ13–75,λ2 GAD,0.4,13.0
LJ13–75,λ2 GAD,0.4,13.0
LJ13–75,λ2 GAD,0.4,14.0
LJ13–75,λ2 GAD,0.4,15.0
LJ13–75,λ2 GAD,0.4,15.0
LJ13–75,λ2 GAD,0.4,15.0
LJ13–75,λ2 GAD,0.4,16.0
LJ13–75,λ2 GAD,0.4,17.0
LJ13–75,λ2 GAD,0.4,17.0
LJ13–75,λ2 GAD,0.4,18.0
LJ13–75,λ2 GAD,0.4,18.0
LJ13–75,λ2 GAD,0.4,18.0
LJ13–75,λ2 GAD,0.4,18.0
LJ13–75,λ2 GAD,0.4,19.0
LJ13–75,λ2 GAD,0.4,20.0
LJ13–75,λ2 GAD,0.4,20.0
LJ13–75,λ2 GAD,0.4,20.0
LJ13–75,λ2 GAD,0.4,20.0
LJ13–75,λ2 GAD,0.4,20.0
LJ13–75,λ2 GAD,0.4,20.0
LJ13–75,λ2 GAD,0.4,21.0
LJ13–75,λ2 GAD,0.4,21.0
LJ13–75,λ2 GAD,0.4,21.0
LJ13–75,λ2 GAD,0.4,22.0
LJ13–75,λ2 GAD,0.4,22.0
LJ13–75,λ2 GAD,0.4,22.0
LJ13–75,λ2 GAD,0.4,22.0
LJ13–75,λ2 GAD,0.4,23.0
LJ13–75,λ2 GAD,0.4,24.0
LJ13–75,λ2 GAD,0.4,24.0
LJ13–75,λ2 GAD,0.4,24.0
LJ13–75,λ2 GAD,0.4,24.0
LJ13–75,λ2 GAD,0.4,25.0
LJ13–75,λ2 GAD,0.4,25.0
LJ13–75,λ2 GAD,0.4,25.0
LJ13–75,λ2 GAD,0.4,26.0
LJ13–75,λ2 GAD,0.4,26.0
LJ13–75,λ2 GAD,0.4,26.0
LJ13–75,λ2 GAD,0.4,26.0
LJ13–75,λ2 GAD,0.4,28.0
LJ13–75,λ2 GAD,0.4,28.0
LJ13–75,λ2 GAD,0.4,28.0
LJ13–75,λ2 GAD,0.4,28.0
LJ13–75,λ2 GAD,0.4,28.0
LJ13–75,λ2 GAD,0.4,28.0
LJ13–75,λ2 GAD,0.4,29.0
LJ13–75,λ2 GAD,0.4,29.0
LJ13–75,λ2 GAD,0.4,29.0
LJ13–75,λ2 GAD,0.4,30.0
LJ13–75,λ2 GAD,0.4,30.0
LJ13–75,λ2 GAD,0.4,30.0
LJ13–75,λ2 GAD,0.4,31.0
LJ13–75,λ2 GAD,0.4,31.0
LJ13–75,λ2 GAD,0.4,31.0
LJ13–75,λ2 GAD,0.4,32.0
LJ13–75,λ2 GAD,0.4,33.0
LJ13–75,λ2 GAD,0.4,34.0
LJ13–75,λ2 GAD,0.4,35.0
LJ13–75,λ2 GAD,0.4,36.0
LJ13–75,λ2 GAD,0.4,36.0
LJ13–75,λ2 GAD,0.4,36.0
LJ13–75,λ2 GAD,0.4,36.0
LJ13–75,λ2 GAD,0.4,37.0
LJ13–75,λ2 GAD,0.4,37.0
LJ13–75,λ2 GAD,0.4,37.0
LJ13–75,λ2 GAD,0.4,37.0
LJ13–75,λ2 GAD,0.4,38.0
LJ13–75,λ2 GAD,0.4,39.0
LJ13–75,λ2 GAD,0.4,39.0
LJ13–75,λ2 GAD,0.4,39.0
LJ13–75,λ2 GAD,0.4,40.0
LJ13–75,λ2 GAD,0.4,40.0
LJ13–75,λ2 GAD,0.4,40.0
LJ13–75,λ2 GAD,0.4,40.0
LJ13–75,λ2 GAD,0.4,40.0
LJ13–75,λ2 GAD,0.4,41.0
LJ13–75,λ2 GAD,0.4,41.0
LJ13–75,λ2 GAD,0.4,41.0
LJ13–75,λ2 GAD,0.4,42.0
LJ13–75,λ2 GAD,0.4,43.0
LJ13–75,λ2 GAD,0.4,44.0
LJ13–75,λ2 GAD,0.4,45.0
LJ13–75,λ2 GAD,0.4,45.0
LJ13–75,λ2 GAD,0.4,45.0
LJ13–75,λ2 GAD,0.4,45.0
LJ13–75,λ2 GAD,0.4,46.0
LJ13–75,λ2 GAD,0.4,47.0
LJ13–75,λ2 GAD,0.4,48.0
LJ13–75,λ2 GAD,0.4,49.0
LJ13–75,λ2 GAD,0.4,49.0
LJ13–75,λ2 GAD,0.4,49.0
LJ13–75,λ2 GAD,0.4,50.0
LJ13–75,λ2 GAD,0.4,50.0
LJ13–75,λ2 GAD,0.4,50.0
LJ13–75,λ2 GAD,0.4,50.0
LJ13–75,λ2 GAD,0.4,50.0
LJ13–75,λ2 GAD,0.4,51.0
LJ13–75,λ2 GAD,0.4,52.0
LJ13–75,λ2 GAD,0.4,53.0
LJ13–75,λ2 GAD,0.4,53.0
LJ13–75,λ2 GAD,0.4,53.0
LJ13–75,λ2 GAD,0.4,54.0
LJ13–75,λ2 GAD,0.4,55.0
LJ13–75,λ2 GAD,0.4,55.0
LJ13–75,λ2 GAD,0.4,55.0
LJ13–75,λ2 GAD,0.4,56.0
LJ13–75,λ2 GAD,0.4,56.0
LJ13–75,λ2 GAD,0.4,56.0
LJ13–75,λ2 GAD,0.4,56.0
LJ13–75,λ2 GAD,0.4,56.0
LJ13–75,λ2 GAD,0.4,57.0
LJ13–75,λ2 GAD,0.4,57.0
LJ13–75,λ2 GAD,0.4,61.0
LJ13–75,λ2 GAD,0.4,61.0
LJ13–75,λ2 GAD,0.4,61.0
LJ13–75,λ2 GAD,0.4,62.0
LJ13–75,λ2 GAD,0.4,62.0
LJ13–75,λ2 GAD,0.4,63.0
LJ13–75,λ2 GAD,0.4,63.0
LJ13–75,λ2 GAD,0.4,63.0
LJ13–75,λ2 GAD,0.4,64.0
LJ13–75,λ2 GAD,0.4,65.0
LJ13–75,λ2 GAD,0.4,65.0
LJ13–75,λ2 GAD,0.4,67.0
LJ13–75,λ2 GAD,0.4,68.0
LJ13–75,λ2 GAD,0.4,68.0
LJ13–75,λ2 GAD,0.4,68.0
LJ13–75,λ2 GAD,0.4,68.0
LJ13–75,λ2 GAD,0.4,68.0
LJ13–75,λ2 GAD,0.4,68.0
LJ13–75,λ2 GAD,0.4,69.0
LJ13–75,λ2 GAD,0.4,69.0
LJ13–75,λ2 GAD,0.4,69.0
LJ13–75,λ2 GAD,0.4,69.0
LJ13–75,λ2 GAD,0.4,69.0
LJ13–75,λ2 GAD,0.4,70.0
LJ13–75,λ2 GAD,0.4,70.0
LJ13–75,λ2 GAD,0.4,72.0
LJ13–75,λ2 GAD,0.4,75.0
LJ13–75,λ2 GAD,0.4,76.0
LJ13–75,λ2 GAD,0.4,81.0
LJ13–75,λ2 GAD,0.4,82.0
LJ13–75,λ2 GAD,0.4,85.0
LJ13–75,λ2 GAD,0.4,87.0
LJ13–75,λ2 GAD,0.4,92.0
LJ13–75,λ2 GAD,0.4,94.0
LJ13–75,λ2 GAD,0.4,103.0
LJ13–75,λ2 GAD,0.4,108.0
LJ13–75,λ2 GAD,0.4,110.0
LJ13–75,λ2 GAD,0.4,111.0
LJ13–75,λ2 GAD,0.4,113.0
LJ13–75,λ2 GAD,0.4,123.0
LJ13–75,λ2 GAD,0.4,128.0
LJ13–75,λ2 GAD,0.4,141.0
LJ13–75,λ2 GAD,0.4,147.0
LJ13–75,λ2 GAD,0.4,186.0
LJ13–75,λ2 GAD,0.4,369.0
LJ7,Hard gate,0.1,69.0
LJ7,Hard gate,0.1,74.0
LJ7,Hard gate,0.1,89.0
LJ7,Hard gate,0.1,91.0
LJ7,Hard gate,0.1,93.0
LJ7,Hard gate,0.1,93.0
LJ7,Hard gate,0.1,94.0
LJ7,Hard gate,0.1,97.0
LJ7,Hard gate,0.1,99.0
LJ7,Hard gate,0.1,100.0
LJ7,Hard gate,0.1,100.0
LJ7,Hard gate,0.1,103.0
LJ7,Hard gate,0.1,105.0
LJ7,Hard gate,0.1,105.0
LJ7,Hard gate,0.1,106.0
LJ7,Hard gate,0.1,108.0
LJ7,Hard gate,0.1,109.0
LJ7,Hard gate,0.1,111.0
LJ7,Hard gate,0.1,112.0
LJ7,Hard gate,0.1,112.0
LJ7,Hard gate,0.1,114.0
LJ7,Hard gate,0.1,115.0
LJ7,Hard gate,0.1,115.0
LJ7,Hard gate,0.1,118.0
LJ7,Hard gate,0.1,118.0
LJ7,Hard gate,0.1,122.0
LJ7,Hard gate,0.1,123.0
LJ7,Hard gate,0.1,126.0
LJ7,Hard gate,0.1,127.0
LJ7,Hard gate,0.1,130.0
LJ7,Hard gate,0.1,132.0
LJ7,Hard gate,0.1,133.0
LJ7,Hard gate,0.1,137.0
LJ7,Hard gate,0.1,139.0
LJ7,Hard gate,0.1,139.0
LJ7,Hard gate,0.1,140.0
LJ7,Hard gate,0.1,140.0
LJ7,Hard gate,0.1,142.0
LJ7,Hard gate,0.1,143.0
LJ7,Hard gate,0.1,143.0
LJ7,Hard gate,0.1,144.0
LJ7,Hard gate,0.1,145.0
LJ7,Hard gate,0.1,146.0
LJ7,Hard gate,0.1,148.0
LJ7,Hard gate,0.1,148.0
LJ7,Hard gate,0.1,148.0
LJ7,Hard gate,0.1,149.0
LJ7,Hard gate,0.1,151.0
LJ7,Hard gate,0.1,152.0
LJ7,Hard gate,0.1,154.0
LJ7,Hard gate,0.1,154.0
LJ7,Hard gate,0.1,155.0
LJ7,Hard gate,0.1,156.0
LJ7,Hard gate,0.1,156.0
LJ7,Hard gate,0.1,157.0
LJ7,Hard gate,0.1,160.0
LJ7,Hard gate,0.1,163.0
LJ7,Hard gate,0.1,165.0
LJ7,Hard gate,0.1,165.0
LJ7,Hard gate,0.1,166.0
LJ7,Hard gate,0.1,169.0
LJ7,Hard gate,0.1,170.0
LJ7,Hard gate,0.1,172.0
LJ7,Hard gate,0.1,173.0
LJ7,Hard gate,0.1,173.0
LJ7,Hard gate,0.1,178.0
LJ7,Hard gate,0.1,179.0
LJ7,Hard gate,0.1,180.0
LJ7,Hard gate,0.1,182.0
LJ7,Hard gate,0.1,187.0
LJ7,Hard gate,0.1,192.0
LJ7,Hard gate,0.1,201.0
LJ7,Hard gate,0.1,204.0
LJ7,Hard gate,0.1,205.0
LJ7,Hard gate,0.1,205.0
LJ7,Hard gate,0.1,206.0
LJ7,Hard gate,0.1,208.0
LJ7,Hard gate,0.1,209.0
LJ7,Hard gate,0.1,210.0
LJ7,Hard gate,0.1,210.0
LJ7,Hard gate,0.1,213.0
LJ7,Hard gate,0.1,214.0
LJ7,Hard gate,0.1,234.0
LJ7,Hard gate,0.1,464.0
LJ7,Hard gate,0.1,476.0
LJ7,Hard gate,0.1,477.0
LJ7,Hard gate,0.1,477.0
LJ7,Hard gate,0.1,493.0
LJ7,Hard gate,0.1,501.0
LJ7,Hard gate,0.1,506.0
LJ7,Hard gate,0.1,508.0
LJ7,Hard gate,0.1,510.0
LJ7,Hard gate,0.1,516.0
LJ7,Hard gate,0.1,517.0
LJ7,Hard gate,0.1,518.0
LJ7,Hard gate,0.1,523.0
LJ7,Hard gate,0.2,137.0
LJ7,Hard gate,0.2,149.0
LJ7,Hard gate,0.2,155.0
LJ7,Hard gate,0.2,156.0
LJ7,Hard gate,0.2,158.0
LJ7,Hard gate,0.2,165.0
LJ7,Hard gate,0.2,167.0
LJ7,Hard gate,0.2,171.0
LJ7,Hard gate,0.2,174.0
LJ7,Hard gate,0.2,175.0
LJ7,Hard gate,0.2,176.0
LJ7,Hard gate,0.2,178.0
LJ7,Hard gate,0.2,179.0
LJ7,Hard gate,0.2,179.0
LJ7,Hard gate,0.2,180.0
LJ7,Hard gate,0.2,182.0
LJ7,Hard gate,0.2,184.0
LJ7,Hard gate,0.2,188.0
LJ7,Hard gate,0.2,189.0
LJ7,Hard gate,0.2,190.0
LJ7,Hard gate,0.2,191.0
LJ7,Hard gate,0.2,191.0
LJ7,Hard gate,0.2,193.0
LJ7,Hard gate,0.2,194.0
LJ7,Hard gate,0.2,199.0
LJ7,Hard gate,0.2,199.0
LJ7,Hard gate,0.2,201.0
LJ7,Hard gate,0.2,203.0
LJ7,Hard gate,0.2,205.0
LJ7,Hard gate,0.2,208.0
LJ7,Hard gate,0.2,210.0
LJ7,Hard gate,0.2,213.0
LJ7,Hard gate,0.2,213.0
LJ7,Hard gate,0.2,216.0
LJ7,Hard gate,0.2,217.0
LJ7,Hard gate,0.2,217.0
LJ7,Hard gate,0.2,218.0
LJ7,Hard gate,0.2,218.0
LJ7,Hard gate,0.2,219.0
LJ7,Hard gate,0.2,220.0
LJ7,Hard gate,0.2,224.0
LJ7,Hard gate,0.2,224.0
LJ7,Hard gate,0.2,224.0
LJ7,Hard gate,0.2,226.0
LJ7,Hard gate,0.2,228.0
LJ7,Hard gate,0.2,228.0
LJ7,Hard gate,0.2,229.0
LJ7,Hard gate,0.2,230.0
LJ7,Hard gate,0.2,230.0
LJ7,Hard gate,0.2,231.0
LJ7,Hard gate,0.2,235.0
LJ7,Hard gate,0.2,235.0
LJ7,Hard gate,0.2,236.0
LJ7,Hard gate,0.2,241.0
LJ7,Hard gate,0.2,241.0
LJ7,Hard gate,0.2,244.0
LJ7,Hard gate,0.2,245.0
LJ7,Hard gate,0.2,246.0
LJ7,Hard gate,0.2,249.0
LJ7,Hard gate,0.2,250.0
LJ7,Hard gate,0.2,257.0
LJ7,Hard gate,0.2,262.0
LJ7,Hard gate,0.2,266.0
LJ7,Hard gate,0.2,271.0
LJ7,Hard gate,0.2,272.0
LJ7,Hard gate,0.2,274.0
LJ7,Hard gate,0.2,276.0
LJ7,Hard gate,0.2,288.0
LJ7,Hard gate,0.2,295.0
LJ7,Hard gate,0.2,302.0
LJ7,Hard gate,0.2,304.0
LJ7,Hard gate,0.2,306.0
LJ7,Hard gate,0.2,325.0
LJ7,Hard gate,0.2,335.0
LJ7,Hard gate,0.2,381.0
LJ7,Hard gate,0.2,394.0
LJ7,Hard gate,0.2,410.0
LJ7,Hard gate,0.2,507.0
LJ7,Hard gate,0.2,510.0
LJ7,Hard gate,0.2,511.0
LJ7,Hard gate,0.2,522.0
LJ7,Hard gate,0.2,524.0
LJ7,Hard gate,0.2,527.0
LJ7,Hard gate,0.2,530.0
LJ7,Hard gate,0.2,535.0
LJ7,Hard gate,0.2,556.0
LJ7,Hard gate,0.2,556.0
LJ7,Hard gate,0.2,566.0
LJ7,Hard gate,0.2,578.0
LJ7,Hard gate,0.2,582.0
LJ7,Hard gate,0.2,585.0
LJ7,Hard gate,0.2,598.0
LJ7,Hard gate,0.2,603.0
LJ7,Hard gate,0.2,605.0
LJ7,Hard gate,0.2,609.0
LJ7,Hard gate,0.2,624.0
LJ7,Hard gate,0.4,186.0
LJ7,Hard gate,0.4,222.0
LJ7,Hard gate,0.4,226.0
LJ7,Hard gate,0.4,233.0
LJ7,Hard gate,0.4,238.0
LJ7,Hard gate,0.4,240.0
LJ7,Hard gate,0.4,241.0
LJ7,Hard gate,0.4,250.0
LJ7,Hard gate,0.4,252.0
LJ7,Hard gate,0.4,254.0
LJ7,Hard gate,0.4,262.0
LJ7,Hard gate,0.4,275.0
LJ7,Hard gate,0.4,278.0
LJ7,Hard gate,0.4,287.0
LJ7,Hard gate,0.4,299.0
LJ7,Hard gate,0.4,309.0
LJ7,Hard gate,0.4,309.0
LJ7,Hard gate,0.4,310.0
LJ7,Hard gate,0.4,315.0
LJ7,Hard gate,0.4,316.0
LJ7,Hard gate,0.4,351.0
LJ7,Hard gate,0.4,356.0
LJ7,Hard gate,0.4,362.0
LJ7,Hard gate,0.4,363.0
LJ7,Hard gate,0.4,369.0
LJ7,Hard gate,0.4,374.0
LJ7,Hard gate,0.4,382.0
LJ7,Hard gate,0.4,384.0
LJ7,Hard gate,0.4,387.0
LJ7,Hard gate,0.4,389.0
LJ7,Hard gate,0.4,391.0
LJ7,Hard gate,0.4,394.0
LJ7,Hard gate,0.4,394.0
LJ7,Hard gate,0.4,399.0
LJ7,Hard gate,0.4,403.0
LJ7,Hard gate,0.4,404.0
LJ7,Hard gate,0.4,412.0
LJ7,Hard gate,0.4,431.0
LJ7,Hard gate,0.4,441.0
LJ7,Hard gate,0.4,442.0
LJ7,Hard gate,0.4,445.0
LJ7,Hard gate,0.4,446.0
LJ7,Hard gate,0.4,453.0
LJ7,Hard gate,0.4,460.0
LJ7,Hard gate,0.4,463.0
LJ7,Hard gate,0.4,474.0
LJ7,Hard gate,0.4,478.0
LJ7,Hard gate,0.4,479.0
LJ7,Hard gate,0.4,483.0
LJ7,Hard gate,0.4,484.0
LJ7,Hard gate,0.4,491.0
LJ7,Hard gate,0.4,491.0
LJ7,Hard gate,0.4,496.0
LJ7,Hard gate,0.4,500.0
LJ7,Hard gate,0.4,502.0
LJ7,Hard gate,0.4,504.0
LJ7,Hard gate,0.4,506.0
LJ7,Hard gate,0.4,508.0
LJ7,Hard gate,0.4,517.0
LJ7,Hard gate,0.4,530.0
LJ7,Hard gate,0.4,541.0
LJ7,Hard gate,0.4,546.0
LJ7,Hard gate,0.4,549.0
LJ7,Hard gate,0.4,550.0
LJ7,Hard gate,0.4,555.0
LJ7,Hard gate,0.4,565.0
LJ7,Hard gate,0.4,572.0
LJ7,Hard gate,0.4,574.0
LJ7,Hard gate,0.4,574.0
LJ7,Hard gate,0.4,580.0
LJ7,Hard gate,0.4,593.0
LJ7,Hard gate,0.4,613.0
LJ7,Hard gate,0.4,627.0
LJ7,Hard gate,0.4,628.0
LJ7,Hard gate,0.4,634.0
LJ7,Hard gate,0.4,646.0
LJ7,Hard gate,0.4,659.0
LJ7,Hard gate,0.4,662.0
LJ7,Hard gate,0.4,662.0
LJ7,Hard gate,0.4,668.0
LJ7,Hard gate,0.4,685.0
LJ7,Hard gate,0.4,685.0
LJ7,Hard gate,0.4,730.0
LJ7,Hard gate,0.4,742.0
LJ7,Hard gate,0.4,749.0
LJ7,Hard gate,0.4,773.0
LJ7,Hard gate,0.4,775.0
LJ7,Hard gate,0.4,775.0
LJ7,Hard gate,0.4,776.0
LJ7,Hard gate,0.4,785.0
LJ7,Hard gate,0.4,833.0
LJ7,Ordinary GAD,0.1,89.0
LJ7,Ordinary GAD,0.1,94.0
LJ7,Ordinary GAD,0.1,99.0
LJ7,Ordinary GAD,0.1,101.0
LJ7,Ordinary GAD,0.1,105.0
LJ7,Ordinary GAD,0.1,108.0
LJ7,Ordinary GAD,0.1,112.0
LJ7,Ordinary GAD,0.1,118.0
LJ7,Ordinary GAD,0.1,118.0
LJ7,Ordinary GAD,0.1,125.0
LJ7,Ordinary GAD,0.1,126.0
LJ7,Ordinary GAD,0.1,135.0
LJ7,Ordinary GAD,0.1,137.0
LJ7,Ordinary GAD,0.1,139.0
LJ7,Ordinary GAD,0.1,140.0
LJ7,Ordinary GAD,0.1,145.0
LJ7,Ordinary GAD,0.1,146.0
LJ7,Ordinary GAD,0.1,147.0
LJ7,Ordinary GAD,0.1,150.0
LJ7,Ordinary GAD,0.1,156.0
LJ7,Ordinary GAD,0.1,162.0
LJ7,Ordinary GAD,0.1,164.0
LJ7,Ordinary GAD,0.1,168.0
LJ7,Ordinary GAD,0.1,173.0
LJ7,Ordinary GAD,0.1,178.0
LJ7,Ordinary GAD,0.1,178.0
LJ7,Ordinary GAD,0.1,179.0
LJ7,Ordinary GAD,0.1,186.0
LJ7,Ordinary GAD,0.1,192.0
LJ7,Ordinary GAD,0.1,194.0
LJ7,Ordinary GAD,0.1,204.0
LJ7,Ordinary GAD,0.1,208.0
LJ7,Ordinary GAD,0.1,218.0
LJ7,Ordinary GAD,0.1,218.0
LJ7,Ordinary GAD,0.1,230.0
LJ7,Ordinary GAD,0.1,275.0
LJ7,Ordinary GAD,0.1,466.0
LJ7,Ordinary GAD,0.1,470.0
LJ7,Ordinary GAD,0.1,472.0
LJ7,Ordinary GAD,0.1,472.0
LJ7,Ordinary GAD,0.1,472.0
LJ7,Ordinary GAD,0.1,479.0
LJ7,Ordinary GAD,0.1,483.0
LJ7,Ordinary GAD,0.1,490.0
LJ7,Ordinary GAD,0.1,492.0
LJ7,Ordinary GAD,0.1,492.0
LJ7,Ordinary GAD,0.1,492.0
LJ7,Ordinary GAD,0.1,493.0
LJ7,Ordinary GAD,0.1,494.0
LJ7,Ordinary GAD,0.1,494.0
LJ7,Ordinary GAD,0.1,499.0
LJ7,Ordinary GAD,0.1,503.0
LJ7,Ordinary GAD,0.1,504.0
LJ7,Ordinary GAD,0.1,507.0
LJ7,Ordinary GAD,0.1,518.0
LJ7,Ordinary GAD,0.1,521.0
LJ7,Ordinary GAD,0.1,572.0
LJ7,Ordinary GAD,0.1,739.0
LJ7,Ordinary GAD,0.1,765.0
LJ7,Ordinary GAD,0.1,1164.0
LJ7,Ordinary GAD,0.1,1250.0
LJ7,Ordinary GAD,0.1,1273.0
LJ7,Ordinary GAD,0.1,1524.0
LJ7,Ordinary GAD,0.1,1563.0
LJ7,Ordinary GAD,0.2,194.0
LJ7,Ordinary GAD,0.2,201.0
LJ7,Ordinary GAD,0.2,214.0
LJ7,Ordinary GAD,0.2,234.0
LJ7,Ordinary GAD,0.2,240.0
LJ7,Ordinary GAD,0.2,269.0
LJ7,Ordinary GAD,0.2,282.0
LJ7,Ordinary GAD,0.2,474.0
LJ7,Ordinary GAD,0.2,531.0
LJ7,Ordinary GAD,0.2,537.0
LJ7,Ordinary GAD,0.2,541.0
LJ7,Ordinary GAD,0.2,595.0
LJ7,Ordinary GAD,0.2,623.0
LJ7,Ordinary GAD,0.2,639.0
LJ7,Ordinary GAD,0.2,664.0
LJ7,Ordinary GAD,0.2,726.0
LJ7,Ordinary GAD,0.2,761.0
LJ7,Ordinary GAD,0.2,762.0
LJ7,Ordinary GAD,0.2,779.0
LJ7,Ordinary GAD,0.2,781.0
LJ7,Ordinary GAD,0.2,820.0
LJ7,Ordinary GAD,0.2,880.0
LJ7,Ordinary GAD,0.2,883.0
LJ7,Ordinary GAD,0.2,895.0
LJ7,Ordinary GAD,0.2,952.0
LJ7,Ordinary GAD,0.2,969.0
LJ7,Ordinary GAD,0.2,975.0
LJ7,Ordinary GAD,0.2,1004.0
LJ7,Ordinary GAD,0.2,1027.0
LJ7,Ordinary GAD,0.2,1103.0
LJ7,Ordinary GAD,0.2,1123.0
LJ7,Ordinary GAD,0.2,1218.0
LJ7,Ordinary GAD,0.2,1229.0
LJ7,Ordinary GAD,0.2,2104.0
LJ7,Ordinary GAD,0.4,764.0
LJ7,Ordinary GAD,0.4,765.0
LJ7,Ordinary GAD,0.4,939.0
LJ7,Ordinary GAD,0.4,973.0
LJ7,Ordinary GAD,0.4,1122.0
LJ7,Ordinary GAD,0.4,1153.0
LJ7,Ordinary GAD,0.4,1187.0
LJ7,Ordinary GAD,0.4,1187.0
LJ7,Ordinary GAD,0.4,1270.0
LJ7,Ordinary GAD,0.4,1272.0
LJ7,Ordinary GAD,0.4,1326.0
LJ7,Ordinary GAD,0.4,1381.0
LJ7,Ordinary GAD,0.4,1490.0
LJ7,Ordinary GAD,0.4,1784.0
LJ7,Ordinary GAD,0.4,2081.0
LJ7,Ordinary GAD,0.4,2364.0
LJ7,Ordinary GAD,0.4,2458.0
LJ7,Sella,0.1,7.0
LJ7,Sella,0.1,7.0
LJ7,Sella,0.1,7.0
LJ7,Sella,0.1,7.0
LJ7,Sella,0.1,8.0
LJ7,Sella,0.1,8.0
LJ7,Sella,0.1,8.0
LJ7,Sella,0.1,8.0
LJ7,Sella,0.1,8.0
LJ7,Sella,0.1,8.0
LJ7,Sella,0.1,8.0
LJ7,Sella,0.1,8.0
LJ7,Sella,0.1,8.0
LJ7,Sella,0.1,8.0
LJ7,Sella,0.1,8.0
LJ7,Sella,0.1,9.0
LJ7,Sella,0.1,9.0
LJ7,Sella,0.1,9.0
LJ7,Sella,0.1,9.0
LJ7,Sella,0.1,9.0
LJ7,Sella,0.1,9.0
LJ7,Sella,0.1,9.0
LJ7,Sella,0.1,9.0
LJ7,Sella,0.1,9.0
LJ7,Sella,0.1,9.0
LJ7,Sella,0.1,9.0
LJ7,Sella,0.1,9.0
LJ7,Sella,0.1,9.0
LJ7,Sella,0.1,9.0
LJ7,Sella,0.1,9.0
LJ7,Sella,0.1,9.0
LJ7,Sella,0.1,9.0
LJ7,Sella,0.1,9.0
LJ7,Sella,0.1,9.0
LJ7,Sella,0.1,10.0
LJ7,Sella,0.1,10.0
LJ7,Sella,0.1,10.0
LJ7,Sella,0.1,10.0
LJ7,Sella,0.1,10.0
LJ7,Sella,0.1,10.0
LJ7,Sella,0.1,10.0
LJ7,Sella,0.1,10.0
LJ7,Sella,0.1,10.0
LJ7,Sella,0.1,10.0
LJ7,Sella,0.1,10.0
LJ7,Sella,0.1,10.0
LJ7,Sella,0.1,10.0
LJ7,Sella,0.1,10.0
LJ7,Sella,0.1,10.0
LJ7,Sella,0.1,10.0
LJ7,Sella,0.1,11.0
LJ7,Sella,0.1,11.0
LJ7,Sella,0.1,11.0
LJ7,Sella,0.1,11.0
LJ7,Sella,0.1,11.0
LJ7,Sella,0.1,11.0
LJ7,Sella,0.1,11.0
LJ7,Sella,0.1,12.0
LJ7,Sella,0.1,12.0
LJ7,Sella,0.1,12.0
LJ7,Sella,0.1,12.0
LJ7,Sella,0.1,12.0
LJ7,Sella,0.1,12.0
LJ7,Sella,0.1,12.0
LJ7,Sella,0.1,13.0
LJ7,Sella,0.1,13.0
LJ7,Sella,0.1,13.0
LJ7,Sella,0.1,13.0
LJ7,Sella,0.1,13.0
LJ7,Sella,0.1,13.0
LJ7,Sella,0.1,14.0
LJ7,Sella,0.1,14.0
LJ7,Sella,0.1,15.0
LJ7,Sella,0.1,15.0
LJ7,Sella,0.1,16.0
LJ7,Sella,0.1,16.0
LJ7,Sella,0.1,17.0
LJ7,Sella,0.1,17.0
LJ7,Sella,0.1,18.0
LJ7,Sella,0.1,25.0
LJ7,Sella,0.2,10.0
LJ7,Sella,0.2,11.0
LJ7,Sella,0.2,11.0
LJ7,Sella,0.2,11.0
LJ7,Sella,0.2,12.0
LJ7,Sella,0.2,12.0
LJ7,Sella,0.2,12.0
LJ7,Sella,0.2,12.0
LJ7,Sella,0.2,12.0
LJ7,Sella,0.2,12.0
LJ7,Sella,0.2,12.0
LJ7,Sella,0.2,13.0
LJ7,Sella,0.2,13.0
LJ7,Sella,0.2,13.0
LJ7,Sella,0.2,13.0
LJ7,Sella,0.2,13.0
LJ7,Sella,0.2,13.0
LJ7,Sella,0.2,13.0
LJ7,Sella,0.2,13.0
LJ7,Sella,0.2,14.0
LJ7,Sella,0.2,14.0
LJ7,Sella,0.2,14.0
LJ7,Sella,0.2,14.0
LJ7,Sella,0.2,15.0
LJ7,Sella,0.2,15.0
LJ7,Sella,0.2,15.0
LJ7,Sella,0.2,15.0
LJ7,Sella,0.2,15.0
LJ7,Sella,0.2,15.0
LJ7,Sella,0.2,15.0
LJ7,Sella,0.2,15.0
LJ7,Sella,0.2,16.0
LJ7,Sella,0.2,16.0
LJ7,Sella,0.2,17.0
LJ7,Sella,0.2,17.0
LJ7,Sella,0.2,17.0
LJ7,Sella,0.2,18.0
LJ7,Sella,0.2,18.0
LJ7,Sella,0.2,18.0
LJ7,Sella,0.2,18.0
LJ7,Sella,0.2,19.0
LJ7,Sella,0.2,19.0
LJ7,Sella,0.2,19.0
LJ7,Sella,0.2,20.0
LJ7,Sella,0.2,21.0
LJ7,Sella,0.2,22.0
LJ7,Sella,0.2,23.0
LJ7,Sella,0.2,24.0
LJ7,Sella,0.2,24.0
LJ7,Sella,0.2,25.0
LJ7,Sella,0.2,26.0
LJ7,Sella,0.2,27.0
LJ7,Sella,0.2,31.0
LJ7,Sella,0.2,33.0
LJ7,Sella,0.2,36.0
LJ7,Sella,0.2,52.0
LJ7,Sella,0.2,58.0
LJ7,Sella,0.2,64.0
LJ7,Sella,0.4,16.0
LJ7,Sella,0.4,17.0
LJ7,Sella,0.4,17.0
LJ7,Sella,0.4,18.0
LJ7,Sella,0.4,19.0
LJ7,Sella,0.4,19.0
LJ7,Sella,0.4,20.0
LJ7,Sella,0.4,20.0
LJ7,Sella,0.4,22.0
LJ7,Sella,0.4,23.0
LJ7,Sella,0.4,25.0
LJ7,Sella,0.4,26.0
LJ7,Sella,0.4,26.0
LJ7,Sella,0.4,28.0
LJ7,Sella,0.4,35.0
LJ7,Sella,0.4,35.0
LJ7,Sella,0.4,36.0
LJ7,Sella,0.4,39.0
LJ7,Sella,0.4,40.0
LJ7,Sella,0.4,59.0
LJ7,Sella,0.4,63.0
LJ7,Sella,0.4,65.0
LJ7,Sella,0.4,105.0
LJ7,Sella,0.4,131.0
LJ7,Sella,0.4,132.0
LJ7,Sella,0.4,135.0
LJ7,Sella,0.4,220.0
LJ7,Sella,0.4,228.0
LJ7,Sella,0.4,288.0
LJ7,Sella,0.4,290.0
LJ7,Sella,0.4,792.0
LJ7,λ2 GAD,0.1,7.0
LJ7,λ2 GAD,0.1,7.0
LJ7,λ2 GAD,0.1,7.0
LJ7,λ2 GAD,0.1,7.0
LJ7,λ2 GAD,0.1,8.0
LJ7,λ2 GAD,0.1,8.0
LJ7,λ2 GAD,0.1,8.0
LJ7,λ2 GAD,0.1,8.0
LJ7,λ2 GAD,0.1,8.0
LJ7,λ2 GAD,0.1,8.0
LJ7,λ2 GAD,0.1,8.0
LJ7,λ2 GAD,0.1,8.0
LJ7,λ2 GAD,0.1,8.0
LJ7,λ2 GAD,0.1,9.0
LJ7,λ2 GAD,0.1,9.0
LJ7,λ2 GAD,0.1,9.0
LJ7,λ2 GAD,0.1,9.0
LJ7,λ2 GAD,0.1,9.0
LJ7,λ2 GAD,0.1,9.0
LJ7,λ2 GAD,0.1,9.0
LJ7,λ2 GAD,0.1,9.0
LJ7,λ2 GAD,0.1,9.0
LJ7,λ2 GAD,0.1,9.0
LJ7,λ2 GAD,0.1,9.0
LJ7,λ2 GAD,0.1,9.0
LJ7,λ2 GAD,0.1,9.0
LJ7,λ2 GAD,0.1,10.0
LJ7,λ2 GAD,0.1,10.0
LJ7,λ2 GAD,0.1,10.0
LJ7,λ2 GAD,0.1,10.0
LJ7,λ2 GAD,0.1,10.0
LJ7,λ2 GAD,0.1,10.0
LJ7,λ2 GAD,0.1,10.0
LJ7,λ2 GAD,0.1,10.0
LJ7,λ2 GAD,0.1,10.0
LJ7,λ2 GAD,0.1,10.0
LJ7,λ2 GAD,0.1,10.0
LJ7,λ2 GAD,0.1,10.0
LJ7,λ2 GAD,0.1,10.0
LJ7,λ2 GAD,0.1,10.0
LJ7,λ2 GAD,0.1,10.0
LJ7,λ2 GAD,0.1,11.0
LJ7,λ2 GAD,0.1,11.0
LJ7,λ2 GAD,0.1,11.0
LJ7,λ2 GAD,0.1,11.0
LJ7,λ2 GAD,0.1,11.0
LJ7,λ2 GAD,0.1,11.0
LJ7,λ2 GAD,0.1,11.0
LJ7,λ2 GAD,0.1,11.0
LJ7,λ2 GAD,0.1,11.0
LJ7,λ2 GAD,0.1,11.0
LJ7,λ2 GAD,0.1,11.0
LJ7,λ2 GAD,0.1,12.0
LJ7,λ2 GAD,0.1,12.0
LJ7,λ2 GAD,0.1,12.0
LJ7,λ2 GAD,0.1,12.0
LJ7,λ2 GAD,0.1,12.0
LJ7,λ2 GAD,0.1,12.0
LJ7,λ2 GAD,0.1,12.0
LJ7,λ2 GAD,0.1,12.0
LJ7,λ2 GAD,0.1,12.0
LJ7,λ2 GAD,0.1,12.0
LJ7,λ2 GAD,0.1,12.0
LJ7,λ2 GAD,0.1,12.0
LJ7,λ2 GAD,0.1,12.0
LJ7,λ2 GAD,0.1,12.0
LJ7,λ2 GAD,0.1,12.0
LJ7,λ2 GAD,0.1,12.0
LJ7,λ2 GAD,0.1,13.0
LJ7,λ2 GAD,0.1,13.0
LJ7,λ2 GAD,0.1,13.0
LJ7,λ2 GAD,0.1,13.0
LJ7,λ2 GAD,0.1,13.0
LJ7,λ2 GAD,0.1,13.0
LJ7,λ2 GAD,0.1,13.0
LJ7,λ2 GAD,0.1,13.0
LJ7,λ2 GAD,0.1,13.0
LJ7,λ2 GAD,0.1,13.0
LJ7,λ2 GAD,0.1,14.0
LJ7,λ2 GAD,0.1,14.0
LJ7,λ2 GAD,0.1,14.0
LJ7,λ2 GAD,0.1,14.0
LJ7,λ2 GAD,0.1,14.0
LJ7,λ2 GAD,0.1,15.0
LJ7,λ2 GAD,0.1,15.0
LJ7,λ2 GAD,0.1,15.0
LJ7,λ2 GAD,0.1,15.0
LJ7,λ2 GAD,0.1,15.0
LJ7,λ2 GAD,0.1,15.0
LJ7,λ2 GAD,0.1,16.0
LJ7,λ2 GAD,0.1,16.0
LJ7,λ2 GAD,0.1,17.0
LJ7,λ2 GAD,0.1,17.0
LJ7,λ2 GAD,0.1,18.0
LJ7,λ2 GAD,0.1,18.0
LJ7,λ2 GAD,0.1,18.0
LJ7,λ2 GAD,0.2,10.0
LJ7,λ2 GAD,0.2,11.0
LJ7,λ2 GAD,0.2,11.0
LJ7,λ2 GAD,0.2,12.0
LJ7,λ2 GAD,0.2,12.0
LJ7,λ2 GAD,0.2,12.0
LJ7,λ2 GAD,0.2,12.0
LJ7,λ2 GAD,0.2,12.0
LJ7,λ2 GAD,0.2,13.0
LJ7,λ2 GAD,0.2,13.0
LJ7,λ2 GAD,0.2,13.0
LJ7,λ2 GAD,0.2,13.0
LJ7,λ2 GAD,0.2,14.0
LJ7,λ2 GAD,0.2,14.0
LJ7,λ2 GAD,0.2,14.0
LJ7,λ2 GAD,0.2,14.0
LJ7,λ2 GAD,0.2,14.0
LJ7,λ2 GAD,0.2,14.0
LJ7,λ2 GAD,0.2,15.0
LJ7,λ2 GAD,0.2,15.0
LJ7,λ2 GAD,0.2,15.0
LJ7,λ2 GAD,0.2,15.0
LJ7,λ2 GAD,0.2,15.0
LJ7,λ2 GAD,0.2,15.0
LJ7,λ2 GAD,0.2,15.0
LJ7,λ2 GAD,0.2,15.0
LJ7,λ2 GAD,0.2,15.0
LJ7,λ2 GAD,0.2,15.0
LJ7,λ2 GAD,0.2,15.0
LJ7,λ2 GAD,0.2,15.0
LJ7,λ2 GAD,0.2,16.0
LJ7,λ2 GAD,0.2,16.0
LJ7,λ2 GAD,0.2,16.0
LJ7,λ2 GAD,0.2,16.0
LJ7,λ2 GAD,0.2,16.0
LJ7,λ2 GAD,0.2,16.0
LJ7,λ2 GAD,0.2,16.0
LJ7,λ2 GAD,0.2,16.0
LJ7,λ2 GAD,0.2,16.0
LJ7,λ2 GAD,0.2,16.0
LJ7,λ2 GAD,0.2,16.0
LJ7,λ2 GAD,0.2,17.0
LJ7,λ2 GAD,0.2,17.0
LJ7,λ2 GAD,0.2,17.0
LJ7,λ2 GAD,0.2,17.0
LJ7,λ2 GAD,0.2,17.0
LJ7,λ2 GAD,0.2,17.0
LJ7,λ2 GAD,0.2,17.0
LJ7,λ2 GAD,0.2,17.0
LJ7,λ2 GAD,0.2,17.0
LJ7,λ2 GAD,0.2,18.0
LJ7,λ2 GAD,0.2,18.0
LJ7,λ2 GAD,0.2,18.0
LJ7,λ2 GAD,0.2,18.0
LJ7,λ2 GAD,0.2,18.0
LJ7,λ2 GAD,0.2,18.0
LJ7,λ2 GAD,0.2,19.0
LJ7,λ2 GAD,0.2,19.0
LJ7,λ2 GAD,0.2,19.0
LJ7,λ2 GAD,0.2,19.0
LJ7,λ2 GAD,0.2,19.0
LJ7,λ2 GAD,0.2,19.0
LJ7,λ2 GAD,0.2,19.0
LJ7,λ2 GAD,0.2,19.0
LJ7,λ2 GAD,0.2,19.0
LJ7,λ2 GAD,0.2,20.0
LJ7,λ2 GAD,0.2,20.0
LJ7,λ2 GAD,0.2,20.0
LJ7,λ2 GAD,0.2,20.0
LJ7,λ2 GAD,0.2,20.0
LJ7,λ2 GAD,0.2,20.0
LJ7,λ2 GAD,0.2,20.0
LJ7,λ2 GAD,0.2,20.0
LJ7,λ2 GAD,0.2,20.0
LJ7,λ2 GAD,0.2,20.0
LJ7,λ2 GAD,0.2,21.0
LJ7,λ2 GAD,0.2,21.0
LJ7,λ2 GAD,0.2,21.0
LJ7,λ2 GAD,0.2,21.0
LJ7,λ2 GAD,0.2,21.0
LJ7,λ2 GAD,0.2,22.0
LJ7,λ2 GAD,0.2,22.0
LJ7,λ2 GAD,0.2,22.0
LJ7,λ2 GAD,0.2,23.0
LJ7,λ2 GAD,0.2,23.0
LJ7,λ2 GAD,0.2,24.0
LJ7,λ2 GAD,0.2,24.0
LJ7,λ2 GAD,0.2,25.0
LJ7,λ2 GAD,0.2,25.0
LJ7,λ2 GAD,0.2,25.0
LJ7,λ2 GAD,0.2,27.0
LJ7,λ2 GAD,0.2,28.0
LJ7,λ2 GAD,0.2,31.0
LJ7,λ2 GAD,0.2,31.0
LJ7,λ2 GAD,0.2,33.0
LJ7,λ2 GAD,0.2,36.0
LJ7,λ2 GAD,0.4,16.0
LJ7,λ2 GAD,0.4,16.0
LJ7,λ2 GAD,0.4,16.0
LJ7,λ2 GAD,0.4,16.0
LJ7,λ2 GAD,0.4,17.0
LJ7,λ2 GAD,0.4,17.0
LJ7,λ2 GAD,0.4,18.0
LJ7,λ2 GAD,0.4,18.0
LJ7,λ2 GAD,0.4,18.0
LJ7,λ2 GAD,0.4,19.0
LJ7,λ2 GAD,0.4,20.0
LJ7,λ2 GAD,0.4,20.0
LJ7,λ2 GAD,0.4,21.0
LJ7,λ2 GAD,0.4,21.0
LJ7,λ2 GAD,0.4,22.0
LJ7,λ2 GAD,0.4,22.0
LJ7,λ2 GAD,0.4,22.0
LJ7,λ2 GAD,0.4,23.0
LJ7,λ2 GAD,0.4,23.0
LJ7,λ2 GAD,0.4,23.0
LJ7,λ2 GAD,0.4,24.0
LJ7,λ2 GAD,0.4,24.0
LJ7,λ2 GAD,0.4,24.0
LJ7,λ2 GAD,0.4,24.0
LJ7,λ2 GAD,0.4,24.0
LJ7,λ2 GAD,0.4,24.0
LJ7,λ2 GAD,0.4,24.0
LJ7,λ2 GAD,0.4,24.0
LJ7,λ2 GAD,0.4,24.0
LJ7,λ2 GAD,0.4,25.0
LJ7,λ2 GAD,0.4,25.0
LJ7,λ2 GAD,0.4,25.0
LJ7,λ2 GAD,0.4,26.0
LJ7,λ2 GAD,0.4,26.0
LJ7,λ2 GAD,0.4,26.0
LJ7,λ2 GAD,0.4,26.0
LJ7,λ2 GAD,0.4,27.0
LJ7,λ2 GAD,0.4,27.0
LJ7,λ2 GAD,0.4,27.0
LJ7,λ2 GAD,0.4,28.0
LJ7,λ2 GAD,0.4,28.0
LJ7,λ2 GAD,0.4,28.0
LJ7,λ2 GAD,0.4,28.0
LJ7,λ2 GAD,0.4,28.0
LJ7,λ2 GAD,0.4,28.0
LJ7,λ2 GAD,0.4,28.0
LJ7,λ2 GAD,0.4,29.0
LJ7,λ2 GAD,0.4,29.0
LJ7,λ2 GAD,0.4,29.0
LJ7,λ2 GAD,0.4,29.0
LJ7,λ2 GAD,0.4,29.0
LJ7,λ2 GAD,0.4,30.0
LJ7,λ2 GAD,0.4,30.0
LJ7,λ2 GAD,0.4,30.0
LJ7,λ2 GAD,0.4,30.0
LJ7,λ2 GAD,0.4,30.0
LJ7,λ2 GAD,0.4,31.0
LJ7,λ2 GAD,0.4,31.0
LJ7,λ2 GAD,0.4,31.0
LJ7,λ2 GAD,0.4,31.0
LJ7,λ2 GAD,0.4,32.0
LJ7,λ2 GAD,0.4,32.0
LJ7,λ2 GAD,0.4,33.0
LJ7,λ2 GAD,0.4,33.0
LJ7,λ2 GAD,0.4,33.0
LJ7,λ2 GAD,0.4,33.0
LJ7,λ2 GAD,0.4,33.0
LJ7,λ2 GAD,0.4,33.0
LJ7,λ2 GAD,0.4,34.0
LJ7,λ2 GAD,0.4,34.0
LJ7,λ2 GAD,0.4,35.0
LJ7,λ2 GAD,0.4,35.0
LJ7,λ2 GAD,0.4,35.0
LJ7,λ2 GAD,0.4,35.0
LJ7,λ2 GAD,0.4,35.0
LJ7,λ2 GAD,0.4,35.0
LJ7,λ2 GAD,0.4,36.0
LJ7,λ2 GAD,0.4,37.0
LJ7,λ2 GAD,0.4,37.0
LJ7,λ2 GAD,0.4,37.0
LJ7,λ2 GAD,0.4,38.0
LJ7,λ2 GAD,0.4,39.0
LJ7,λ2 GAD,0.4,39.0
LJ7,λ2 GAD,0.4,39.0
LJ7,λ2 GAD,0.4,40.0
LJ7,λ2 GAD,0.4,41.0
LJ7,λ2 GAD,0.4,42.0
LJ7,λ2 GAD,0.4,44.0
LJ7,λ2 GAD,0.4,46.0
LJ7,λ2 GAD,0.4,46.0
LJ7,λ2 GAD,0.4,47.0
LJ7,λ2 GAD,0.4,55.0
LJ7,λ2 GAD,0.4,56.0
LJ7,λ2 GAD,0.4,59.0
LJ7,λ2 GAD,0.4,60.0
LJ7,λ2 GAD,0.4,62.0
g-xTB,CS²-GAD,0.1,8.0
g-xTB,CS²-GAD,0.1,8.0
g-xTB,CS²-GAD,0.1,9.0
g-xTB,CS²-GAD,0.1,9.0
g-xTB,CS²-GAD,0.1,9.0
g-xTB,CS²-GAD,0.1,9.0
g-xTB,CS²-GAD,0.1,9.0
g-xTB,CS²-GAD,0.1,9.0
g-xTB,CS²-GAD,0.1,9.0
g-xTB,CS²-GAD,0.1,9.0
g-xTB,CS²-GAD,0.1,9.0
g-xTB,CS²-GAD,0.1,10.0
g-xTB,CS²-GAD,0.1,10.0
g-xTB,CS²-GAD,0.1,10.0
g-xTB,CS²-GAD,0.1,10.0
g-xTB,CS²-GAD,0.1,10.0
g-xTB,CS²-GAD,0.1,10.0
g-xTB,CS²-GAD,0.1,10.0
g-xTB,CS²-GAD,0.1,10.0
g-xTB,CS²-GAD,0.1,10.0
g-xTB,CS²-GAD,0.1,10.0
g-xTB,CS²-GAD,0.1,10.0
g-xTB,CS²-GAD,0.1,10.0
g-xTB,CS²-GAD,0.1,10.0
g-xTB,CS²-GAD,0.1,10.0
g-xTB,CS²-GAD,0.1,10.0
g-xTB,CS²-GAD,0.1,10.0
g-xTB,CS²-GAD,0.1,10.0
g-xTB,CS²-GAD,0.1,10.0
g-xTB,CS²-GAD,0.1,10.0
g-xTB,CS²-GAD,0.1,10.0
g-xTB,CS²-GAD,0.1,10.0
g-xTB,CS²-GAD,0.1,10.0
g-xTB,CS²-GAD,0.1,11.0
g-xTB,CS²-GAD,0.1,11.0
g-xTB,CS²-GAD,0.1,11.0
g-xTB,CS²-GAD,0.1,11.0
g-xTB,CS²-GAD,0.1,11.0
g-xTB,CS²-GAD,0.1,11.0
g-xTB,CS²-GAD,0.1,11.0
g-xTB,CS²-GAD,0.1,11.0
g-xTB,CS²-GAD,0.1,11.0
g-xTB,CS²-GAD,0.1,11.0
g-xTB,CS²-GAD,0.1,11.0
g-xTB,CS²-GAD,0.1,11.0
g-xTB,CS²-GAD,0.1,11.0
g-xTB,CS²-GAD,0.1,11.0
g-xTB,CS²-GAD,0.1,11.0
g-xTB,CS²-GAD,0.1,11.0
g-xTB,CS²-GAD,0.1,11.0
g-xTB,CS²-GAD,0.1,11.0
g-xTB,CS²-GAD,0.1,11.0
g-xTB,CS²-GAD,0.1,11.0
g-xTB,CS²-GAD,0.1,11.0
g-xTB,CS²-GAD,0.1,11.0
g-xTB,CS²-GAD,0.1,11.0
g-xTB,CS²-GAD,0.1,11.0
g-xTB,CS²-GAD,0.1,11.0
g-xTB,CS²-GAD,0.1,11.0
g-xTB,CS²-GAD,0.1,11.0
g-xTB,CS²-GAD,0.1,11.0
g-xTB,CS²-GAD,0.1,11.0
g-xTB,CS²-GAD,0.1,12.0
g-xTB,CS²-GAD,0.1,12.0
g-xTB,CS²-GAD,0.1,12.0
g-xTB,CS²-GAD,0.1,12.0
g-xTB,CS²-GAD,0.1,12.0
g-xTB,CS²-GAD,0.1,12.0
g-xTB,CS²-GAD,0.1,12.0
g-xTB,CS²-GAD,0.1,12.0
g-xTB,CS²-GAD,0.1,12.0
g-xTB,CS²-GAD,0.1,12.0
g-xTB,CS²-GAD,0.1,12.0
g-xTB,CS²-GAD,0.1,12.0
g-xTB,CS²-GAD,0.1,12.0
g-xTB,CS²-GAD,0.1,12.0
g-xTB,CS²-GAD,0.1,12.0
g-xTB,CS²-GAD,0.1,12.0
g-xTB,CS²-GAD,0.1,12.0
g-xTB,CS²-GAD,0.1,12.0
g-xTB,CS²-GAD,0.1,12.0
g-xTB,CS²-GAD,0.1,12.0
g-xTB,CS²-GAD,0.1,12.0
g-xTB,CS²-GAD,0.1,12.0
g-xTB,CS²-GAD,0.1,12.0
g-xTB,CS²-GAD,0.1,12.0
g-xTB,CS²-GAD,0.1,12.0
g-xTB,CS²-GAD,0.1,12.0
g-xTB,CS²-GAD,0.1,12.0
g-xTB,CS²-GAD,0.1,12.0
g-xTB,CS²-GAD,0.1,12.0
g-xTB,CS²-GAD,0.1,12.0
g-xTB,CS²-GAD,0.1,12.0
g-xTB,CS²-GAD,0.1,12.0
g-xTB,CS²-GAD,0.1,12.0
g-xTB,CS²-GAD,0.1,12.0
g-xTB,CS²-GAD,0.1,13.0
g-xTB,CS²-GAD,0.1,13.0
g-xTB,CS²-GAD,0.1,13.0
g-xTB,CS²-GAD,0.1,13.0
g-xTB,CS²-GAD,0.1,13.0
g-xTB,CS²-GAD,0.1,13.0
g-xTB,CS²-GAD,0.1,13.0
g-xTB,CS²-GAD,0.1,13.0
g-xTB,CS²-GAD,0.1,13.0
g-xTB,CS²-GAD,0.1,13.0
g-xTB,CS²-GAD,0.1,13.0
g-xTB,CS²-GAD,0.1,13.0
g-xTB,CS²-GAD,0.1,13.0
g-xTB,CS²-GAD,0.1,13.0
g-xTB,CS²-GAD,0.1,13.0
g-xTB,CS²-GAD,0.1,13.0
g-xTB,CS²-GAD,0.1,13.0
g-xTB,CS²-GAD,0.1,13.0
g-xTB,CS²-GAD,0.1,13.0
g-xTB,CS²-GAD,0.1,13.0
g-xTB,CS²-GAD,0.1,13.0
g-xTB,CS²-GAD,0.1,13.0
g-xTB,CS²-GAD,0.1,13.0
g-xTB,CS²-GAD,0.1,13.0
g-xTB,CS²-GAD,0.1,13.0
g-xTB,CS²-GAD,0.1,13.0
g-xTB,CS²-GAD,0.1,13.0
g-xTB,CS²-GAD,0.1,13.0
g-xTB,CS²-GAD,0.1,13.0
g-xTB,CS²-GAD,0.1,13.0
g-xTB,CS²-GAD,0.1,13.0
g-xTB,CS²-GAD,0.1,13.0
g-xTB,CS²-GAD,0.1,13.0
g-xTB,CS²-GAD,0.1,13.0
g-xTB,CS²-GAD,0.1,14.0
g-xTB,CS²-GAD,0.1,14.0
g-xTB,CS²-GAD,0.1,14.0
g-xTB,CS²-GAD,0.1,14.0
g-xTB,CS²-GAD,0.1,14.0
g-xTB,CS²-GAD,0.1,14.0
g-xTB,CS²-GAD,0.1,14.0
g-xTB,CS²-GAD,0.1,14.0
g-xTB,CS²-GAD,0.1,14.0
g-xTB,CS²-GAD,0.1,14.0
g-xTB,CS²-GAD,0.1,14.0
g-xTB,CS²-GAD,0.1,14.0
g-xTB,CS²-GAD,0.1,14.0
g-xTB,CS²-GAD,0.1,14.0
g-xTB,CS²-GAD,0.1,14.0
g-xTB,CS²-GAD,0.1,14.0
g-xTB,CS²-GAD,0.1,14.0
g-xTB,CS²-GAD,0.1,14.0
g-xTB,CS²-GAD,0.1,14.0
g-xTB,CS²-GAD,0.1,14.0
g-xTB,CS²-GAD,0.1,14.0
g-xTB,CS²-GAD,0.1,14.0
g-xTB,CS²-GAD,0.1,14.0
g-xTB,CS²-GAD,0.1,14.0
g-xTB,CS²-GAD,0.1,14.0
g-xTB,CS²-GAD,0.1,14.0
g-xTB,CS²-GAD,0.1,14.0
g-xTB,CS²-GAD,0.1,14.0
g-xTB,CS²-GAD,0.1,14.0
g-xTB,CS²-GAD,0.1,14.0
g-xTB,CS²-GAD,0.1,14.0
g-xTB,CS²-GAD,0.1,14.0
g-xTB,CS²-GAD,0.1,15.0
g-xTB,CS²-GAD,0.1,15.0
g-xTB,CS²-GAD,0.1,15.0
g-xTB,CS²-GAD,0.1,15.0
g-xTB,CS²-GAD,0.1,15.0
g-xTB,CS²-GAD,0.1,15.0
g-xTB,CS²-GAD,0.1,15.0
g-xTB,CS²-GAD,0.1,15.0
g-xTB,CS²-GAD,0.1,15.0
g-xTB,CS²-GAD,0.1,15.0
g-xTB,CS²-GAD,0.1,15.0
g-xTB,CS²-GAD,0.1,15.0
g-xTB,CS²-GAD,0.1,15.0
g-xTB,CS²-GAD,0.1,15.0
g-xTB,CS²-GAD,0.1,15.0
g-xTB,CS²-GAD,0.1,15.0
g-xTB,CS²-GAD,0.1,15.0
g-xTB,CS²-GAD,0.1,15.0
g-xTB,CS²-GAD,0.1,15.0
g-xTB,CS²-GAD,0.1,15.0
g-xTB,CS²-GAD,0.1,15.0
g-xTB,CS²-GAD,0.1,15.0
g-xTB,CS²-GAD,0.1,15.0
g-xTB,CS²-GAD,0.1,15.0
g-xTB,CS²-GAD,0.1,15.0
g-xTB,CS²-GAD,0.1,15.0
g-xTB,CS²-GAD,0.1,15.0
g-xTB,CS²-GAD,0.1,15.0
g-xTB,CS²-GAD,0.1,15.0
g-xTB,CS²-GAD,0.1,15.0
g-xTB,CS²-GAD,0.1,15.0
g-xTB,CS²-GAD,0.1,15.0
g-xTB,CS²-GAD,0.1,15.0
g-xTB,CS²-GAD,0.1,15.0
g-xTB,CS²-GAD,0.1,15.0
g-xTB,CS²-GAD,0.1,15.0
g-xTB,CS²-GAD,0.1,15.0
g-xTB,CS²-GAD,0.1,16.0
g-xTB,CS²-GAD,0.1,16.0
g-xTB,CS²-GAD,0.1,16.0
g-xTB,CS²-GAD,0.1,16.0
g-xTB,CS²-GAD,0.1,16.0
g-xTB,CS²-GAD,0.1,16.0
g-xTB,CS²-GAD,0.1,16.0
g-xTB,CS²-GAD,0.1,16.0
g-xTB,CS²-GAD,0.1,16.0
g-xTB,CS²-GAD,0.1,16.0
g-xTB,CS²-GAD,0.1,16.0
g-xTB,CS²-GAD,0.1,16.0
g-xTB,CS²-GAD,0.1,16.0
g-xTB,CS²-GAD,0.1,16.0
g-xTB,CS²-GAD,0.1,16.0
g-xTB,CS²-GAD,0.1,16.0
g-xTB,CS²-GAD,0.1,17.0
g-xTB,CS²-GAD,0.1,17.0
g-xTB,CS²-GAD,0.1,17.0
g-xTB,CS²-GAD,0.1,17.0
g-xTB,CS²-GAD,0.1,17.0
g-xTB,CS²-GAD,0.1,17.0
g-xTB,CS²-GAD,0.1,17.0
g-xTB,CS²-GAD,0.1,17.0
g-xTB,CS²-GAD,0.1,17.0
g-xTB,CS²-GAD,0.1,17.0
g-xTB,CS²-GAD,0.1,18.0
g-xTB,CS²-GAD,0.1,18.0
g-xTB,CS²-GAD,0.1,18.0
g-xTB,CS²-GAD,0.1,18.0
g-xTB,CS²-GAD,0.1,18.0
g-xTB,CS²-GAD,0.1,18.0
g-xTB,CS²-GAD,0.1,18.0
g-xTB,CS²-GAD,0.1,18.0
g-xTB,CS²-GAD,0.1,19.0
g-xTB,CS²-GAD,0.1,19.0
g-xTB,CS²-GAD,0.1,19.0
g-xTB,CS²-GAD,0.1,19.0
g-xTB,CS²-GAD,0.1,20.0
g-xTB,CS²-GAD,0.1,20.0
g-xTB,CS²-GAD,0.1,20.0
g-xTB,CS²-GAD,0.1,20.0
g-xTB,CS²-GAD,0.1,21.0
g-xTB,CS²-GAD,0.1,21.0
g-xTB,CS²-GAD,0.1,21.0
g-xTB,CS²-GAD,0.1,21.0
g-xTB,CS²-GAD,0.1,21.0
g-xTB,CS²-GAD,0.1,22.0
g-xTB,CS²-GAD,0.1,22.0
g-xTB,CS²-GAD,0.1,24.0
g-xTB,CS²-GAD,0.1,24.0
g-xTB,CS²-GAD,0.1,25.0
g-xTB,CS²-GAD,0.1,26.0
g-xTB,CS²-GAD,0.1,26.0
g-xTB,CS²-GAD,0.1,27.0
g-xTB,CS²-GAD,0.1,29.0
g-xTB,CS²-GAD,0.1,29.0
g-xTB,CS²-GAD,0.1,30.0
g-xTB,CS²-GAD,0.1,31.0
g-xTB,CS²-GAD,0.1,31.0
g-xTB,CS²-GAD,0.1,31.0
g-xTB,CS²-GAD,0.1,32.0
g-xTB,CS²-GAD,0.1,32.0
g-xTB,CS²-GAD,0.1,32.0
g-xTB,CS²-GAD,0.1,33.0
g-xTB,CS²-GAD,0.1,33.0
g-xTB,CS²-GAD,0.1,35.0
g-xTB,CS²-GAD,0.1,41.0
g-xTB,CS²-GAD,0.1,42.0
g-xTB,CS²-GAD,0.1,46.0
g-xTB,CS²-GAD,0.1,47.0
g-xTB,CS²-GAD,0.1,48.0
g-xTB,CS²-GAD,0.1,49.0
g-xTB,CS²-GAD,0.1,54.0
g-xTB,CS²-GAD,0.1,58.0
g-xTB,CS²-GAD,0.1,58.0
g-xTB,CS²-GAD,0.1,58.0
g-xTB,CS²-GAD,0.1,65.0
g-xTB,CS²-GAD,0.1,71.0
g-xTB,CS²-GAD,0.1,71.0
g-xTB,CS²-GAD,0.1,73.0
g-xTB,CS²-GAD,0.1,89.0
g-xTB,CS²-GAD,0.1,134.0
g-xTB,CS²-GAD,0.2,13.0
g-xTB,CS²-GAD,0.2,15.0
g-xTB,CS²-GAD,0.2,15.0
g-xTB,CS²-GAD,0.2,15.0
g-xTB,CS²-GAD,0.2,16.0
g-xTB,CS²-GAD,0.2,16.0
g-xTB,CS²-GAD,0.2,16.0
g-xTB,CS²-GAD,0.2,16.0
g-xTB,CS²-GAD,0.2,17.0
g-xTB,CS²-GAD,0.2,17.0
g-xTB,CS²-GAD,0.2,17.0
g-xTB,CS²-GAD,0.2,17.0
g-xTB,CS²-GAD,0.2,17.0
g-xTB,CS²-GAD,0.2,18.0
g-xTB,CS²-GAD,0.2,18.0
g-xTB,CS²-GAD,0.2,18.0
g-xTB,CS²-GAD,0.2,18.0
g-xTB,CS²-GAD,0.2,18.0
g-xTB,CS²-GAD,0.2,18.0
g-xTB,CS²-GAD,0.2,19.0
g-xTB,CS²-GAD,0.2,19.0
g-xTB,CS²-GAD,0.2,19.0
g-xTB,CS²-GAD,0.2,19.0
g-xTB,CS²-GAD,0.2,19.0
g-xTB,CS²-GAD,0.2,19.0
g-xTB,CS²-GAD,0.2,19.0
g-xTB,CS²-GAD,0.2,20.0
g-xTB,CS²-GAD,0.2,20.0
g-xTB,CS²-GAD,0.2,20.0
g-xTB,CS²-GAD,0.2,20.0
g-xTB,CS²-GAD,0.2,20.0
g-xTB,CS²-GAD,0.2,20.0
g-xTB,CS²-GAD,0.2,20.0
g-xTB,CS²-GAD,0.2,20.0
g-xTB,CS²-GAD,0.2,20.0
g-xTB,CS²-GAD,0.2,20.0
g-xTB,CS²-GAD,0.2,20.0
g-xTB,CS²-GAD,0.2,20.0
g-xTB,CS²-GAD,0.2,21.0
g-xTB,CS²-GAD,0.2,21.0
g-xTB,CS²-GAD,0.2,21.0
g-xTB,CS²-GAD,0.2,21.0
g-xTB,CS²-GAD,0.2,21.0
g-xTB,CS²-GAD,0.2,21.0
g-xTB,CS²-GAD,0.2,21.0
g-xTB,CS²-GAD,0.2,21.0
g-xTB,CS²-GAD,0.2,21.0
g-xTB,CS²-GAD,0.2,22.0
g-xTB,CS²-GAD,0.2,22.0
g-xTB,CS²-GAD,0.2,22.0
g-xTB,CS²-GAD,0.2,22.0
g-xTB,CS²-GAD,0.2,22.0
g-xTB,CS²-GAD,0.2,22.0
g-xTB,CS²-GAD,0.2,22.0
g-xTB,CS²-GAD,0.2,22.0
g-xTB,CS²-GAD,0.2,22.0
g-xTB,CS²-GAD,0.2,23.0
g-xTB,CS²-GAD,0.2,23.0
g-xTB,CS²-GAD,0.2,23.0
g-xTB,CS²-GAD,0.2,23.0
g-xTB,CS²-GAD,0.2,23.0
g-xTB,CS²-GAD,0.2,23.0
g-xTB,CS²-GAD,0.2,23.0
g-xTB,CS²-GAD,0.2,23.0
g-xTB,CS²-GAD,0.2,23.0
g-xTB,CS²-GAD,0.2,23.0
g-xTB,CS²-GAD,0.2,23.0
g-xTB,CS²-GAD,0.2,23.0
g-xTB,CS²-GAD,0.2,23.0
g-xTB,CS²-GAD,0.2,23.0
g-xTB,CS²-GAD,0.2,23.0
g-xTB,CS²-GAD,0.2,23.0
g-xTB,CS²-GAD,0.2,24.0
g-xTB,CS²-GAD,0.2,24.0
g-xTB,CS²-GAD,0.2,24.0
g-xTB,CS²-GAD,0.2,24.0
g-xTB,CS²-GAD,0.2,24.0
g-xTB,CS²-GAD,0.2,24.0
g-xTB,CS²-GAD,0.2,24.0
g-xTB,CS²-GAD,0.2,24.0
g-xTB,CS²-GAD,0.2,24.0
g-xTB,CS²-GAD,0.2,24.0
g-xTB,CS²-GAD,0.2,24.0
g-xTB,CS²-GAD,0.2,24.0
g-xTB,CS²-GAD,0.2,25.0
g-xTB,CS²-GAD,0.2,25.0
g-xTB,CS²-GAD,0.2,25.0
g-xTB,CS²-GAD,0.2,25.0
g-xTB,CS²-GAD,0.2,25.0
g-xTB,CS²-GAD,0.2,25.0
g-xTB,CS²-GAD,0.2,25.0
g-xTB,CS²-GAD,0.2,25.0
g-xTB,CS²-GAD,0.2,26.0
g-xTB,CS²-GAD,0.2,26.0
g-xTB,CS²-GAD,0.2,26.0
g-xTB,CS²-GAD,0.2,26.0
g-xTB,CS²-GAD,0.2,26.0
g-xTB,CS²-GAD,0.2,26.0
g-xTB,CS²-GAD,0.2,26.0
g-xTB,CS²-GAD,0.2,26.0
g-xTB,CS²-GAD,0.2,27.0
g-xTB,CS²-GAD,0.2,27.0
g-xTB,CS²-GAD,0.2,27.0
g-xTB,CS²-GAD,0.2,27.0
g-xTB,CS²-GAD,0.2,27.0
g-xTB,CS²-GAD,0.2,27.0
g-xTB,CS²-GAD,0.2,27.0
g-xTB,CS²-GAD,0.2,27.0
g-xTB,CS²-GAD,0.2,27.0
g-xTB,CS²-GAD,0.2,27.0
g-xTB,CS²-GAD,0.2,27.0
g-xTB,CS²-GAD,0.2,27.0
g-xTB,CS²-GAD,0.2,28.0
g-xTB,CS²-GAD,0.2,28.0
g-xTB,CS²-GAD,0.2,28.0
g-xTB,CS²-GAD,0.2,28.0
g-xTB,CS²-GAD,0.2,28.0
g-xTB,CS²-GAD,0.2,28.0
g-xTB,CS²-GAD,0.2,28.0
g-xTB,CS²-GAD,0.2,28.0
g-xTB,CS²-GAD,0.2,28.0
g-xTB,CS²-GAD,0.2,28.0
g-xTB,CS²-GAD,0.2,28.0
g-xTB,CS²-GAD,0.2,29.0
g-xTB,CS²-GAD,0.2,29.0
g-xTB,CS²-GAD,0.2,29.0
g-xTB,CS²-GAD,0.2,29.0
g-xTB,CS²-GAD,0.2,29.0
g-xTB,CS²-GAD,0.2,29.0
g-xTB,CS²-GAD,0.2,29.0
g-xTB,CS²-GAD,0.2,29.0
g-xTB,CS²-GAD,0.2,30.0
g-xTB,CS²-GAD,0.2,30.0
g-xTB,CS²-GAD,0.2,30.0
g-xTB,CS²-GAD,0.2,30.0
g-xTB,CS²-GAD,0.2,30.0
g-xTB,CS²-GAD,0.2,30.0
g-xTB,CS²-GAD,0.2,30.0
g-xTB,CS²-GAD,0.2,30.0
g-xTB,CS²-GAD,0.2,30.0
g-xTB,CS²-GAD,0.2,31.0
g-xTB,CS²-GAD,0.2,31.0
g-xTB,CS²-GAD,0.2,31.0
g-xTB,CS²-GAD,0.2,32.0
g-xTB,CS²-GAD,0.2,32.0
g-xTB,CS²-GAD,0.2,32.0
g-xTB,CS²-GAD,0.2,32.0
g-xTB,CS²-GAD,0.2,32.0
g-xTB,CS²-GAD,0.2,32.0
g-xTB,CS²-GAD,0.2,33.0
g-xTB,CS²-GAD,0.2,33.0
g-xTB,CS²-GAD,0.2,33.0
g-xTB,CS²-GAD,0.2,34.0
g-xTB,CS²-GAD,0.2,34.0
g-xTB,CS²-GAD,0.2,34.0
g-xTB,CS²-GAD,0.2,34.0
g-xTB,CS²-GAD,0.2,34.0
g-xTB,CS²-GAD,0.2,35.0
g-xTB,CS²-GAD,0.2,35.0
g-xTB,CS²-GAD,0.2,35.0
g-xTB,CS²-GAD,0.2,35.0
g-xTB,CS²-GAD,0.2,36.0
g-xTB,CS²-GAD,0.2,37.0
g-xTB,CS²-GAD,0.2,37.0
g-xTB,CS²-GAD,0.2,37.0
g-xTB,CS²-GAD,0.2,37.0
g-xTB,CS²-GAD,0.2,37.0
g-xTB,CS²-GAD,0.2,38.0
g-xTB,CS²-GAD,0.2,38.0
g-xTB,CS²-GAD,0.2,38.0
g-xTB,CS²-GAD,0.2,38.0
g-xTB,CS²-GAD,0.2,39.0
g-xTB,CS²-GAD,0.2,39.0
g-xTB,CS²-GAD,0.2,39.0
g-xTB,CS²-GAD,0.2,40.0
g-xTB,CS²-GAD,0.2,40.0
g-xTB,CS²-GAD,0.2,40.0
g-xTB,CS²-GAD,0.2,40.0
g-xTB,CS²-GAD,0.2,40.0
g-xTB,CS²-GAD,0.2,40.0
g-xTB,CS²-GAD,0.2,41.0
g-xTB,CS²-GAD,0.2,41.0
g-xTB,CS²-GAD,0.2,42.0
g-xTB,CS²-GAD,0.2,42.0
g-xTB,CS²-GAD,0.2,42.0
g-xTB,CS²-GAD,0.2,42.0
g-xTB,CS²-GAD,0.2,43.0
g-xTB,CS²-GAD,0.2,43.0
g-xTB,CS²-GAD,0.2,44.0
g-xTB,CS²-GAD,0.2,44.0
g-xTB,CS²-GAD,0.2,44.0
g-xTB,CS²-GAD,0.2,45.0
g-xTB,CS²-GAD,0.2,45.0
g-xTB,CS²-GAD,0.2,45.0
g-xTB,CS²-GAD,0.2,46.0
g-xTB,CS²-GAD,0.2,46.0
g-xTB,CS²-GAD,0.2,46.0
g-xTB,CS²-GAD,0.2,46.0
g-xTB,CS²-GAD,0.2,47.0
g-xTB,CS²-GAD,0.2,47.0
g-xTB,CS²-GAD,0.2,47.0
g-xTB,CS²-GAD,0.2,49.0
g-xTB,CS²-GAD,0.2,49.0
g-xTB,CS²-GAD,0.2,49.0
g-xTB,CS²-GAD,0.2,49.0
g-xTB,CS²-GAD,0.2,49.0
g-xTB,CS²-GAD,0.2,50.0
g-xTB,CS²-GAD,0.2,50.0
g-xTB,CS²-GAD,0.2,50.0
g-xTB,CS²-GAD,0.2,50.0
g-xTB,CS²-GAD,0.2,51.0
g-xTB,CS²-GAD,0.2,51.0
g-xTB,CS²-GAD,0.2,51.0
g-xTB,CS²-GAD,0.2,51.0
g-xTB,CS²-GAD,0.2,52.0
g-xTB,CS²-GAD,0.2,54.0
g-xTB,CS²-GAD,0.2,55.0
g-xTB,CS²-GAD,0.2,55.0
g-xTB,CS²-GAD,0.2,56.0
g-xTB,CS²-GAD,0.2,59.0
g-xTB,CS²-GAD,0.2,59.0
g-xTB,CS²-GAD,0.2,60.0
g-xTB,CS²-GAD,0.2,60.0
g-xTB,CS²-GAD,0.2,60.0
g-xTB,CS²-GAD,0.2,61.0
g-xTB,CS²-GAD,0.2,61.0
g-xTB,CS²-GAD,0.2,66.0
g-xTB,CS²-GAD,0.2,66.0
g-xTB,CS²-GAD,0.2,68.0
g-xTB,CS²-GAD,0.2,69.0
g-xTB,CS²-GAD,0.2,69.0
g-xTB,CS²-GAD,0.2,69.0
g-xTB,CS²-GAD,0.2,70.0
g-xTB,CS²-GAD,0.2,70.0
g-xTB,CS²-GAD,0.2,71.0
g-xTB,CS²-GAD,0.2,74.0
g-xTB,CS²-GAD,0.2,74.0
g-xTB,CS²-GAD,0.2,75.0
g-xTB,CS²-GAD,0.2,75.0
g-xTB,CS²-GAD,0.2,76.0
g-xTB,CS²-GAD,0.2,78.0
g-xTB,CS²-GAD,0.2,78.0
g-xTB,CS²-GAD,0.2,79.0
g-xTB,CS²-GAD,0.2,79.0
g-xTB,CS²-GAD,0.2,80.0
g-xTB,CS²-GAD,0.2,81.0
g-xTB,CS²-GAD,0.2,82.0
g-xTB,CS²-GAD,0.2,83.0
g-xTB,CS²-GAD,0.2,92.0
g-xTB,CS²-GAD,0.2,92.0
g-xTB,CS²-GAD,0.2,94.0
g-xTB,CS²-GAD,0.2,96.0
g-xTB,CS²-GAD,0.2,108.0
g-xTB,CS²-GAD,0.2,116.0
g-xTB,CS²-GAD,0.2,118.0
g-xTB,CS²-GAD,0.2,122.0
g-xTB,CS²-GAD,0.2,136.0
g-xTB,CS²-GAD,0.2,140.0
g-xTB,CS²-GAD,0.2,153.0
g-xTB,CS²-GAD,0.2,154.0
g-xTB,CS²-GAD,0.2,184.0
g-xTB,CS²-GAD,0.2,195.0
g-xTB,CS²-GAD,0.5,32.0
g-xTB,CS²-GAD,0.5,37.0
g-xTB,CS²-GAD,0.5,39.0
g-xTB,CS²-GAD,0.5,39.0
g-xTB,CS²-GAD,0.5,42.0
g-xTB,CS²-GAD,0.5,43.0
g-xTB,CS²-GAD,0.5,44.0
g-xTB,CS²-GAD,0.5,46.0
g-xTB,CS²-GAD,0.5,46.0
g-xTB,CS²-GAD,0.5,47.0
g-xTB,CS²-GAD,0.5,48.0
g-xTB,CS²-GAD,0.5,48.0
g-xTB,CS²-GAD,0.5,49.0
g-xTB,CS²-GAD,0.5,49.0
g-xTB,CS²-GAD,0.5,49.0
g-xTB,CS²-GAD,0.5,50.0
g-xTB,CS²-GAD,0.5,51.0
g-xTB,CS²-GAD,0.5,51.0
g-xTB,CS²-GAD,0.5,51.0
g-xTB,CS²-GAD,0.5,52.0
g-xTB,CS²-GAD,0.5,52.0
g-xTB,CS²-GAD,0.5,52.0
g-xTB,CS²-GAD,0.5,54.0
g-xTB,CS²-GAD,0.5,54.0
g-xTB,CS²-GAD,0.5,54.0
g-xTB,CS²-GAD,0.5,54.0
g-xTB,CS²-GAD,0.5,55.0
g-xTB,CS²-GAD,0.5,55.0
g-xTB,CS²-GAD,0.5,55.0
g-xTB,CS²-GAD,0.5,55.0
g-xTB,CS²-GAD,0.5,55.0
g-xTB,CS²-GAD,0.5,56.0
g-xTB,CS²-GAD,0.5,56.0
g-xTB,CS²-GAD,0.5,56.0
g-xTB,CS²-GAD,0.5,56.0
g-xTB,CS²-GAD,0.5,56.0
g-xTB,CS²-GAD,0.5,56.0
g-xTB,CS²-GAD,0.5,57.0
g-xTB,CS²-GAD,0.5,57.0
g-xTB,CS²-GAD,0.5,57.0
g-xTB,CS²-GAD,0.5,58.0
g-xTB,CS²-GAD,0.5,58.0
g-xTB,CS²-GAD,0.5,58.0
g-xTB,CS²-GAD,0.5,58.0
g-xTB,CS²-GAD,0.5,58.0
g-xTB,CS²-GAD,0.5,58.0
g-xTB,CS²-GAD,0.5,59.0
g-xTB,CS²-GAD,0.5,59.0
g-xTB,CS²-GAD,0.5,59.0
g-xTB,CS²-GAD,0.5,59.0
g-xTB,CS²-GAD,0.5,59.0
g-xTB,CS²-GAD,0.5,59.0
g-xTB,CS²-GAD,0.5,60.0
g-xTB,CS²-GAD,0.5,60.0
g-xTB,CS²-GAD,0.5,60.0
g-xTB,CS²-GAD,0.5,60.0
g-xTB,CS²-GAD,0.5,61.0
g-xTB,CS²-GAD,0.5,61.0
g-xTB,CS²-GAD,0.5,61.0
g-xTB,CS²-GAD,0.5,61.0
g-xTB,CS²-GAD,0.5,62.0
g-xTB,CS²-GAD,0.5,62.0
g-xTB,CS²-GAD,0.5,62.0
g-xTB,CS²-GAD,0.5,63.0
g-xTB,CS²-GAD,0.5,63.0
g-xTB,CS²-GAD,0.5,64.0
g-xTB,CS²-GAD,0.5,64.0
g-xTB,CS²-GAD,0.5,65.0
g-xTB,CS²-GAD,0.5,65.0
g-xTB,CS²-GAD,0.5,66.0
g-xTB,CS²-GAD,0.5,66.0
g-xTB,CS²-GAD,0.5,66.0
g-xTB,CS²-GAD,0.5,67.0
g-xTB,CS²-GAD,0.5,67.0
g-xTB,CS²-GAD,0.5,67.0
g-xTB,CS²-GAD,0.5,67.0
g-xTB,CS²-GAD,0.5,68.0
g-xTB,CS²-GAD,0.5,68.0
g-xTB,CS²-GAD,0.5,68.0
g-xTB,CS²-GAD,0.5,68.0
g-xTB,CS²-GAD,0.5,68.0
g-xTB,CS²-GAD,0.5,68.0
g-xTB,CS²-GAD,0.5,69.0
g-xTB,CS²-GAD,0.5,69.0
g-xTB,CS²-GAD,0.5,69.0
g-xTB,CS²-GAD,0.5,69.0
g-xTB,CS²-GAD,0.5,69.0
g-xTB,CS²-GAD,0.5,69.0
g-xTB,CS²-GAD,0.5,70.0
g-xTB,CS²-GAD,0.5,70.0
g-xTB,CS²-GAD,0.5,70.0
g-xTB,CS²-GAD,0.5,70.0
g-xTB,CS²-GAD,0.5,71.0
g-xTB,CS²-GAD,0.5,72.0
g-xTB,CS²-GAD,0.5,72.0
g-xTB,CS²-GAD,0.5,72.0
g-xTB,CS²-GAD,0.5,72.0
g-xTB,CS²-GAD,0.5,72.0
g-xTB,CS²-GAD,0.5,73.0
g-xTB,CS²-GAD,0.5,73.0
g-xTB,CS²-GAD,0.5,73.0
g-xTB,CS²-GAD,0.5,74.0
g-xTB,CS²-GAD,0.5,74.0
g-xTB,CS²-GAD,0.5,74.0
g-xTB,CS²-GAD,0.5,75.0
g-xTB,CS²-GAD,0.5,75.0
g-xTB,CS²-GAD,0.5,75.0
g-xTB,CS²-GAD,0.5,75.0
g-xTB,CS²-GAD,0.5,75.0
g-xTB,CS²-GAD,0.5,76.0
g-xTB,CS²-GAD,0.5,76.0
g-xTB,CS²-GAD,0.5,77.0
g-xTB,CS²-GAD,0.5,77.0
g-xTB,CS²-GAD,0.5,77.0
g-xTB,CS²-GAD,0.5,77.0
g-xTB,CS²-GAD,0.5,77.0
g-xTB,CS²-GAD,0.5,78.0
g-xTB,CS²-GAD,0.5,78.0
g-xTB,CS²-GAD,0.5,78.0
g-xTB,CS²-GAD,0.5,79.0
g-xTB,CS²-GAD,0.5,79.0
g-xTB,CS²-GAD,0.5,80.0
g-xTB,CS²-GAD,0.5,80.0
g-xTB,CS²-GAD,0.5,80.0
g-xTB,CS²-GAD,0.5,80.0
g-xTB,CS²-GAD,0.5,81.0
g-xTB,CS²-GAD,0.5,81.0
g-xTB,CS²-GAD,0.5,81.0
g-xTB,CS²-GAD,0.5,82.0
g-xTB,CS²-GAD,0.5,82.0
g-xTB,CS²-GAD,0.5,82.0
g-xTB,CS²-GAD,0.5,82.0
g-xTB,CS²-GAD,0.5,82.0
g-xTB,CS²-GAD,0.5,82.0
g-xTB,CS²-GAD,0.5,83.0
g-xTB,CS²-GAD,0.5,84.0
g-xTB,CS²-GAD,0.5,84.0
g-xTB,CS²-GAD,0.5,84.0
g-xTB,CS²-GAD,0.5,84.0
g-xTB,CS²-GAD,0.5,85.0
g-xTB,CS²-GAD,0.5,85.0
g-xTB,CS²-GAD,0.5,85.0
g-xTB,CS²-GAD,0.5,85.0
g-xTB,CS²-GAD,0.5,86.0
g-xTB,CS²-GAD,0.5,86.0
g-xTB,CS²-GAD,0.5,86.0
g-xTB,CS²-GAD,0.5,87.0
g-xTB,CS²-GAD,0.5,87.0
g-xTB,CS²-GAD,0.5,90.0
g-xTB,CS²-GAD,0.5,90.0
g-xTB,CS²-GAD,0.5,90.0
g-xTB,CS²-GAD,0.5,91.0
g-xTB,CS²-GAD,0.5,91.0
g-xTB,CS²-GAD,0.5,92.0
g-xTB,CS²-GAD,0.5,92.0
g-xTB,CS²-GAD,0.5,93.0
g-xTB,CS²-GAD,0.5,93.0
g-xTB,CS²-GAD,0.5,94.0
g-xTB,CS²-GAD,0.5,94.0
g-xTB,CS²-GAD,0.5,94.0
g-xTB,CS²-GAD,0.5,94.0
g-xTB,CS²-GAD,0.5,95.0
g-xTB,CS²-GAD,0.5,96.0
g-xTB,CS²-GAD,0.5,96.0
g-xTB,CS²-GAD,0.5,96.0
g-xTB,CS²-GAD,0.5,96.0
g-xTB,CS²-GAD,0.5,97.0
g-xTB,CS²-GAD,0.5,97.0
g-xTB,CS²-GAD,0.5,97.0
g-xTB,CS²-GAD,0.5,97.0
g-xTB,CS²-GAD,0.5,97.0
g-xTB,CS²-GAD,0.5,98.0
g-xTB,CS²-GAD,0.5,99.0
g-xTB,CS²-GAD,0.5,99.0
g-xTB,CS²-GAD,0.5,102.0
g-xTB,CS²-GAD,0.5,104.0
g-xTB,CS²-GAD,0.5,105.0
g-xTB,CS²-GAD,0.5,106.0
g-xTB,CS²-GAD,0.5,107.0
g-xTB,CS²-GAD,0.5,108.0
g-xTB,CS²-GAD,0.5,109.0
g-xTB,CS²-GAD,0.5,110.0
g-xTB,CS²-GAD,0.5,111.0
g-xTB,CS²-GAD,0.5,111.0
g-xTB,CS²-GAD,0.5,112.0
g-xTB,CS²-GAD,0.5,112.0
g-xTB,CS²-GAD,0.5,114.0
g-xTB,CS²-GAD,0.5,114.0
g-xTB,CS²-GAD,0.5,115.0
g-xTB,CS²-GAD,0.5,115.0
g-xTB,CS²-GAD,0.5,116.0
g-xTB,CS²-GAD,0.5,119.0
g-xTB,CS²-GAD,0.5,120.0
g-xTB,CS²-GAD,0.5,121.0
g-xTB,CS²-GAD,0.5,124.0
g-xTB,CS²-GAD,0.5,124.0
g-xTB,CS²-GAD,0.5,126.0
g-xTB,CS²-GAD,0.5,127.0
g-xTB,CS²-GAD,0.5,129.0
g-xTB,CS²-GAD,0.5,134.0
g-xTB,CS²-GAD,0.5,137.0
g-xTB,CS²-GAD,0.5,139.0
g-xTB,CS²-GAD,0.5,148.0
g-xTB,CS²-GAD,0.5,151.0
g-xTB,CS²-GAD,0.5,155.0
g-xTB,CS²-GAD,0.5,159.0
g-xTB,CS²-GAD,0.5,162.0
g-xTB,CS²-GAD,0.5,167.0
g-xTB,CS²-GAD,0.5,171.0
g-xTB,CS²-GAD,0.5,171.0
g-xTB,CS²-GAD,0.5,172.0
g-xTB,CS²-GAD,0.5,178.0
g-xTB,CS²-GAD,0.5,199.0
g-xTB,CS²-GAD,0.5,205.0
g-xTB,CS²-GAD,0.5,225.0
g-xTB,CS²-GAD,0.5,236.0
g-xTB,CS²-GAD,0.5,251.0
g-xTB,CS²-GAD,0.5,351.0
g-xTB,CS²-GAD,0.5,489.0
g-xTB,CS²-GAD,0.5,498.0
g-xTB,CS²-GAD,0.5,1454.0
g-xTB,CS²-GAD,1.0,53.0
g-xTB,CS²-GAD,1.0,54.0
g-xTB,CS²-GAD,1.0,56.0
g-xTB,CS²-GAD,1.0,57.0
g-xTB,CS²-GAD,1.0,57.0
g-xTB,CS²-GAD,1.0,59.0
g-xTB,CS²-GAD,1.0,63.0
g-xTB,CS²-GAD,1.0,67.0
g-xTB,CS²-GAD,1.0,68.0
g-xTB,CS²-GAD,1.0,68.0
g-xTB,CS²-GAD,1.0,69.0
g-xTB,CS²-GAD,1.0,70.0
g-xTB,CS²-GAD,1.0,72.0
g-xTB,CS²-GAD,1.0,75.0
g-xTB,CS²-GAD,1.0,75.0
g-xTB,CS²-GAD,1.0,76.0
g-xTB,CS²-GAD,1.0,77.0
g-xTB,CS²-GAD,1.0,78.0
g-xTB,CS²-GAD,1.0,81.0
g-xTB,CS²-GAD,1.0,81.0
g-xTB,CS²-GAD,1.0,83.0
g-xTB,CS²-GAD,1.0,83.0
g-xTB,CS²-GAD,1.0,83.0
g-xTB,CS²-GAD,1.0,84.0
g-xTB,CS²-GAD,1.0,85.0
g-xTB,CS²-GAD,1.0,85.0
g-xTB,CS²-GAD,1.0,87.0
g-xTB,CS²-GAD,1.0,87.0
g-xTB,CS²-GAD,1.0,88.0
g-xTB,CS²-GAD,1.0,89.0
g-xTB,CS²-GAD,1.0,90.0
g-xTB,CS²-GAD,1.0,90.0
g-xTB,CS²-GAD,1.0,91.0
g-xTB,CS²-GAD,1.0,93.0
g-xTB,CS²-GAD,1.0,93.0
g-xTB,CS²-GAD,1.0,94.0
g-xTB,CS²-GAD,1.0,94.0
g-xTB,CS²-GAD,1.0,95.0
g-xTB,CS²-GAD,1.0,95.0
g-xTB,CS²-GAD,1.0,97.0
g-xTB,CS²-GAD,1.0,99.0
g-xTB,CS²-GAD,1.0,100.0
g-xTB,CS²-GAD,1.0,101.0
g-xTB,CS²-GAD,1.0,102.0
g-xTB,CS²-GAD,1.0,102.0
g-xTB,CS²-GAD,1.0,102.0
g-xTB,CS²-GAD,1.0,103.0
g-xTB,CS²-GAD,1.0,104.0
g-xTB,CS²-GAD,1.0,105.0
g-xTB,CS²-GAD,1.0,106.0
g-xTB,CS²-GAD,1.0,108.0
g-xTB,CS²-GAD,1.0,108.0
g-xTB,CS²-GAD,1.0,108.0
g-xTB,CS²-GAD,1.0,109.0
g-xTB,CS²-GAD,1.0,111.0
g-xTB,CS²-GAD,1.0,116.0
g-xTB,CS²-GAD,1.0,118.0
g-xTB,CS²-GAD,1.0,119.0
g-xTB,CS²-GAD,1.0,120.0
g-xTB,CS²-GAD,1.0,121.0
g-xTB,CS²-GAD,1.0,121.0
g-xTB,CS²-GAD,1.0,121.0
g-xTB,CS²-GAD,1.0,122.0
g-xTB,CS²-GAD,1.0,124.0
g-xTB,CS²-GAD,1.0,126.0
g-xTB,CS²-GAD,1.0,128.0
g-xTB,CS²-GAD,1.0,128.0
g-xTB,CS²-GAD,1.0,130.0
g-xTB,CS²-GAD,1.0,134.0
g-xTB,CS²-GAD,1.0,137.0
g-xTB,CS²-GAD,1.0,137.0
g-xTB,CS²-GAD,1.0,144.0
g-xTB,CS²-GAD,1.0,147.0
g-xTB,CS²-GAD,1.0,158.0
g-xTB,CS²-GAD,1.0,160.0
g-xTB,CS²-GAD,1.0,160.0
g-xTB,CS²-GAD,1.0,163.0
g-xTB,CS²-GAD,1.0,170.0
g-xTB,CS²-GAD,1.0,170.0
g-xTB,CS²-GAD,1.0,173.0
g-xTB,CS²-GAD,1.0,177.0
g-xTB,CS²-GAD,1.0,177.0
g-xTB,CS²-GAD,1.0,178.0
g-xTB,CS²-GAD,1.0,183.0
g-xTB,CS²-GAD,1.0,185.0
g-xTB,CS²-GAD,1.0,219.0
g-xTB,CS²-GAD,1.0,322.0
g-xTB,CS²-GAD,1.0,377.0
g-xTB,CS²-GAD,1.0,767.0
g-xTB,CS²-GAD,1.0,1459.0
g-xTB,CS²-GAD,2.0,127.0
g-xTB,CS²-GAD,2.0,167.0
g-xTB,CS²-GAD,2.0,172.0
g-xTB,Competitive GAD,0.1,8.0
g-xTB,Competitive GAD,0.1,8.0
g-xTB,Competitive GAD,0.1,9.0
g-xTB,Competitive GAD,0.1,9.0
g-xTB,Competitive GAD,0.1,9.0
g-xTB,Competitive GAD,0.1,9.0
g-xTB,Competitive GAD,0.1,9.0
g-xTB,Competitive GAD,0.1,9.0
g-xTB,Competitive GAD,0.1,9.0
g-xTB,Competitive GAD,0.1,9.0
g-xTB,Competitive GAD,0.1,9.0
g-xTB,Competitive GAD,0.1,10.0
g-xTB,Competitive GAD,0.1,10.0
g-xTB,Competitive GAD,0.1,10.0
g-xTB,Competitive GAD,0.1,10.0
g-xTB,Competitive GAD,0.1,10.0
g-xTB,Competitive GAD,0.1,10.0
g-xTB,Competitive GAD,0.1,10.0
g-xTB,Competitive GAD,0.1,10.0
g-xTB,Competitive GAD,0.1,10.0
g-xTB,Competitive GAD,0.1,10.0
g-xTB,Competitive GAD,0.1,10.0
g-xTB,Competitive GAD,0.1,10.0
g-xTB,Competitive GAD,0.1,10.0
g-xTB,Competitive GAD,0.1,10.0
g-xTB,Competitive GAD,0.1,10.0
g-xTB,Competitive GAD,0.1,10.0
g-xTB,Competitive GAD,0.1,10.0
g-xTB,Competitive GAD,0.1,10.0
g-xTB,Competitive GAD,0.1,10.0
g-xTB,Competitive GAD,0.1,10.0
g-xTB,Competitive GAD,0.1,10.0
g-xTB,Competitive GAD,0.1,11.0
g-xTB,Competitive GAD,0.1,11.0
g-xTB,Competitive GAD,0.1,11.0
g-xTB,Competitive GAD,0.1,11.0
g-xTB,Competitive GAD,0.1,11.0
g-xTB,Competitive GAD,0.1,11.0
g-xTB,Competitive GAD,0.1,11.0
g-xTB,Competitive GAD,0.1,11.0
g-xTB,Competitive GAD,0.1,11.0
g-xTB,Competitive GAD,0.1,11.0
g-xTB,Competitive GAD,0.1,11.0
g-xTB,Competitive GAD,0.1,11.0
g-xTB,Competitive GAD,0.1,11.0
g-xTB,Competitive GAD,0.1,11.0
g-xTB,Competitive GAD,0.1,11.0
g-xTB,Competitive GAD,0.1,11.0
g-xTB,Competitive GAD,0.1,11.0
g-xTB,Competitive GAD,0.1,11.0
g-xTB,Competitive GAD,0.1,11.0
g-xTB,Competitive GAD,0.1,11.0
g-xTB,Competitive GAD,0.1,11.0
g-xTB,Competitive GAD,0.1,11.0
g-xTB,Competitive GAD,0.1,11.0
g-xTB,Competitive GAD,0.1,11.0
g-xTB,Competitive GAD,0.1,11.0
g-xTB,Competitive GAD,0.1,11.0
g-xTB,Competitive GAD,0.1,11.0
g-xTB,Competitive GAD,0.1,11.0
g-xTB,Competitive GAD,0.1,12.0
g-xTB,Competitive GAD,0.1,12.0
g-xTB,Competitive GAD,0.1,12.0
g-xTB,Competitive GAD,0.1,12.0
g-xTB,Competitive GAD,0.1,12.0
g-xTB,Competitive GAD,0.1,12.0
g-xTB,Competitive GAD,0.1,12.0
g-xTB,Competitive GAD,0.1,12.0
g-xTB,Competitive GAD,0.1,12.0
g-xTB,Competitive GAD,0.1,12.0
g-xTB,Competitive GAD,0.1,12.0
g-xTB,Competitive GAD,0.1,12.0
g-xTB,Competitive GAD,0.1,12.0
g-xTB,Competitive GAD,0.1,12.0
g-xTB,Competitive GAD,0.1,12.0
g-xTB,Competitive GAD,0.1,12.0
g-xTB,Competitive GAD,0.1,12.0
g-xTB,Competitive GAD,0.1,12.0
g-xTB,Competitive GAD,0.1,12.0
g-xTB,Competitive GAD,0.1,12.0
g-xTB,Competitive GAD,0.1,12.0
g-xTB,Competitive GAD,0.1,12.0
g-xTB,Competitive GAD,0.1,12.0
g-xTB,Competitive GAD,0.1,12.0
g-xTB,Competitive GAD,0.1,12.0
g-xTB,Competitive GAD,0.1,12.0
g-xTB,Competitive GAD,0.1,12.0
g-xTB,Competitive GAD,0.1,12.0
g-xTB,Competitive GAD,0.1,12.0
g-xTB,Competitive GAD,0.1,12.0
g-xTB,Competitive GAD,0.1,12.0
g-xTB,Competitive GAD,0.1,12.0
g-xTB,Competitive GAD,0.1,13.0
g-xTB,Competitive GAD,0.1,13.0
g-xTB,Competitive GAD,0.1,13.0
g-xTB,Competitive GAD,0.1,13.0
g-xTB,Competitive GAD,0.1,13.0
g-xTB,Competitive GAD,0.1,13.0
g-xTB,Competitive GAD,0.1,13.0
g-xTB,Competitive GAD,0.1,13.0
g-xTB,Competitive GAD,0.1,13.0
g-xTB,Competitive GAD,0.1,13.0
g-xTB,Competitive GAD,0.1,13.0
g-xTB,Competitive GAD,0.1,13.0
g-xTB,Competitive GAD,0.1,13.0
g-xTB,Competitive GAD,0.1,13.0
g-xTB,Competitive GAD,0.1,13.0
g-xTB,Competitive GAD,0.1,13.0
g-xTB,Competitive GAD,0.1,13.0
g-xTB,Competitive GAD,0.1,13.0
g-xTB,Competitive GAD,0.1,13.0
g-xTB,Competitive GAD,0.1,13.0
g-xTB,Competitive GAD,0.1,13.0
g-xTB,Competitive GAD,0.1,13.0
g-xTB,Competitive GAD,0.1,13.0
g-xTB,Competitive GAD,0.1,13.0
g-xTB,Competitive GAD,0.1,13.0
g-xTB,Competitive GAD,0.1,13.0
g-xTB,Competitive GAD,0.1,13.0
g-xTB,Competitive GAD,0.1,13.0
g-xTB,Competitive GAD,0.1,13.0
g-xTB,Competitive GAD,0.1,13.0
g-xTB,Competitive GAD,0.1,14.0
g-xTB,Competitive GAD,0.1,14.0
g-xTB,Competitive GAD,0.1,14.0
g-xTB,Competitive GAD,0.1,14.0
g-xTB,Competitive GAD,0.1,14.0
g-xTB,Competitive GAD,0.1,14.0
g-xTB,Competitive GAD,0.1,14.0
g-xTB,Competitive GAD,0.1,14.0
g-xTB,Competitive GAD,0.1,14.0
g-xTB,Competitive GAD,0.1,14.0
g-xTB,Competitive GAD,0.1,14.0
g-xTB,Competitive GAD,0.1,14.0
g-xTB,Competitive GAD,0.1,14.0
g-xTB,Competitive GAD,0.1,14.0
g-xTB,Competitive GAD,0.1,14.0
g-xTB,Competitive GAD,0.1,14.0
g-xTB,Competitive GAD,0.1,14.0
g-xTB,Competitive GAD,0.1,14.0
g-xTB,Competitive GAD,0.1,14.0
g-xTB,Competitive GAD,0.1,14.0
g-xTB,Competitive GAD,0.1,14.0
g-xTB,Competitive GAD,0.1,14.0
g-xTB,Competitive GAD,0.1,14.0
g-xTB,Competitive GAD,0.1,14.0
g-xTB,Competitive GAD,0.1,14.0
g-xTB,Competitive GAD,0.1,14.0
g-xTB,Competitive GAD,0.1,14.0
g-xTB,Competitive GAD,0.1,14.0
g-xTB,Competitive GAD,0.1,14.0
g-xTB,Competitive GAD,0.1,14.0
g-xTB,Competitive GAD,0.1,14.0
g-xTB,Competitive GAD,0.1,15.0
g-xTB,Competitive GAD,0.1,15.0
g-xTB,Competitive GAD,0.1,15.0
g-xTB,Competitive GAD,0.1,15.0
g-xTB,Competitive GAD,0.1,15.0
g-xTB,Competitive GAD,0.1,15.0
g-xTB,Competitive GAD,0.1,15.0
g-xTB,Competitive GAD,0.1,15.0
g-xTB,Competitive GAD,0.1,15.0
g-xTB,Competitive GAD,0.1,15.0
g-xTB,Competitive GAD,0.1,15.0
g-xTB,Competitive GAD,0.1,15.0
g-xTB,Competitive GAD,0.1,15.0
g-xTB,Competitive GAD,0.1,15.0
g-xTB,Competitive GAD,0.1,15.0
g-xTB,Competitive GAD,0.1,15.0
g-xTB,Competitive GAD,0.1,15.0
g-xTB,Competitive GAD,0.1,15.0
g-xTB,Competitive GAD,0.1,15.0
g-xTB,Competitive GAD,0.1,15.0
g-xTB,Competitive GAD,0.1,15.0
g-xTB,Competitive GAD,0.1,15.0
g-xTB,Competitive GAD,0.1,15.0
g-xTB,Competitive GAD,0.1,15.0
g-xTB,Competitive GAD,0.1,15.0
g-xTB,Competitive GAD,0.1,15.0
g-xTB,Competitive GAD,0.1,15.0
g-xTB,Competitive GAD,0.1,15.0
g-xTB,Competitive GAD,0.1,15.0
g-xTB,Competitive GAD,0.1,15.0
g-xTB,Competitive GAD,0.1,15.0
g-xTB,Competitive GAD,0.1,15.0
g-xTB,Competitive GAD,0.1,15.0
g-xTB,Competitive GAD,0.1,15.0
g-xTB,Competitive GAD,0.1,15.0
g-xTB,Competitive GAD,0.1,15.0
g-xTB,Competitive GAD,0.1,15.0
g-xTB,Competitive GAD,0.1,16.0
g-xTB,Competitive GAD,0.1,16.0
g-xTB,Competitive GAD,0.1,16.0
g-xTB,Competitive GAD,0.1,16.0
g-xTB,Competitive GAD,0.1,16.0
g-xTB,Competitive GAD,0.1,16.0
g-xTB,Competitive GAD,0.1,16.0
g-xTB,Competitive GAD,0.1,16.0
g-xTB,Competitive GAD,0.1,16.0
g-xTB,Competitive GAD,0.1,16.0
g-xTB,Competitive GAD,0.1,16.0
g-xTB,Competitive GAD,0.1,16.0
g-xTB,Competitive GAD,0.1,16.0
g-xTB,Competitive GAD,0.1,16.0
g-xTB,Competitive GAD,0.1,16.0
g-xTB,Competitive GAD,0.1,16.0
g-xTB,Competitive GAD,0.1,16.0
g-xTB,Competitive GAD,0.1,17.0
g-xTB,Competitive GAD,0.1,17.0
g-xTB,Competitive GAD,0.1,17.0
g-xTB,Competitive GAD,0.1,17.0
g-xTB,Competitive GAD,0.1,17.0
g-xTB,Competitive GAD,0.1,17.0
g-xTB,Competitive GAD,0.1,17.0
g-xTB,Competitive GAD,0.1,17.0
g-xTB,Competitive GAD,0.1,17.0
g-xTB,Competitive GAD,0.1,17.0
g-xTB,Competitive GAD,0.1,18.0
g-xTB,Competitive GAD,0.1,18.0
g-xTB,Competitive GAD,0.1,18.0
g-xTB,Competitive GAD,0.1,18.0
g-xTB,Competitive GAD,0.1,18.0
g-xTB,Competitive GAD,0.1,18.0
g-xTB,Competitive GAD,0.1,18.0
g-xTB,Competitive GAD,0.1,18.0
g-xTB,Competitive GAD,0.1,18.0
g-xTB,Competitive GAD,0.1,18.0
g-xTB,Competitive GAD,0.1,19.0
g-xTB,Competitive GAD,0.1,19.0
g-xTB,Competitive GAD,0.1,19.0
g-xTB,Competitive GAD,0.1,19.0
g-xTB,Competitive GAD,0.1,20.0
g-xTB,Competitive GAD,0.1,21.0
g-xTB,Competitive GAD,0.1,21.0
g-xTB,Competitive GAD,0.1,21.0
g-xTB,Competitive GAD,0.1,21.0
g-xTB,Competitive GAD,0.1,21.0
g-xTB,Competitive GAD,0.1,22.0
g-xTB,Competitive GAD,0.1,22.0
g-xTB,Competitive GAD,0.1,22.0
g-xTB,Competitive GAD,0.1,25.0
g-xTB,Competitive GAD,0.1,26.0
g-xTB,Competitive GAD,0.1,26.0
g-xTB,Competitive GAD,0.1,27.0
g-xTB,Competitive GAD,0.1,29.0
g-xTB,Competitive GAD,0.1,29.0
g-xTB,Competitive GAD,0.1,30.0
g-xTB,Competitive GAD,0.1,31.0
g-xTB,Competitive GAD,0.1,31.0
g-xTB,Competitive GAD,0.1,32.0
g-xTB,Competitive GAD,0.1,32.0
g-xTB,Competitive GAD,0.1,33.0
g-xTB,Competitive GAD,0.1,39.0
g-xTB,Competitive GAD,0.1,39.0
g-xTB,Competitive GAD,0.1,42.0
g-xTB,Competitive GAD,0.1,46.0
g-xTB,Competitive GAD,0.1,48.0
g-xTB,Competitive GAD,0.1,54.0
g-xTB,Competitive GAD,0.1,58.0
g-xTB,Competitive GAD,0.1,58.0
g-xTB,Competitive GAD,0.1,63.0
g-xTB,Competitive GAD,0.1,65.0
g-xTB,Competitive GAD,0.1,67.0
g-xTB,Competitive GAD,0.1,83.0
g-xTB,Competitive GAD,0.2,13.0
g-xTB,Competitive GAD,0.2,15.0
g-xTB,Competitive GAD,0.2,15.0
g-xTB,Competitive GAD,0.2,15.0
g-xTB,Competitive GAD,0.2,16.0
g-xTB,Competitive GAD,0.2,16.0
g-xTB,Competitive GAD,0.2,16.0
g-xTB,Competitive GAD,0.2,16.0
g-xTB,Competitive GAD,0.2,17.0
g-xTB,Competitive GAD,0.2,17.0
g-xTB,Competitive GAD,0.2,17.0
g-xTB,Competitive GAD,0.2,17.0
g-xTB,Competitive GAD,0.2,17.0
g-xTB,Competitive GAD,0.2,18.0
g-xTB,Competitive GAD,0.2,18.0
g-xTB,Competitive GAD,0.2,18.0
g-xTB,Competitive GAD,0.2,18.0
g-xTB,Competitive GAD,0.2,18.0
g-xTB,Competitive GAD,0.2,18.0
g-xTB,Competitive GAD,0.2,19.0
g-xTB,Competitive GAD,0.2,19.0
g-xTB,Competitive GAD,0.2,19.0
g-xTB,Competitive GAD,0.2,19.0
g-xTB,Competitive GAD,0.2,19.0
g-xTB,Competitive GAD,0.2,20.0
g-xTB,Competitive GAD,0.2,20.0
g-xTB,Competitive GAD,0.2,20.0
g-xTB,Competitive GAD,0.2,20.0
g-xTB,Competitive GAD,0.2,20.0
g-xTB,Competitive GAD,0.2,20.0
g-xTB,Competitive GAD,0.2,20.0
g-xTB,Competitive GAD,0.2,20.0
g-xTB,Competitive GAD,0.2,20.0
g-xTB,Competitive GAD,0.2,20.0
g-xTB,Competitive GAD,0.2,20.0
g-xTB,Competitive GAD,0.2,20.0
g-xTB,Competitive GAD,0.2,21.0
g-xTB,Competitive GAD,0.2,21.0
g-xTB,Competitive GAD,0.2,21.0
g-xTB,Competitive GAD,0.2,21.0
g-xTB,Competitive GAD,0.2,21.0
g-xTB,Competitive GAD,0.2,21.0
g-xTB,Competitive GAD,0.2,21.0
g-xTB,Competitive GAD,0.2,21.0
g-xTB,Competitive GAD,0.2,21.0
g-xTB,Competitive GAD,0.2,21.0
g-xTB,Competitive GAD,0.2,22.0
g-xTB,Competitive GAD,0.2,22.0
g-xTB,Competitive GAD,0.2,22.0
g-xTB,Competitive GAD,0.2,22.0
g-xTB,Competitive GAD,0.2,22.0
g-xTB,Competitive GAD,0.2,22.0
g-xTB,Competitive GAD,0.2,22.0
g-xTB,Competitive GAD,0.2,22.0
g-xTB,Competitive GAD,0.2,22.0
g-xTB,Competitive GAD,0.2,23.0
g-xTB,Competitive GAD,0.2,23.0
g-xTB,Competitive GAD,0.2,23.0
g-xTB,Competitive GAD,0.2,23.0
g-xTB,Competitive GAD,0.2,23.0
g-xTB,Competitive GAD,0.2,23.0
g-xTB,Competitive GAD,0.2,23.0
g-xTB,Competitive GAD,0.2,23.0
g-xTB,Competitive GAD,0.2,23.0
g-xTB,Competitive GAD,0.2,23.0
g-xTB,Competitive GAD,0.2,23.0
g-xTB,Competitive GAD,0.2,23.0
g-xTB,Competitive GAD,0.2,23.0
g-xTB,Competitive GAD,0.2,23.0
g-xTB,Competitive GAD,0.2,24.0
g-xTB,Competitive GAD,0.2,24.0
g-xTB,Competitive GAD,0.2,24.0
g-xTB,Competitive GAD,0.2,24.0
g-xTB,Competitive GAD,0.2,24.0
g-xTB,Competitive GAD,0.2,24.0
g-xTB,Competitive GAD,0.2,24.0
g-xTB,Competitive GAD,0.2,24.0
g-xTB,Competitive GAD,0.2,24.0
g-xTB,Competitive GAD,0.2,24.0
g-xTB,Competitive GAD,0.2,24.0
g-xTB,Competitive GAD,0.2,24.0
g-xTB,Competitive GAD,0.2,25.0
g-xTB,Competitive GAD,0.2,25.0
g-xTB,Competitive GAD,0.2,25.0
g-xTB,Competitive GAD,0.2,25.0
g-xTB,Competitive GAD,0.2,25.0
g-xTB,Competitive GAD,0.2,25.0
g-xTB,Competitive GAD,0.2,25.0
g-xTB,Competitive GAD,0.2,26.0
g-xTB,Competitive GAD,0.2,26.0
g-xTB,Competitive GAD,0.2,26.0
g-xTB,Competitive GAD,0.2,26.0
g-xTB,Competitive GAD,0.2,26.0
g-xTB,Competitive GAD,0.2,26.0
g-xTB,Competitive GAD,0.2,26.0
g-xTB,Competitive GAD,0.2,26.0
g-xTB,Competitive GAD,0.2,26.0
g-xTB,Competitive GAD,0.2,27.0
g-xTB,Competitive GAD,0.2,27.0
g-xTB,Competitive GAD,0.2,27.0
g-xTB,Competitive GAD,0.2,27.0
g-xTB,Competitive GAD,0.2,27.0
g-xTB,Competitive GAD,0.2,27.0
g-xTB,Competitive GAD,0.2,27.0
g-xTB,Competitive GAD,0.2,27.0
g-xTB,Competitive GAD,0.2,27.0
g-xTB,Competitive GAD,0.2,27.0
g-xTB,Competitive GAD,0.2,27.0
g-xTB,Competitive GAD,0.2,27.0
g-xTB,Competitive GAD,0.2,28.0
g-xTB,Competitive GAD,0.2,28.0
g-xTB,Competitive GAD,0.2,28.0
g-xTB,Competitive GAD,0.2,28.0
g-xTB,Competitive GAD,0.2,28.0
g-xTB,Competitive GAD,0.2,28.0
g-xTB,Competitive GAD,0.2,28.0
g-xTB,Competitive GAD,0.2,28.0
g-xTB,Competitive GAD,0.2,28.0
g-xTB,Competitive GAD,0.2,28.0
g-xTB,Competitive GAD,0.2,28.0
g-xTB,Competitive GAD,0.2,29.0
g-xTB,Competitive GAD,0.2,29.0
g-xTB,Competitive GAD,0.2,29.0
g-xTB,Competitive GAD,0.2,29.0
g-xTB,Competitive GAD,0.2,29.0
g-xTB,Competitive GAD,0.2,29.0
g-xTB,Competitive GAD,0.2,29.0
g-xTB,Competitive GAD,0.2,29.0
g-xTB,Competitive GAD,0.2,29.0
g-xTB,Competitive GAD,0.2,30.0
g-xTB,Competitive GAD,0.2,30.0
g-xTB,Competitive GAD,0.2,30.0
g-xTB,Competitive GAD,0.2,30.0
g-xTB,Competitive GAD,0.2,30.0
g-xTB,Competitive GAD,0.2,30.0
g-xTB,Competitive GAD,0.2,30.0
g-xTB,Competitive GAD,0.2,30.0
g-xTB,Competitive GAD,0.2,31.0
g-xTB,Competitive GAD,0.2,31.0
g-xTB,Competitive GAD,0.2,31.0
g-xTB,Competitive GAD,0.2,32.0
g-xTB,Competitive GAD,0.2,32.0
g-xTB,Competitive GAD,0.2,32.0
g-xTB,Competitive GAD,0.2,32.0
g-xTB,Competitive GAD,0.2,33.0
g-xTB,Competitive GAD,0.2,33.0
g-xTB,Competitive GAD,0.2,33.0
g-xTB,Competitive GAD,0.2,34.0
g-xTB,Competitive GAD,0.2,34.0
g-xTB,Competitive GAD,0.2,34.0
g-xTB,Competitive GAD,0.2,34.0
g-xTB,Competitive GAD,0.2,35.0
g-xTB,Competitive GAD,0.2,35.0
g-xTB,Competitive GAD,0.2,37.0
g-xTB,Competitive GAD,0.2,37.0
g-xTB,Competitive GAD,0.2,38.0
g-xTB,Competitive GAD,0.2,38.0
g-xTB,Competitive GAD,0.2,38.0
g-xTB,Competitive GAD,0.2,39.0
g-xTB,Competitive GAD,0.2,39.0
g-xTB,Competitive GAD,0.2,39.0
g-xTB,Competitive GAD,0.2,39.0
g-xTB,Competitive GAD,0.2,39.0
g-xTB,Competitive GAD,0.2,40.0
g-xTB,Competitive GAD,0.2,40.0
g-xTB,Competitive GAD,0.2,40.0
g-xTB,Competitive GAD,0.2,40.0
g-xTB,Competitive GAD,0.2,40.0
g-xTB,Competitive GAD,0.2,40.0
g-xTB,Competitive GAD,0.2,41.0
g-xTB,Competitive GAD,0.2,41.0
g-xTB,Competitive GAD,0.2,42.0
g-xTB,Competitive GAD,0.2,42.0
g-xTB,Competitive GAD,0.2,42.0
g-xTB,Competitive GAD,0.2,42.0
g-xTB,Competitive GAD,0.2,43.0
g-xTB,Competitive GAD,0.2,44.0
g-xTB,Competitive GAD,0.2,44.0
g-xTB,Competitive GAD,0.2,44.0
g-xTB,Competitive GAD,0.2,45.0
g-xTB,Competitive GAD,0.2,45.0
g-xTB,Competitive GAD,0.2,45.0
g-xTB,Competitive GAD,0.2,46.0
g-xTB,Competitive GAD,0.2,47.0
g-xTB,Competitive GAD,0.2,47.0
g-xTB,Competitive GAD,0.2,47.0
g-xTB,Competitive GAD,0.2,47.0
g-xTB,Competitive GAD,0.2,48.0
g-xTB,Competitive GAD,0.2,49.0
g-xTB,Competitive GAD,0.2,49.0
g-xTB,Competitive GAD,0.2,49.0
g-xTB,Competitive GAD,0.2,49.0
g-xTB,Competitive GAD,0.2,50.0
g-xTB,Competitive GAD,0.2,51.0
g-xTB,Competitive GAD,0.2,51.0
g-xTB,Competitive GAD,0.2,52.0
g-xTB,Competitive GAD,0.2,52.0
g-xTB,Competitive GAD,0.2,53.0
g-xTB,Competitive GAD,0.2,53.0
g-xTB,Competitive GAD,0.2,54.0
g-xTB,Competitive GAD,0.2,54.0
g-xTB,Competitive GAD,0.2,55.0
g-xTB,Competitive GAD,0.2,56.0
g-xTB,Competitive GAD,0.2,56.0
g-xTB,Competitive GAD,0.2,58.0
g-xTB,Competitive GAD,0.2,59.0
g-xTB,Competitive GAD,0.2,60.0
g-xTB,Competitive GAD,0.2,60.0
g-xTB,Competitive GAD,0.2,60.0
g-xTB,Competitive GAD,0.2,61.0
g-xTB,Competitive GAD,0.2,61.0
g-xTB,Competitive GAD,0.2,61.0
g-xTB,Competitive GAD,0.2,64.0
g-xTB,Competitive GAD,0.2,65.0
g-xTB,Competitive GAD,0.2,68.0
g-xTB,Competitive GAD,0.2,69.0
g-xTB,Competitive GAD,0.2,70.0
g-xTB,Competitive GAD,0.2,70.0
g-xTB,Competitive GAD,0.2,71.0
g-xTB,Competitive GAD,0.2,71.0
g-xTB,Competitive GAD,0.2,72.0
g-xTB,Competitive GAD,0.2,75.0
g-xTB,Competitive GAD,0.2,78.0
g-xTB,Competitive GAD,0.2,78.0
g-xTB,Competitive GAD,0.2,79.0
g-xTB,Competitive GAD,0.2,80.0
g-xTB,Competitive GAD,0.2,82.0
g-xTB,Competitive GAD,0.2,87.0
g-xTB,Competitive GAD,0.2,92.0
g-xTB,Competitive GAD,0.2,100.0
g-xTB,Competitive GAD,0.2,107.0
g-xTB,Competitive GAD,0.2,110.0
g-xTB,Competitive GAD,0.2,118.0
g-xTB,Competitive GAD,0.2,130.0
g-xTB,Competitive GAD,0.2,132.0
g-xTB,Competitive GAD,0.2,151.0
g-xTB,Competitive GAD,0.5,32.0
g-xTB,Competitive GAD,0.5,37.0
g-xTB,Competitive GAD,0.5,39.0
g-xTB,Competitive GAD,0.5,42.0
g-xTB,Competitive GAD,0.5,43.0
g-xTB,Competitive GAD,0.5,44.0
g-xTB,Competitive GAD,0.5,46.0
g-xTB,Competitive GAD,0.5,46.0
g-xTB,Competitive GAD,0.5,47.0
g-xTB,Competitive GAD,0.5,48.0
g-xTB,Competitive GAD,0.5,48.0
g-xTB,Competitive GAD,0.5,49.0
g-xTB,Competitive GAD,0.5,49.0
g-xTB,Competitive GAD,0.5,50.0
g-xTB,Competitive GAD,0.5,51.0
g-xTB,Competitive GAD,0.5,51.0
g-xTB,Competitive GAD,0.5,51.0
g-xTB,Competitive GAD,0.5,52.0
g-xTB,Competitive GAD,0.5,52.0
g-xTB,Competitive GAD,0.5,54.0
g-xTB,Competitive GAD,0.5,54.0
g-xTB,Competitive GAD,0.5,54.0
g-xTB,Competitive GAD,0.5,55.0
g-xTB,Competitive GAD,0.5,55.0
g-xTB,Competitive GAD,0.5,55.0
g-xTB,Competitive GAD,0.5,55.0
g-xTB,Competitive GAD,0.5,56.0
g-xTB,Competitive GAD,0.5,56.0
g-xTB,Competitive GAD,0.5,56.0
g-xTB,Competitive GAD,0.5,57.0
g-xTB,Competitive GAD,0.5,57.0
g-xTB,Competitive GAD,0.5,57.0
g-xTB,Competitive GAD,0.5,58.0
g-xTB,Competitive GAD,0.5,58.0
g-xTB,Competitive GAD,0.5,58.0
g-xTB,Competitive GAD,0.5,58.0
g-xTB,Competitive GAD,0.5,58.0
g-xTB,Competitive GAD,0.5,59.0
g-xTB,Competitive GAD,0.5,59.0
g-xTB,Competitive GAD,0.5,59.0
g-xTB,Competitive GAD,0.5,59.0
g-xTB,Competitive GAD,0.5,59.0
g-xTB,Competitive GAD,0.5,59.0
g-xTB,Competitive GAD,0.5,59.0
g-xTB,Competitive GAD,0.5,59.0
g-xTB,Competitive GAD,0.5,60.0
g-xTB,Competitive GAD,0.5,60.0
g-xTB,Competitive GAD,0.5,60.0
g-xTB,Competitive GAD,0.5,60.0
g-xTB,Competitive GAD,0.5,61.0
g-xTB,Competitive GAD,0.5,61.0
g-xTB,Competitive GAD,0.5,61.0
g-xTB,Competitive GAD,0.5,61.0
g-xTB,Competitive GAD,0.5,62.0
g-xTB,Competitive GAD,0.5,62.0
g-xTB,Competitive GAD,0.5,63.0
g-xTB,Competitive GAD,0.5,63.0
g-xTB,Competitive GAD,0.5,64.0
g-xTB,Competitive GAD,0.5,64.0
g-xTB,Competitive GAD,0.5,65.0
g-xTB,Competitive GAD,0.5,65.0
g-xTB,Competitive GAD,0.5,65.0
g-xTB,Competitive GAD,0.5,65.0
g-xTB,Competitive GAD,0.5,66.0
g-xTB,Competitive GAD,0.5,66.0
g-xTB,Competitive GAD,0.5,67.0
g-xTB,Competitive GAD,0.5,67.0
g-xTB,Competitive GAD,0.5,68.0
g-xTB,Competitive GAD,0.5,68.0
g-xTB,Competitive GAD,0.5,68.0
g-xTB,Competitive GAD,0.5,68.0
g-xTB,Competitive GAD,0.5,68.0
g-xTB,Competitive GAD,0.5,68.0
g-xTB,Competitive GAD,0.5,68.0
g-xTB,Competitive GAD,0.5,69.0
g-xTB,Competitive GAD,0.5,69.0
g-xTB,Competitive GAD,0.5,69.0
g-xTB,Competitive GAD,0.5,69.0
g-xTB,Competitive GAD,0.5,69.0
g-xTB,Competitive GAD,0.5,69.0
g-xTB,Competitive GAD,0.5,70.0
g-xTB,Competitive GAD,0.5,70.0
g-xTB,Competitive GAD,0.5,70.0
g-xTB,Competitive GAD,0.5,71.0
g-xTB,Competitive GAD,0.5,71.0
g-xTB,Competitive GAD,0.5,71.0
g-xTB,Competitive GAD,0.5,72.0
g-xTB,Competitive GAD,0.5,72.0
g-xTB,Competitive GAD,0.5,72.0
g-xTB,Competitive GAD,0.5,72.0
g-xTB,Competitive GAD,0.5,72.0
g-xTB,Competitive GAD,0.5,73.0
g-xTB,Competitive GAD,0.5,73.0
g-xTB,Competitive GAD,0.5,73.0
g-xTB,Competitive GAD,0.5,73.0
g-xTB,Competitive GAD,0.5,74.0
g-xTB,Competitive GAD,0.5,74.0
g-xTB,Competitive GAD,0.5,75.0
g-xTB,Competitive GAD,0.5,75.0
g-xTB,Competitive GAD,0.5,75.0
g-xTB,Competitive GAD,0.5,75.0
g-xTB,Competitive GAD,0.5,76.0
g-xTB,Competitive GAD,0.5,76.0
g-xTB,Competitive GAD,0.5,77.0
g-xTB,Competitive GAD,0.5,77.0
g-xTB,Competitive GAD,0.5,77.0
g-xTB,Competitive GAD,0.5,77.0
g-xTB,Competitive GAD,0.5,77.0
g-xTB,Competitive GAD,0.5,77.0
g-xTB,Competitive GAD,0.5,77.0
g-xTB,Competitive GAD,0.5,78.0
g-xTB,Competitive GAD,0.5,78.0
g-xTB,Competitive GAD,0.5,78.0
g-xTB,Competitive GAD,0.5,79.0
g-xTB,Competitive GAD,0.5,79.0
g-xTB,Competitive GAD,0.5,80.0
g-xTB,Competitive GAD,0.5,80.0
g-xTB,Competitive GAD,0.5,80.0
g-xTB,Competitive GAD,0.5,80.0
g-xTB,Competitive GAD,0.5,80.0
g-xTB,Competitive GAD,0.5,81.0
g-xTB,Competitive GAD,0.5,81.0
g-xTB,Competitive GAD,0.5,82.0
g-xTB,Competitive GAD,0.5,82.0
g-xTB,Competitive GAD,0.5,82.0
g-xTB,Competitive GAD,0.5,82.0
g-xTB,Competitive GAD,0.5,82.0
g-xTB,Competitive GAD,0.5,83.0
g-xTB,Competitive GAD,0.5,83.0
g-xTB,Competitive GAD,0.5,84.0
g-xTB,Competitive GAD,0.5,84.0
g-xTB,Competitive GAD,0.5,84.0
g-xTB,Competitive GAD,0.5,84.0
g-xTB,Competitive GAD,0.5,84.0
g-xTB,Competitive GAD,0.5,85.0
g-xTB,Competitive GAD,0.5,85.0
g-xTB,Competitive GAD,0.5,85.0
g-xTB,Competitive GAD,0.5,87.0
g-xTB,Competitive GAD,0.5,88.0
g-xTB,Competitive GAD,0.5,88.0
g-xTB,Competitive GAD,0.5,88.0
g-xTB,Competitive GAD,0.5,88.0
g-xTB,Competitive GAD,0.5,89.0
g-xTB,Competitive GAD,0.5,91.0
g-xTB,Competitive GAD,0.5,93.0
g-xTB,Competitive GAD,0.5,93.0
g-xTB,Competitive GAD,0.5,94.0
g-xTB,Competitive GAD,0.5,94.0
g-xTB,Competitive GAD,0.5,94.0
g-xTB,Competitive GAD,0.5,94.0
g-xTB,Competitive GAD,0.5,94.0
g-xTB,Competitive GAD,0.5,96.0
g-xTB,Competitive GAD,0.5,96.0
g-xTB,Competitive GAD,0.5,96.0
g-xTB,Competitive GAD,0.5,97.0
g-xTB,Competitive GAD,0.5,97.0
g-xTB,Competitive GAD,0.5,97.0
g-xTB,Competitive GAD,0.5,97.0
g-xTB,Competitive GAD,0.5,97.0
g-xTB,Competitive GAD,0.5,97.0
g-xTB,Competitive GAD,0.5,98.0
g-xTB,Competitive GAD,0.5,98.0
g-xTB,Competitive GAD,0.5,99.0
g-xTB,Competitive GAD,0.5,100.0
g-xTB,Competitive GAD,0.5,101.0
g-xTB,Competitive GAD,0.5,104.0
g-xTB,Competitive GAD,0.5,106.0
g-xTB,Competitive GAD,0.5,107.0
g-xTB,Competitive GAD,0.5,107.0
g-xTB,Competitive GAD,0.5,109.0
g-xTB,Competitive GAD,0.5,110.0
g-xTB,Competitive GAD,0.5,111.0
g-xTB,Competitive GAD,0.5,112.0
g-xTB,Competitive GAD,0.5,112.0
g-xTB,Competitive GAD,0.5,112.0
g-xTB,Competitive GAD,0.5,112.0
g-xTB,Competitive GAD,0.5,112.0
g-xTB,Competitive GAD,0.5,113.0
g-xTB,Competitive GAD,0.5,113.0
g-xTB,Competitive GAD,0.5,115.0
g-xTB,Competitive GAD,0.5,115.0
g-xTB,Competitive GAD,0.5,116.0
g-xTB,Competitive GAD,0.5,119.0
g-xTB,Competitive GAD,0.5,123.0
g-xTB,Competitive GAD,0.5,123.0
g-xTB,Competitive GAD,0.5,124.0
g-xTB,Competitive GAD,0.5,125.0
g-xTB,Competitive GAD,0.5,126.0
g-xTB,Competitive GAD,0.5,126.0
g-xTB,Competitive GAD,0.5,126.0
g-xTB,Competitive GAD,0.5,129.0
g-xTB,Competitive GAD,0.5,129.0
g-xTB,Competitive GAD,0.5,129.0
g-xTB,Competitive GAD,0.5,137.0
g-xTB,Competitive GAD,0.5,147.0
g-xTB,Competitive GAD,0.5,148.0
g-xTB,Competitive GAD,0.5,159.0
g-xTB,Competitive GAD,0.5,162.0
g-xTB,Competitive GAD,0.5,167.0
g-xTB,Competitive GAD,0.5,198.0
g-xTB,Competitive GAD,0.5,201.0
g-xTB,Competitive GAD,0.5,220.0
g-xTB,Competitive GAD,0.5,268.0
g-xTB,Competitive GAD,0.5,1771.0
g-xTB,Competitive GAD,1.0,42.0
g-xTB,Competitive GAD,1.0,53.0
g-xTB,Competitive GAD,1.0,54.0
g-xTB,Competitive GAD,1.0,56.0
g-xTB,Competitive GAD,1.0,57.0
g-xTB,Competitive GAD,1.0,57.0
g-xTB,Competitive GAD,1.0,59.0
g-xTB,Competitive GAD,1.0,59.0
g-xTB,Competitive GAD,1.0,63.0
g-xTB,Competitive GAD,1.0,67.0
g-xTB,Competitive GAD,1.0,68.0
g-xTB,Competitive GAD,1.0,68.0
g-xTB,Competitive GAD,1.0,70.0
g-xTB,Competitive GAD,1.0,78.0
g-xTB,Competitive GAD,1.0,78.0
g-xTB,Competitive GAD,1.0,79.0
g-xTB,Competitive GAD,1.0,81.0
g-xTB,Competitive GAD,1.0,83.0
g-xTB,Competitive GAD,1.0,83.0
g-xTB,Competitive GAD,1.0,84.0
g-xTB,Competitive GAD,1.0,85.0
g-xTB,Competitive GAD,1.0,85.0
g-xTB,Competitive GAD,1.0,86.0
g-xTB,Competitive GAD,1.0,86.0
g-xTB,Competitive GAD,1.0,87.0
g-xTB,Competitive GAD,1.0,87.0
g-xTB,Competitive GAD,1.0,89.0
g-xTB,Competitive GAD,1.0,90.0
g-xTB,Competitive GAD,1.0,91.0
g-xTB,Competitive GAD,1.0,91.0
g-xTB,Competitive GAD,1.0,91.0
g-xTB,Competitive GAD,1.0,92.0
g-xTB,Competitive GAD,1.0,92.0
g-xTB,Competitive GAD,1.0,92.0
g-xTB,Competitive GAD,1.0,93.0
g-xTB,Competitive GAD,1.0,93.0
g-xTB,Competitive GAD,1.0,94.0
g-xTB,Competitive GAD,1.0,95.0
g-xTB,Competitive GAD,1.0,98.0
g-xTB,Competitive GAD,1.0,98.0
g-xTB,Competitive GAD,1.0,99.0
g-xTB,Competitive GAD,1.0,100.0
g-xTB,Competitive GAD,1.0,100.0
g-xTB,Competitive GAD,1.0,100.0
g-xTB,Competitive GAD,1.0,102.0
g-xTB,Competitive GAD,1.0,102.0
g-xTB,Competitive GAD,1.0,102.0
g-xTB,Competitive GAD,1.0,102.0
g-xTB,Competitive GAD,1.0,104.0
g-xTB,Competitive GAD,1.0,105.0
g-xTB,Competitive GAD,1.0,105.0
g-xTB,Competitive GAD,1.0,107.0
g-xTB,Competitive GAD,1.0,108.0
g-xTB,Competitive GAD,1.0,109.0
g-xTB,Competitive GAD,1.0,109.0
g-xTB,Competitive GAD,1.0,110.0
g-xTB,Competitive GAD,1.0,112.0
g-xTB,Competitive GAD,1.0,114.0
g-xTB,Competitive GAD,1.0,115.0
g-xTB,Competitive GAD,1.0,116.0
g-xTB,Competitive GAD,1.0,116.0
g-xTB,Competitive GAD,1.0,119.0
g-xTB,Competitive GAD,1.0,120.0
g-xTB,Competitive GAD,1.0,120.0
g-xTB,Competitive GAD,1.0,121.0
g-xTB,Competitive GAD,1.0,125.0
g-xTB,Competitive GAD,1.0,129.0
g-xTB,Competitive GAD,1.0,132.0
g-xTB,Competitive GAD,1.0,133.0
g-xTB,Competitive GAD,1.0,135.0
g-xTB,Competitive GAD,1.0,135.0
g-xTB,Competitive GAD,1.0,137.0
g-xTB,Competitive GAD,1.0,138.0
g-xTB,Competitive GAD,1.0,139.0
g-xTB,Competitive GAD,1.0,139.0
g-xTB,Competitive GAD,1.0,140.0
g-xTB,Competitive GAD,1.0,141.0
g-xTB,Competitive GAD,1.0,144.0
g-xTB,Competitive GAD,1.0,145.0
g-xTB,Competitive GAD,1.0,147.0
g-xTB,Competitive GAD,1.0,149.0
g-xTB,Competitive GAD,1.0,151.0
g-xTB,Competitive GAD,1.0,154.0
g-xTB,Competitive GAD,1.0,157.0
g-xTB,Competitive GAD,1.0,158.0
g-xTB,Competitive GAD,1.0,160.0
g-xTB,Competitive GAD,1.0,162.0
g-xTB,Competitive GAD,1.0,163.0
g-xTB,Competitive GAD,1.0,163.0
g-xTB,Competitive GAD,1.0,168.0
g-xTB,Competitive GAD,1.0,169.0
g-xTB,Competitive GAD,1.0,169.0
g-xTB,Competitive GAD,1.0,172.0
g-xTB,Competitive GAD,1.0,176.0
g-xTB,Competitive GAD,1.0,177.0
g-xTB,Competitive GAD,1.0,178.0
g-xTB,Competitive GAD,1.0,188.0
g-xTB,Competitive GAD,1.0,201.0
g-xTB,Competitive GAD,1.0,210.0
g-xTB,Competitive GAD,1.0,219.0
g-xTB,Competitive GAD,1.0,220.0
g-xTB,Competitive GAD,1.0,266.0
g-xTB,Competitive GAD,1.0,778.0
g-xTB,Competitive GAD,1.0,908.0
g-xTB,Competitive GAD,1.0,1624.0
g-xTB,Competitive GAD,2.0,136.0
g-xTB,Competitive GAD,2.0,167.0
g-xTB,Competitive GAD,2.0,171.0
g-xTB,Competitive GAD,2.0,203.0
g-xTB,Competitive GAD,2.0,228.0
g-xTB,Competitive GAD,2.0,289.0
g-xTB,Competitive GAD,2.0,398.0
g-xTB,Competitive GAD,2.0,847.0
g-xTB,Regular GAD,0.1,161.0
g-xTB,Regular GAD,0.1,188.0
g-xTB,Regular GAD,0.1,199.0
g-xTB,Regular GAD,0.1,207.0
g-xTB,Regular GAD,0.1,214.0
g-xTB,Regular GAD,0.1,216.0
g-xTB,Regular GAD,0.1,224.0
g-xTB,Regular GAD,0.1,226.0
g-xTB,Regular GAD,0.1,226.0
g-xTB,Regular GAD,0.1,229.0
g-xTB,Regular GAD,0.1,234.0
g-xTB,Regular GAD,0.1,243.0
g-xTB,Regular GAD,0.1,247.0
g-xTB,Regular GAD,0.1,253.0
g-xTB,Regular GAD,0.1,267.0
g-xTB,Regular GAD,0.1,272.0
g-xTB,Regular GAD,0.1,273.0
g-xTB,Regular GAD,0.1,274.0
g-xTB,Regular GAD,0.1,274.0
g-xTB,Regular GAD,0.1,275.0
g-xTB,Regular GAD,0.1,275.0
g-xTB,Regular GAD,0.1,279.0
g-xTB,Regular GAD,0.1,281.0
g-xTB,Regular GAD,0.1,284.0
g-xTB,Regular GAD,0.1,284.0
g-xTB,Regular GAD,0.1,286.0
g-xTB,Regular GAD,0.1,286.0
g-xTB,Regular GAD,0.1,287.0
g-xTB,Regular GAD,0.1,288.0
g-xTB,Regular GAD,0.1,289.0
g-xTB,Regular GAD,0.1,293.0
g-xTB,Regular GAD,0.1,295.0
g-xTB,Regular GAD,0.1,299.0
g-xTB,Regular GAD,0.1,299.0
g-xTB,Regular GAD,0.1,300.0
g-xTB,Regular GAD,0.2,282.0
g-xTB,Regular GAD,0.2,283.0
g-xTB,Regular GAD,0.5,351.0
g-xTB,Regular GAD,0.5,603.0
g-xTB,Regular GAD,0.5,618.0
g-xTB,Regular GAD,0.5,628.0
g-xTB,Regular GAD,0.5,683.0
g-xTB,Regular GAD,0.5,753.0
g-xTB,Regular GAD,0.5,803.0
g-xTB,Regular GAD,0.5,884.0
g-xTB,Regular GAD,0.5,973.0
g-xTB,Regular GAD,0.5,985.0
g-xTB,Regular GAD,0.5,1015.0
g-xTB,Regular GAD,0.5,1015.0
g-xTB,Regular GAD,0.5,1150.0
g-xTB,Regular GAD,0.5,1364.0
g-xTB,Regular GAD,0.5,1381.0
g-xTB,Regular GAD,0.5,1512.0
g-xTB,Regular GAD,0.5,1525.0
g-xTB,Regular GAD,0.5,1606.0
g-xTB,Regular GAD,0.5,1720.0
g-xTB,Regular GAD,0.5,1829.0
g-xTB,Regular GAD,0.5,1839.0
g-xTB,Regular GAD,0.5,1873.0
g-xTB,Regular GAD,0.5,1912.0
g-xTB,Regular GAD,1.0,1220.0
g-xTB,Regular GAD,1.0,1605.0
g-xTB,Regular GAD,1.0,1770.0
g-xTB,Regular GAD,2.0,1889.0
g-xTB,Sella,0.1,3.0
g-xTB,Sella,0.1,4.0
g-xTB,Sella,0.1,4.0
g-xTB,Sella,0.1,4.0
g-xTB,Sella,0.1,4.0
g-xTB,Sella,0.1,4.0
g-xTB,Sella,0.1,4.0
g-xTB,Sella,0.1,4.0
g-xTB,Sella,0.1,4.0
g-xTB,Sella,0.1,4.0
g-xTB,Sella,0.1,4.0
g-xTB,Sella,0.1,4.0
g-xTB,Sella,0.1,4.0
g-xTB,Sella,0.1,4.0
g-xTB,Sella,0.1,4.0
g-xTB,Sella,0.1,4.0
g-xTB,Sella,0.1,4.0
g-xTB,Sella,0.1,4.0
g-xTB,Sella,0.1,4.0
g-xTB,Sella,0.1,4.0
g-xTB,Sella,0.1,4.0
g-xTB,Sella,0.1,4.0
g-xTB,Sella,0.1,4.0
g-xTB,Sella,0.1,4.0
g-xTB,Sella,0.1,4.0
g-xTB,Sella,0.1,4.0
g-xTB,Sella,0.1,4.0
g-xTB,Sella,0.1,4.0
g-xTB,Sella,0.1,4.0
g-xTB,Sella,0.1,4.0
g-xTB,Sella,0.1,4.0
g-xTB,Sella,0.1,5.0
g-xTB,Sella,0.1,5.0
g-xTB,Sella,0.1,5.0
g-xTB,Sella,0.1,5.0
g-xTB,Sella,0.1,5.0
g-xTB,Sella,0.1,5.0
g-xTB,Sella,0.1,5.0
g-xTB,Sella,0.1,5.0
g-xTB,Sella,0.1,5.0
g-xTB,Sella,0.1,5.0
g-xTB,Sella,0.1,5.0
g-xTB,Sella,0.1,5.0
g-xTB,Sella,0.1,5.0
g-xTB,Sella,0.1,5.0
g-xTB,Sella,0.1,5.0
g-xTB,Sella,0.1,5.0
g-xTB,Sella,0.1,5.0
g-xTB,Sella,0.1,5.0
g-xTB,Sella,0.1,5.0
g-xTB,Sella,0.1,5.0
g-xTB,Sella,0.1,5.0
g-xTB,Sella,0.1,5.0
g-xTB,Sella,0.1,5.0
g-xTB,Sella,0.1,5.0
g-xTB,Sella,0.1,5.0
g-xTB,Sella,0.1,5.0
g-xTB,Sella,0.1,5.0
g-xTB,Sella,0.1,5.0
g-xTB,Sella,0.1,5.0
g-xTB,Sella,0.1,5.0
g-xTB,Sella,0.1,5.0
g-xTB,Sella,0.1,5.0
g-xTB,Sella,0.1,5.0
g-xTB,Sella,0.1,5.0
g-xTB,Sella,0.1,5.0
g-xTB,Sella,0.1,5.0
g-xTB,Sella,0.1,5.0
g-xTB,Sella,0.1,5.0
g-xTB,Sella,0.1,5.0
g-xTB,Sella,0.1,5.0
g-xTB,Sella,0.1,5.0
g-xTB,Sella,0.1,5.0
g-xTB,Sella,0.1,5.0
g-xTB,Sella,0.1,5.0
g-xTB,Sella,0.1,5.0
g-xTB,Sella,0.1,5.0
g-xTB,Sella,0.1,5.0
g-xTB,Sella,0.1,5.0
g-xTB,Sella,0.1,5.0
g-xTB,Sella,0.1,5.0
g-xTB,Sella,0.1,5.0
g-xTB,Sella,0.1,5.0
g-xTB,Sella,0.1,5.0
g-xTB,Sella,0.1,5.0
g-xTB,Sella,0.1,5.0
g-xTB,Sella,0.1,5.0
g-xTB,Sella,0.1,5.0
g-xTB,Sella,0.1,5.0
g-xTB,Sella,0.1,5.0
g-xTB,Sella,0.1,5.0
g-xTB,Sella,0.1,5.0
g-xTB,Sella,0.1,5.0
g-xTB,Sella,0.1,5.0
g-xTB,Sella,0.1,5.0
g-xTB,Sella,0.1,5.0
g-xTB,Sella,0.1,5.0
g-xTB,Sella,0.1,5.0
g-xTB,Sella,0.1,5.0
g-xTB,Sella,0.1,5.0
g-xTB,Sella,0.1,5.0
g-xTB,Sella,0.1,5.0
g-xTB,Sella,0.1,5.0
g-xTB,Sella,0.1,5.0
g-xTB,Sella,0.1,5.0
g-xTB,Sella,0.1,5.0
g-xTB,Sella,0.1,5.0
g-xTB,Sella,0.1,5.0
g-xTB,Sella,0.1,5.0
g-xTB,Sella,0.1,5.0
g-xTB,Sella,0.1,5.0
g-xTB,Sella,0.1,5.0
g-xTB,Sella,0.1,5.0
g-xTB,Sella,0.1,5.0
g-xTB,Sella,0.1,5.0
g-xTB,Sella,0.1,5.0
g-xTB,Sella,0.1,5.0
g-xTB,Sella,0.1,5.0
g-xTB,Sella,0.1,5.0
g-xTB,Sella,0.1,5.0
g-xTB,Sella,0.1,5.0
g-xTB,Sella,0.1,5.0
g-xTB,Sella,0.1,5.0
g-xTB,Sella,0.1,5.0
g-xTB,Sella,0.1,5.0
g-xTB,Sella,0.1,6.0
g-xTB,Sella,0.1,6.0
g-xTB,Sella,0.1,6.0
g-xTB,Sella,0.1,6.0
g-xTB,Sella,0.1,6.0
g-xTB,Sella,0.1,6.0
g-xTB,Sella,0.1,6.0
g-xTB,Sella,0.1,6.0
g-xTB,Sella,0.1,6.0
g-xTB,Sella,0.1,6.0
g-xTB,Sella,0.1,6.0
g-xTB,Sella,0.1,6.0
g-xTB,Sella,0.1,6.0
g-xTB,Sella,0.1,6.0
g-xTB,Sella,0.1,6.0
g-xTB,Sella,0.1,6.0
g-xTB,Sella,0.1,6.0
g-xTB,Sella,0.1,6.0
g-xTB,Sella,0.1,6.0
g-xTB,Sella,0.1,6.0
g-xTB,Sella,0.1,6.0
g-xTB,Sella,0.1,6.0
g-xTB,Sella,0.1,6.0
g-xTB,Sella,0.1,6.0
g-xTB,Sella,0.1,6.0
g-xTB,Sella,0.1,6.0
g-xTB,Sella,0.1,6.0
g-xTB,Sella,0.1,6.0
g-xTB,Sella,0.1,6.0
g-xTB,Sella,0.1,6.0
g-xTB,Sella,0.1,6.0
g-xTB,Sella,0.1,6.0
g-xTB,Sella,0.1,6.0
g-xTB,Sella,0.1,6.0
g-xTB,Sella,0.1,6.0
g-xTB,Sella,0.1,6.0
g-xTB,Sella,0.1,6.0
g-xTB,Sella,0.1,6.0
g-xTB,Sella,0.1,6.0
g-xTB,Sella,0.1,6.0
g-xTB,Sella,0.1,6.0
g-xTB,Sella,0.1,6.0
g-xTB,Sella,0.1,6.0
g-xTB,Sella,0.1,6.0
g-xTB,Sella,0.1,6.0
g-xTB,Sella,0.1,6.0
g-xTB,Sella,0.1,6.0
g-xTB,Sella,0.1,6.0
g-xTB,Sella,0.1,6.0
g-xTB,Sella,0.1,7.0
g-xTB,Sella,0.1,7.0
g-xTB,Sella,0.1,7.0
g-xTB,Sella,0.1,7.0
g-xTB,Sella,0.1,7.0
g-xTB,Sella,0.1,7.0
g-xTB,Sella,0.1,7.0
g-xTB,Sella,0.1,7.0
g-xTB,Sella,0.1,7.0
g-xTB,Sella,0.1,7.0
g-xTB,Sella,0.1,7.0
g-xTB,Sella,0.1,7.0
g-xTB,Sella,0.1,7.0
g-xTB,Sella,0.1,7.0
g-xTB,Sella,0.1,7.0
g-xTB,Sella,0.1,7.0
g-xTB,Sella,0.1,7.0
g-xTB,Sella,0.1,7.0
g-xTB,Sella,0.1,7.0
g-xTB,Sella,0.1,7.0
g-xTB,Sella,0.1,7.0
g-xTB,Sella,0.1,7.0
g-xTB,Sella,0.1,7.0
g-xTB,Sella,0.1,7.0
g-xTB,Sella,0.1,7.0
g-xTB,Sella,0.1,8.0
g-xTB,Sella,0.1,8.0
g-xTB,Sella,0.1,8.0
g-xTB,Sella,0.1,8.0
g-xTB,Sella,0.1,8.0
g-xTB,Sella,0.1,8.0
g-xTB,Sella,0.1,8.0
g-xTB,Sella,0.1,8.0
g-xTB,Sella,0.1,8.0
g-xTB,Sella,0.1,8.0
g-xTB,Sella,0.1,8.0
g-xTB,Sella,0.1,9.0
g-xTB,Sella,0.1,9.0
g-xTB,Sella,0.1,9.0
g-xTB,Sella,0.1,9.0
g-xTB,Sella,0.1,9.0
g-xTB,Sella,0.1,9.0
g-xTB,Sella,0.1,9.0
g-xTB,Sella,0.1,10.0
g-xTB,Sella,0.1,10.0
g-xTB,Sella,0.1,10.0
g-xTB,Sella,0.1,10.0
g-xTB,Sella,0.1,10.0
g-xTB,Sella,0.1,10.0
g-xTB,Sella,0.1,10.0
g-xTB,Sella,0.1,11.0
g-xTB,Sella,0.1,11.0
g-xTB,Sella,0.1,11.0
g-xTB,Sella,0.1,11.0
g-xTB,Sella,0.1,12.0
g-xTB,Sella,0.1,12.0
g-xTB,Sella,0.1,12.0
g-xTB,Sella,0.1,12.0
g-xTB,Sella,0.1,12.0
g-xTB,Sella,0.1,12.0
g-xTB,Sella,0.1,12.0
g-xTB,Sella,0.1,12.0
g-xTB,Sella,0.1,13.0
g-xTB,Sella,0.1,13.0
g-xTB,Sella,0.1,13.0
g-xTB,Sella,0.1,14.0
g-xTB,Sella,0.1,14.0
g-xTB,Sella,0.1,14.0
g-xTB,Sella,0.1,15.0
g-xTB,Sella,0.1,15.0
g-xTB,Sella,0.1,15.0
g-xTB,Sella,0.1,15.0
g-xTB,Sella,0.1,16.0
g-xTB,Sella,0.1,17.0
g-xTB,Sella,0.1,17.0
g-xTB,Sella,0.1,17.0
g-xTB,Sella,0.1,17.0
g-xTB,Sella,0.1,18.0
g-xTB,Sella,0.1,18.0
g-xTB,Sella,0.1,18.0
g-xTB,Sella,0.1,18.0
g-xTB,Sella,0.1,18.0
g-xTB,Sella,0.1,18.0
g-xTB,Sella,0.1,18.0
g-xTB,Sella,0.1,19.0
g-xTB,Sella,0.1,21.0
g-xTB,Sella,0.1,22.0
g-xTB,Sella,0.1,22.0
g-xTB,Sella,0.1,22.0
g-xTB,Sella,0.1,23.0
g-xTB,Sella,0.1,24.0
g-xTB,Sella,0.1,24.0
g-xTB,Sella,0.1,25.0
g-xTB,Sella,0.1,25.0
g-xTB,Sella,0.1,25.0
g-xTB,Sella,0.1,26.0
g-xTB,Sella,0.1,26.0
g-xTB,Sella,0.1,26.0
g-xTB,Sella,0.1,37.0
g-xTB,Sella,0.1,43.0
g-xTB,Sella,0.1,48.0
g-xTB,Sella,0.2,6.0
g-xTB,Sella,0.2,6.0
g-xTB,Sella,0.2,6.0
g-xTB,Sella,0.2,6.0
g-xTB,Sella,0.2,6.0
g-xTB,Sella,0.2,6.0
g-xTB,Sella,0.2,6.0
g-xTB,Sella,0.2,7.0
g-xTB,Sella,0.2,7.0
g-xTB,Sella,0.2,7.0
g-xTB,Sella,0.2,7.0
g-xTB,Sella,0.2,7.0
g-xTB,Sella,0.2,7.0
g-xTB,Sella,0.2,7.0
g-xTB,Sella,0.2,7.0
g-xTB,Sella,0.2,7.0
g-xTB,Sella,0.2,7.0
g-xTB,Sella,0.2,7.0
g-xTB,Sella,0.2,7.0
g-xTB,Sella,0.2,7.0
g-xTB,Sella,0.2,7.0
g-xTB,Sella,0.2,7.0
g-xTB,Sella,0.2,7.0
g-xTB,Sella,0.2,7.0
g-xTB,Sella,0.2,7.0
g-xTB,Sella,0.2,8.0
g-xTB,Sella,0.2,8.0
g-xTB,Sella,0.2,8.0
g-xTB,Sella,0.2,8.0
g-xTB,Sella,0.2,8.0
g-xTB,Sella,0.2,8.0
g-xTB,Sella,0.2,8.0
g-xTB,Sella,0.2,8.0
g-xTB,Sella,0.2,8.0
g-xTB,Sella,0.2,8.0
g-xTB,Sella,0.2,8.0
g-xTB,Sella,0.2,8.0
g-xTB,Sella,0.2,8.0
g-xTB,Sella,0.2,8.0
g-xTB,Sella,0.2,8.0
g-xTB,Sella,0.2,8.0
g-xTB,Sella,0.2,8.0
g-xTB,Sella,0.2,8.0
g-xTB,Sella,0.2,8.0
g-xTB,Sella,0.2,8.0
g-xTB,Sella,0.2,8.0
g-xTB,Sella,0.2,8.0
g-xTB,Sella,0.2,8.0
g-xTB,Sella,0.2,8.0
g-xTB,Sella,0.2,8.0
g-xTB,Sella,0.2,8.0
g-xTB,Sella,0.2,8.0
g-xTB,Sella,0.2,8.0
g-xTB,Sella,0.2,8.0
g-xTB,Sella,0.2,8.0
g-xTB,Sella,0.2,8.0
g-xTB,Sella,0.2,9.0
g-xTB,Sella,0.2,9.0
g-xTB,Sella,0.2,9.0
g-xTB,Sella,0.2,9.0
g-xTB,Sella,0.2,9.0
g-xTB,Sella,0.2,9.0
g-xTB,Sella,0.2,9.0
g-xTB,Sella,0.2,9.0
g-xTB,Sella,0.2,9.0
g-xTB,Sella,0.2,9.0
g-xTB,Sella,0.2,9.0
g-xTB,Sella,0.2,9.0
g-xTB,Sella,0.2,9.0
g-xTB,Sella,0.2,9.0
g-xTB,Sella,0.2,9.0
g-xTB,Sella,0.2,9.0
g-xTB,Sella,0.2,9.0
g-xTB,Sella,0.2,9.0
g-xTB,Sella,0.2,9.0
g-xTB,Sella,0.2,9.0
g-xTB,Sella,0.2,10.0
g-xTB,Sella,0.2,10.0
g-xTB,Sella,0.2,10.0
g-xTB,Sella,0.2,10.0
g-xTB,Sella,0.2,10.0
g-xTB,Sella,0.2,10.0
g-xTB,Sella,0.2,10.0
g-xTB,Sella,0.2,10.0
g-xTB,Sella,0.2,10.0
g-xTB,Sella,0.2,10.0
g-xTB,Sella,0.2,10.0
g-xTB,Sella,0.2,10.0
g-xTB,Sella,0.2,10.0
g-xTB,Sella,0.2,10.0
g-xTB,Sella,0.2,10.0
g-xTB,Sella,0.2,10.0
g-xTB,Sella,0.2,10.0
g-xTB,Sella,0.2,10.0
g-xTB,Sella,0.2,10.0
g-xTB,Sella,0.2,11.0
g-xTB,Sella,0.2,11.0
g-xTB,Sella,0.2,11.0
g-xTB,Sella,0.2,11.0
g-xTB,Sella,0.2,11.0
g-xTB,Sella,0.2,11.0
g-xTB,Sella,0.2,11.0
g-xTB,Sella,0.2,11.0
g-xTB,Sella,0.2,11.0
g-xTB,Sella,0.2,11.0
g-xTB,Sella,0.2,12.0
g-xTB,Sella,0.2,12.0
g-xTB,Sella,0.2,12.0
g-xTB,Sella,0.2,12.0
g-xTB,Sella,0.2,12.0
g-xTB,Sella,0.2,12.0
g-xTB,Sella,0.2,12.0
g-xTB,Sella,0.2,12.0
g-xTB,Sella,0.2,12.0
g-xTB,Sella,0.2,12.0
g-xTB,Sella,0.2,12.0
g-xTB,Sella,0.2,12.0
g-xTB,Sella,0.2,13.0
g-xTB,Sella,0.2,13.0
g-xTB,Sella,0.2,13.0
g-xTB,Sella,0.2,13.0
g-xTB,Sella,0.2,14.0
g-xTB,Sella,0.2,14.0
g-xTB,Sella,0.2,14.0
g-xTB,Sella,0.2,14.0
g-xTB,Sella,0.2,14.0
g-xTB,Sella,0.2,14.0
g-xTB,Sella,0.2,14.0
g-xTB,Sella,0.2,14.0
g-xTB,Sella,0.2,14.0
g-xTB,Sella,0.2,15.0
g-xTB,Sella,0.2,15.0
g-xTB,Sella,0.2,15.0
g-xTB,Sella,0.2,15.0
g-xTB,Sella,0.2,15.0
g-xTB,Sella,0.2,15.0
g-xTB,Sella,0.2,15.0
g-xTB,Sella,0.2,15.0
g-xTB,Sella,0.2,15.0
g-xTB,Sella,0.2,15.0
g-xTB,Sella,0.2,15.0
g-xTB,Sella,0.2,15.0
g-xTB,Sella,0.2,15.0
g-xTB,Sella,0.2,15.0
g-xTB,Sella,0.2,15.0
g-xTB,Sella,0.2,16.0
g-xTB,Sella,0.2,16.0
g-xTB,Sella,0.2,16.0
g-xTB,Sella,0.2,16.0
g-xTB,Sella,0.2,16.0
g-xTB,Sella,0.2,16.0
g-xTB,Sella,0.2,16.0
g-xTB,Sella,0.2,16.0
g-xTB,Sella,0.2,17.0
g-xTB,Sella,0.2,17.0
g-xTB,Sella,0.2,17.0
g-xTB,Sella,0.2,17.0
g-xTB,Sella,0.2,17.0
g-xTB,Sella,0.2,17.0
g-xTB,Sella,0.2,17.0
g-xTB,Sella,0.2,17.0
g-xTB,Sella,0.2,17.0
g-xTB,Sella,0.2,17.0
g-xTB,Sella,0.2,18.0
g-xTB,Sella,0.2,18.0
g-xTB,Sella,0.2,18.0
g-xTB,Sella,0.2,18.0
g-xTB,Sella,0.2,18.0
g-xTB,Sella,0.2,19.0
g-xTB,Sella,0.2,19.0
g-xTB,Sella,0.2,19.0
g-xTB,Sella,0.2,20.0
g-xTB,Sella,0.2,20.0
g-xTB,Sella,0.2,20.0
g-xTB,Sella,0.2,20.0
g-xTB,Sella,0.2,20.0
g-xTB,Sella,0.2,20.0
g-xTB,Sella,0.2,20.0
g-xTB,Sella,0.2,20.0
g-xTB,Sella,0.2,21.0
g-xTB,Sella,0.2,21.0
g-xTB,Sella,0.2,21.0
g-xTB,Sella,0.2,21.0
g-xTB,Sella,0.2,21.0
g-xTB,Sella,0.2,21.0
g-xTB,Sella,0.2,21.0
g-xTB,Sella,0.2,22.0
g-xTB,Sella,0.2,22.0
g-xTB,Sella,0.2,22.0
g-xTB,Sella,0.2,22.0
g-xTB,Sella,0.2,22.0
g-xTB,Sella,0.2,23.0
g-xTB,Sella,0.2,23.0
g-xTB,Sella,0.2,23.0
g-xTB,Sella,0.2,23.0
g-xTB,Sella,0.2,23.0
g-xTB,Sella,0.2,23.0
g-xTB,Sella,0.2,23.0
g-xTB,Sella,0.2,23.0
g-xTB,Sella,0.2,23.0
g-xTB,Sella,0.2,23.0
g-xTB,Sella,0.2,23.0
g-xTB,Sella,0.2,24.0
g-xTB,Sella,0.2,24.0
g-xTB,Sella,0.2,24.0
g-xTB,Sella,0.2,24.0
g-xTB,Sella,0.2,24.0
g-xTB,Sella,0.2,24.0
g-xTB,Sella,0.2,25.0
g-xTB,Sella,0.2,25.0
g-xTB,Sella,0.2,25.0
g-xTB,Sella,0.2,25.0
g-xTB,Sella,0.2,26.0
g-xTB,Sella,0.2,26.0
g-xTB,Sella,0.2,26.0
g-xTB,Sella,0.2,26.0
g-xTB,Sella,0.2,26.0
g-xTB,Sella,0.2,26.0
g-xTB,Sella,0.2,26.0
g-xTB,Sella,0.2,27.0
g-xTB,Sella,0.2,27.0
g-xTB,Sella,0.2,27.0
g-xTB,Sella,0.2,28.0
g-xTB,Sella,0.2,28.0
g-xTB,Sella,0.2,28.0
g-xTB,Sella,0.2,28.0
g-xTB,Sella,0.2,29.0
g-xTB,Sella,0.2,29.0
g-xTB,Sella,0.2,30.0
g-xTB,Sella,0.2,30.0
g-xTB,Sella,0.2,30.0
g-xTB,Sella,0.2,31.0
g-xTB,Sella,0.2,31.0
g-xTB,Sella,0.2,31.0
g-xTB,Sella,0.2,32.0
g-xTB,Sella,0.2,32.0
g-xTB,Sella,0.2,33.0
g-xTB,Sella,0.2,34.0
g-xTB,Sella,0.2,34.0
g-xTB,Sella,0.2,34.0
g-xTB,Sella,0.2,34.0
g-xTB,Sella,0.2,34.0
g-xTB,Sella,0.2,35.0
g-xTB,Sella,0.2,35.0
g-xTB,Sella,0.2,37.0
g-xTB,Sella,0.2,37.0
g-xTB,Sella,0.2,37.0
g-xTB,Sella,0.2,38.0
g-xTB,Sella,0.2,45.0
g-xTB,Sella,0.2,49.0
g-xTB,Sella,0.2,49.0
g-xTB,Sella,0.2,50.0
g-xTB,Sella,0.2,50.0
g-xTB,Sella,0.2,53.0
g-xTB,Sella,0.2,53.0
g-xTB,Sella,0.2,55.0
g-xTB,Sella,0.2,56.0
g-xTB,Sella,0.2,61.0
g-xTB,Sella,0.2,71.0
g-xTB,Sella,0.2,77.0
g-xTB,Sella,0.2,134.0
g-xTB,Sella,0.5,11.0
g-xTB,Sella,0.5,12.0
g-xTB,Sella,0.5,14.0
g-xTB,Sella,0.5,15.0
g-xTB,Sella,0.5,16.0
g-xTB,Sella,0.5,16.0
g-xTB,Sella,0.5,16.0
g-xTB,Sella,0.5,16.0
g-xTB,Sella,0.5,16.0
g-xTB,Sella,0.5,16.0
g-xTB,Sella,0.5,17.0
g-xTB,Sella,0.5,17.0
g-xTB,Sella,0.5,17.0
g-xTB,Sella,0.5,17.0
g-xTB,Sella,0.5,18.0
g-xTB,Sella,0.5,18.0
g-xTB,Sella,0.5,19.0
g-xTB,Sella,0.5,19.0
g-xTB,Sella,0.5,19.0
g-xTB,Sella,0.5,19.0
g-xTB,Sella,0.5,19.0
g-xTB,Sella,0.5,20.0
g-xTB,Sella,0.5,20.0
g-xTB,Sella,0.5,20.0
g-xTB,Sella,0.5,20.0
g-xTB,Sella,0.5,20.0
g-xTB,Sella,0.5,20.0
g-xTB,Sella,0.5,21.0
g-xTB,Sella,0.5,21.0
g-xTB,Sella,0.5,21.0
g-xTB,Sella,0.5,21.0
g-xTB,Sella,0.5,21.0
g-xTB,Sella,0.5,22.0
g-xTB,Sella,0.5,22.0
g-xTB,Sella,0.5,22.0
g-xTB,Sella,0.5,22.0
g-xTB,Sella,0.5,22.0
g-xTB,Sella,0.5,22.0
g-xTB,Sella,0.5,23.0
g-xTB,Sella,0.5,23.0
g-xTB,Sella,0.5,23.0
g-xTB,Sella,0.5,23.0
g-xTB,Sella,0.5,23.0
g-xTB,Sella,0.5,24.0
g-xTB,Sella,0.5,24.0
g-xTB,Sella,0.5,24.0
g-xTB,Sella,0.5,24.0
g-xTB,Sella,0.5,24.0
g-xTB,Sella,0.5,24.0
g-xTB,Sella,0.5,24.0
g-xTB,Sella,0.5,24.0
g-xTB,Sella,0.5,24.0
g-xTB,Sella,0.5,25.0
g-xTB,Sella,0.5,25.0
g-xTB,Sella,0.5,25.0
g-xTB,Sella,0.5,25.0
g-xTB,Sella,0.5,26.0
g-xTB,Sella,0.5,26.0
g-xTB,Sella,0.5,26.0
g-xTB,Sella,0.5,26.0
g-xTB,Sella,0.5,26.0
g-xTB,Sella,0.5,26.0
g-xTB,Sella,0.5,27.0
g-xTB,Sella,0.5,27.0
g-xTB,Sella,0.5,27.0
g-xTB,Sella,0.5,27.0
g-xTB,Sella,0.5,27.0
g-xTB,Sella,0.5,27.0
g-xTB,Sella,0.5,27.0
g-xTB,Sella,0.5,28.0
g-xTB,Sella,0.5,28.0
g-xTB,Sella,0.5,28.0
g-xTB,Sella,0.5,28.0
g-xTB,Sella,0.5,28.0
g-xTB,Sella,0.5,28.0
g-xTB,Sella,0.5,28.0
g-xTB,Sella,0.5,28.0
g-xTB,Sella,0.5,28.0
g-xTB,Sella,0.5,28.0
g-xTB,Sella,0.5,29.0
g-xTB,Sella,0.5,29.0
g-xTB,Sella,0.5,30.0
g-xTB,Sella,0.5,30.0
g-xTB,Sella,0.5,30.0
g-xTB,Sella,0.5,30.0
g-xTB,Sella,0.5,30.0
g-xTB,Sella,0.5,30.0
g-xTB,Sella,0.5,30.0
g-xTB,Sella,0.5,30.0
g-xTB,Sella,0.5,31.0
g-xTB,Sella,0.5,31.0
g-xTB,Sella,0.5,31.0
g-xTB,Sella,0.5,31.0
g-xTB,Sella,0.5,31.0
g-xTB,Sella,0.5,31.0
g-xTB,Sella,0.5,31.0
g-xTB,Sella,0.5,32.0
g-xTB,Sella,0.5,32.0
g-xTB,Sella,0.5,32.0
g-xTB,Sella,0.5,32.0
g-xTB,Sella,0.5,32.0
g-xTB,Sella,0.5,32.0
g-xTB,Sella,0.5,32.0
g-xTB,Sella,0.5,32.0
g-xTB,Sella,0.5,32.0
g-xTB,Sella,0.5,32.0
g-xTB,Sella,0.5,33.0
g-xTB,Sella,0.5,33.0
g-xTB,Sella,0.5,33.0
g-xTB,Sella,0.5,33.0
g-xTB,Sella,0.5,33.0
g-xTB,Sella,0.5,33.0
g-xTB,Sella,0.5,33.0
g-xTB,Sella,0.5,33.0
g-xTB,Sella,0.5,34.0
g-xTB,Sella,0.5,34.0
g-xTB,Sella,0.5,34.0
g-xTB,Sella,0.5,34.0
g-xTB,Sella,0.5,34.0
g-xTB,Sella,0.5,35.0
g-xTB,Sella,0.5,35.0
g-xTB,Sella,0.5,35.0
g-xTB,Sella,0.5,35.0
g-xTB,Sella,0.5,35.0
g-xTB,Sella,0.5,35.0
g-xTB,Sella,0.5,36.0
g-xTB,Sella,0.5,36.0
g-xTB,Sella,0.5,36.0
g-xTB,Sella,0.5,36.0
g-xTB,Sella,0.5,36.0
g-xTB,Sella,0.5,36.0
g-xTB,Sella,0.5,37.0
g-xTB,Sella,0.5,37.0
g-xTB,Sella,0.5,38.0
g-xTB,Sella,0.5,38.0
g-xTB,Sella,0.5,38.0
g-xTB,Sella,0.5,38.0
g-xTB,Sella,0.5,38.0
g-xTB,Sella,0.5,38.0
g-xTB,Sella,0.5,38.0
g-xTB,Sella,0.5,38.0
g-xTB,Sella,0.5,39.0
g-xTB,Sella,0.5,39.0
g-xTB,Sella,0.5,40.0
g-xTB,Sella,0.5,40.0
g-xTB,Sella,0.5,40.0
g-xTB,Sella,0.5,40.0
g-xTB,Sella,0.5,40.0
g-xTB,Sella,0.5,41.0
g-xTB,Sella,0.5,41.0
g-xTB,Sella,0.5,41.0
g-xTB,Sella,0.5,41.0
g-xTB,Sella,0.5,41.0
g-xTB,Sella,0.5,42.0
g-xTB,Sella,0.5,42.0
g-xTB,Sella,0.5,42.0
g-xTB,Sella,0.5,43.0
g-xTB,Sella,0.5,43.0
g-xTB,Sella,0.5,43.0
g-xTB,Sella,0.5,43.0
g-xTB,Sella,0.5,43.0
g-xTB,Sella,0.5,44.0
g-xTB,Sella,0.5,45.0
g-xTB,Sella,0.5,45.0
g-xTB,Sella,0.5,46.0
g-xTB,Sella,0.5,46.0
g-xTB,Sella,0.5,47.0
g-xTB,Sella,0.5,47.0
g-xTB,Sella,0.5,47.0
g-xTB,Sella,0.5,48.0
g-xTB,Sella,0.5,49.0
g-xTB,Sella,0.5,51.0
g-xTB,Sella,0.5,52.0
g-xTB,Sella,0.5,52.0
g-xTB,Sella,0.5,52.0
g-xTB,Sella,0.5,53.0
g-xTB,Sella,0.5,55.0
g-xTB,Sella,0.5,56.0
g-xTB,Sella,0.5,56.0
g-xTB,Sella,0.5,56.0
g-xTB,Sella,0.5,57.0
g-xTB,Sella,0.5,58.0
g-xTB,Sella,0.5,61.0
g-xTB,Sella,0.5,61.0
g-xTB,Sella,0.5,65.0
g-xTB,Sella,0.5,66.0
g-xTB,Sella,0.5,66.0
g-xTB,Sella,0.5,66.0
g-xTB,Sella,0.5,66.0
g-xTB,Sella,0.5,66.0
g-xTB,Sella,0.5,67.0
g-xTB,Sella,0.5,68.0
g-xTB,Sella,0.5,68.0
g-xTB,Sella,0.5,71.0
g-xTB,Sella,0.5,75.0
g-xTB,Sella,0.5,76.0
g-xTB,Sella,0.5,83.0
g-xTB,Sella,0.5,85.0
g-xTB,Sella,0.5,111.0
g-xTB,Sella,0.5,161.0
g-xTB,Sella,0.5,190.0
g-xTB,Sella,0.5,380.0
g-xTB,Sella,1.0,18.0
g-xTB,Sella,1.0,18.0
g-xTB,Sella,1.0,19.0
g-xTB,Sella,1.0,21.0
g-xTB,Sella,1.0,21.0
g-xTB,Sella,1.0,23.0
g-xTB,Sella,1.0,24.0
g-xTB,Sella,1.0,25.0
g-xTB,Sella,1.0,27.0
g-xTB,Sella,1.0,27.0
g-xTB,Sella,1.0,28.0
g-xTB,Sella,1.0,28.0
g-xTB,Sella,1.0,29.0
g-xTB,Sella,1.0,29.0
g-xTB,Sella,1.0,29.0
g-xTB,Sella,1.0,30.0
g-xTB,Sella,1.0,30.0
g-xTB,Sella,1.0,30.0
g-xTB,Sella,1.0,31.0
g-xTB,Sella,1.0,31.0
g-xTB,Sella,1.0,31.0
g-xTB,Sella,1.0,32.0
g-xTB,Sella,1.0,33.0
g-xTB,Sella,1.0,34.0
g-xTB,Sella,1.0,34.0
g-xTB,Sella,1.0,35.0
g-xTB,Sella,1.0,37.0
g-xTB,Sella,1.0,37.0
g-xTB,Sella,1.0,38.0
g-xTB,Sella,1.0,39.0
g-xTB,Sella,1.0,39.0
g-xTB,Sella,1.0,39.0
g-xTB,Sella,1.0,40.0
g-xTB,Sella,1.0,40.0
g-xTB,Sella,1.0,40.0
g-xTB,Sella,1.0,41.0
g-xTB,Sella,1.0,42.0
g-xTB,Sella,1.0,42.0
g-xTB,Sella,1.0,43.0
g-xTB,Sella,1.0,43.0
g-xTB,Sella,1.0,44.0
g-xTB,Sella,1.0,44.0
g-xTB,Sella,1.0,45.0
g-xTB,Sella,1.0,45.0
g-xTB,Sella,1.0,46.0
g-xTB,Sella,1.0,46.0
g-xTB,Sella,1.0,47.0
g-xTB,Sella,1.0,48.0
g-xTB,Sella,1.0,48.0
g-xTB,Sella,1.0,48.0
g-xTB,Sella,1.0,49.0
g-xTB,Sella,1.0,50.0
g-xTB,Sella,1.0,51.0
g-xTB,Sella,1.0,51.0
g-xTB,Sella,1.0,52.0
g-xTB,Sella,1.0,53.0
g-xTB,Sella,1.0,54.0
g-xTB,Sella,1.0,56.0
g-xTB,Sella,1.0,56.0
g-xTB,Sella,1.0,57.0
g-xTB,Sella,1.0,58.0
g-xTB,Sella,1.0,59.0
g-xTB,Sella,1.0,59.0
g-xTB,Sella,1.0,60.0
g-xTB,Sella,1.0,60.0
g-xTB,Sella,1.0,61.0
g-xTB,Sella,1.0,62.0
g-xTB,Sella,1.0,63.0
g-xTB,Sella,1.0,63.0
g-xTB,Sella,1.0,63.0
g-xTB,Sella,1.0,63.0
g-xTB,Sella,1.0,63.0
g-xTB,Sella,1.0,64.0
g-xTB,Sella,1.0,67.0
g-xTB,Sella,1.0,67.0
g-xTB,Sella,1.0,70.0
g-xTB,Sella,1.0,70.0
g-xTB,Sella,1.0,73.0
g-xTB,Sella,1.0,73.0
g-xTB,Sella,1.0,74.0
g-xTB,Sella,1.0,76.0
g-xTB,Sella,1.0,76.0
g-xTB,Sella,1.0,84.0
g-xTB,Sella,1.0,98.0
g-xTB,Sella,1.0,107.0
g-xTB,Sella,1.0,112.0
g-xTB,Sella,1.0,317.0
g-xTB,Sella,2.0,48.0
g-xTB,Sella,2.0,53.0
g-xTB,Sella,2.0,62.0
g-xTB,Sella,2.0,636.0
